Date,WTI,Brent,beta,spread,z,mr_regime,risk_scale,position,net_log_ret,equity,period,config_version,frozen_date
2019-01-02,46.540000915527344,54.90999984741211,1.0,0.1653833009659249,,False,1.0,0.0,,1.0,development_2019_2021,frozen_step_1_v1,2026-07-22
2019-01-03,47.09000015258789,55.95000076293945,1.0447216965825288,0.00012709250897824376,,False,1.0,0.0,0.0,1.0,development_2019_2021,frozen_step_1_v1,2026-07-22
2019-01-04,47.959999084472656,57.060001373291016,1.0448054992100253,0.00032231928427428613,,False,1.0,0.0,0.0,1.0,development_2019_2021,frozen_step_1_v1,2026-07-22
2019-01-07,48.52000045776367,57.33000183105469,1.044162870515217,-0.0045912222121042845,,False,1.492235060074035,0.0,-0.0,1.0,development_2019_2021,frozen_step_1_v1,2026-07-22
2019-01-08,49.779998779296875,58.720001220703125,1.0436955387259297,-0.005578134393560141,,False,0.9011411771710489,0.0,-0.0,1.0,development_2019_2021,frozen_step_1_v1,2026-07-22
2019-01-09,52.36000061035156,61.439998626708984,1.0430748726864365,-0.010578389973058044,,False,1.0968457412167698,0.0,-0.0,1.0,development_2019_2021,frozen_step_1_v1,2026-07-22
2019-01-10,52.59000015258789,61.68000030517578,1.0425443319334255,-0.009149277334686623,,False,1.1002199425723997,0.0,-0.0,1.0,development_2019_2021,frozen_step_1_v1,2026-07-22
2019-01-11,51.59000015258789,60.47999954223633,1.0422148951245909,-0.0074823058882200755,,False,1.237358514578468,0.0,0.0,1.0,development_2019_2021,frozen_step_1_v1,2026-07-22
2019-01-14,50.5099983215332,58.9900016784668,1.041880472192389,-0.009065722980709623,,False,1.3470348905136342,0.0,-0.0,1.0,development_2019_2021,frozen_step_1_v1,2026-07-22
2019-01-15,52.11000061035156,60.63999938964844,1.0414786599913655,-0.01238209524126166,,False,1.4735580713666072,0.0,-0.0,1.0,development_2019_2021,frozen_step_1_v1,2026-07-22
2019-01-16,52.310001373291016,61.31999969482422,1.0413324858972797,-0.004641934602116926,,False,1.543849737549456,0.0,0.0,1.0,development_2019_2021,frozen_step_1_v1,2026-07-22
2019-01-17,52.06999969482422,61.18000030517578,1.0412758000934748,-0.0019148894218812273,,False,1.2407469776004925,0.0,0.0,1.0,development_2019_2021,frozen_step_1_v1,2026-07-22
2019-01-18,53.79999923706055,62.70000076293945,1.04102134945931,-0.010393288185618133,,False,1.2891533205677872,0.0,-0.0,1.0,development_2019_2021,frozen_step_1_v1,2026-07-22
2019-01-22,52.56999969482422,61.5,1.040901568142824,-0.005166402833129524,,False,1.1536762542853194,0.0,0.0,1.0,development_2019_2021,frozen_step_1_v1,2026-07-22
2019-01-23,52.619998931884766,61.13999938964844,1.040647883021388,-0.0110214218221385,,False,1.1365504878189587,0.0,-0.0,1.0,development_2019_2021,frozen_step_1_v1,2026-07-22
2019-01-24,53.130001068115234,61.09000015258789,1.0402039060930512,-0.0201133080809921,,False,1.1336847690230056,0.0,-0.0,1.0,development_2019_2021,frozen_step_1_v1,2026-07-22
2019-01-25,53.689998626708984,61.63999938964844,1.0397959541212884,-0.02043204686050082,,False,1.0490312359938747,0.0,-0.0,1.0,development_2019_2021,frozen_step_1_v1,2026-07-22
2019-01-28,51.9900016784668,59.93000030517578,1.0395515437661431,-0.014144388463257052,,False,1.1072823500467188,0.0,0.0,1.0,development_2019_2021,frozen_step_1_v1,2026-07-22
2019-01-29,53.310001373291016,61.31999969482422,1.039275650269842,-0.016182761517077537,,False,1.069265495049735,0.0,-0.0,1.0,development_2019_2021,frozen_step_1_v1,2026-07-22
2019-01-30,54.22999954223633,61.650001525878906,1.0387995059592943,-0.026696514224102685,,False,1.121561606377073,0.0,-0.0,1.0,development_2019_2021,frozen_step_1_v1,2026-07-22
2019-01-31,53.790000915527344,61.88999938964844,1.0385692591585283,-0.013430863571795904,,False,1.0181731216267769,0.0,0.0,1.0,development_2019_2021,frozen_step_1_v1,2026-07-22
2019-02-01,55.2599983215332,61.869998931884766,1.037910406294307,-0.03911231546561744,,False,0.855500580837966,0.0,-0.0,1.0,development_2019_2021,frozen_step_1_v1,2026-07-22
2019-02-04,54.560001373291016,62.5099983215332,1.0376842695562294,-0.014685259992034183,,False,0.6031068249322028,0.0,0.0,1.0,development_2019_2021,frozen_step_1_v1,2026-07-22
2019-02-05,53.65999984741211,61.97999954223633,1.0376002502974164,-0.0056054048963938286,,False,0.49791245404237156,0.0,0.0,1.0,development_2019_2021,frozen_step_1_v1,2026-07-22
2019-02-06,54.0099983215332,62.689998626708984,1.0375871730252344,-0.0009088524762148609,,False,0.5061154355896278,0.0,0.0,1.0,development_2019_2021,frozen_step_1_v1,2026-07-22
2019-02-07,52.63999938964844,61.630001068115234,1.037699455925988,0.008251607724027998,,False,0.5243254084625587,0.0,0.0,1.0,development_2019_2021,frozen_step_1_v1,2026-07-22
2019-02-08,52.720001220703125,62.099998474121094,1.037887544217169,0.01352713091905322,,False,0.5321794416931278,0.0,0.0,1.0,development_2019_2021,frozen_step_1_v1,2026-07-22
2019-02-11,52.40999984741211,61.5099983215332,1.0380165859473658,0.009590959072365735,,False,0.5498079307428323,0.0,-0.0,1.0,development_2019_2021,frozen_step_1_v1,2026-07-22
2019-02-12,53.099998474121094,62.41999816894531,1.0381481324021682,0.010177677708850474,,False,0.5691778026936002,0.0,0.0,1.0,development_2019_2021,frozen_step_1_v1,2026-07-22
2019-02-13,53.900001525878906,63.61000061035156,1.038309736128915,0.012894276456529852,,False,0.5924100984086124,0.0,0.0,1.0,development_2019_2021,frozen_step_1_v1,2026-07-22
2019-02-14,54.40999984741211,64.56999969482422,1.0385270246740634,0.01722684244154049,0.5558862587965253,False,0.614764894896514,0.0,0.0,1.0,development_2019_2021,frozen_step_1_v1,2026-07-22
2019-02-15,55.59000015258789,66.25,1.0387620179877493,0.01968621573748308,2.099556626676751,False,0.634844609869605,0.0,0.0,1.0,development_2019_2021,frozen_step_1_v1,2026-07-22
2019-02-19,56.09000015258789,66.44999694824219,1.038928969026788,0.0127268874031774,1.39223366718597,False,0.6585504835144557,0.0,-0.0,1.0,development_2019_2021,frozen_step_1_v1,2026-07-22
2019-02-20,56.91999816894531,67.08000183105469,1.039011358146381,0.006569094682491894,0.8710971698095991,False,0.6679950770018466,0.0,-0.0,1.0,development_2019_2021,frozen_step_1_v1,2026-07-22
2019-02-21,56.959999084472656,67.06999969482422,1.039081122522371,0.005408048173238811,0.7492258696933988,False,0.6811332434105482,0.0,-0.0,1.0,development_2019_2021,frozen_step_1_v1,2026-07-22
2019-02-22,57.2599983215332,67.12000274658203,1.0390894837289768,0.0006611496340447331,0.3753605297602095,False,0.7067670096933317,0.0,-0.0,1.0,development_2019_2021,frozen_step_1_v1,2026-07-22
2019-02-25,55.47999954223633,64.76000213623047,1.039065799489847,-0.002223558537429504,0.14157249419521054,False,0.725339371318856,0.0,-0.0,1.0,development_2019_2021,frozen_step_1_v1,2026-07-22
2019-02-26,55.5,65.20999908447266,1.0391154226533086,0.004127277218743508,0.5825184807256746,False,0.7497153929648339,0.0,0.0,1.0,development_2019_2021,frozen_step_1_v1,2026-07-22
2019-02-27,56.939998626708984,66.38999938964844,1.0390658114505593,-0.004355558200909826,-0.055904034953250574,False,0.7594082073987771,0.0,-0.0,1.0,development_2019_2021,frozen_step_1_v1,2026-07-22
2019-02-28,57.220001220703125,66.02999877929688,1.038895541059559,-0.014200844832738646,-0.775086834126563,False,0.7568825316194291,0.0,-0.0,1.0,development_2019_2021,frozen_step_1_v1,2026-07-22
2019-03-01,55.79999923706055,65.06999969482422,1.038865905281714,-0.00262012863825678,0.061575187836143914,False,0.7462682788131401,0.0,0.0,1.0,development_2019_2021,frozen_step_1_v1,2026-07-22
2019-03-04,56.59000015258789,65.66999816894531,1.0387770805368353,-0.007687915422406988,-0.30642460176906455,False,0.7180887901522056,0.0,-0.0,1.0,development_2019_2021,frozen_step_1_v1,2026-07-22
2019-03-05,56.560001373291016,65.86000061035156,1.0387292669229045,-0.00405504970192716,-0.03224844856261281,False,0.7353923155335549,0.0,0.0,1.0,development_2019_2021,frozen_step_1_v1,2026-07-22
2019-03-06,56.220001220703125,65.98999786376953,1.038775956944146,0.003991695474781842,0.5307442815480266,False,0.7561221349299841,0.0,0.0,1.0,development_2019_2021,frozen_step_1_v1,2026-07-22
2019-03-07,56.65999984741211,66.30000305175781,1.0387823105235618,0.000554607661660711,0.2606588380864429,False,0.7554687023885122,0.0,-0.0,1.0,development_2019_2021,frozen_step_1_v1,2026-07-22
2019-03-08,56.06999969482422,65.73999786376953,1.0388137274708893,0.002819240899333053,0.39700564979743463,False,0.7774615136918452,0.0,0.0,1.0,development_2019_2021,frozen_step_1_v1,2026-07-22
2019-03-11,56.790000915527344,66.58000183105469,1.0388373563231448,0.0021659155138760156,0.3030059252779854,False,0.8028678558304742,0.0,-0.0,1.0,development_2019_2021,frozen_step_1_v1,2026-07-22
2019-03-12,56.869998931884766,66.66999816894531,1.038859843334379,0.0019634974309425957,0.24029738491679173,False,0.8313332295576515,0.0,-0.0,1.0,development_2019_2021,frozen_step_1_v1,2026-07-22
2019-03-13,58.2599983215332,67.55000305175781,1.038755999938029,-0.009587486635266096,-0.694181113525379,False,0.8609257032957406,0.0,-0.0,1.0,development_2019_2021,frozen_step_1_v1,2026-07-22
2019-03-14,58.61000061035156,67.2300033569336,1.0385351242425114,-0.019658557580260805,-1.5191971755358855,False,0.8174872618253729,0.0,-0.0,1.0,development_2019_2021,frozen_step_1_v1,2026-07-22
2019-03-15,58.52000045776367,67.16000366210938,1.038327922186404,-0.01826113967116072,-1.4794960267459871,False,0.7989270887540099,0.0,0.0,1.0,development_2019_2021,frozen_step_1_v1,2026-07-22
2019-03-18,59.09000015258789,67.54000091552734,1.0380881466622591,-0.021705580003541947,-1.7187217958195877,False,0.8255680398864854,0.0,-0.0,1.0,development_2019_2021,frozen_step_1_v1,2026-07-22
2019-03-19,59.029998779296875,67.61000061035156,1.0378776835905585,-0.018756785732941594,-1.7482590168902965,False,0.8499033758265625,0.0,0.0,1.0,development_2019_2021,frozen_step_1_v1,2026-07-22
2019-03-20,59.83000183105469,68.5,1.0376782821740733,-0.018834456968912505,-1.708902590232056,False,0.8729911163955424,0.0,-0.0,1.0,development_2019_2021,frozen_step_1_v1,2026-07-22
2019-03-21,59.97999954223633,67.86000061035156,1.037360464989082,-0.029518558159196573,-2.5228367853736127,False,0.9037279706178794,0.0,-0.0,1.0,development_2019_2021,frozen_step_1_v1,2026-07-22
2019-03-22,59.040000915527344,67.02999877929688,1.03710283001772,-0.024388258825963405,-1.8133435177141168,False,0.8672486560792151,0.0,0.0,1.0,development_2019_2021,frozen_step_1_v1,2026-07-22
2019-03-25,58.81999969482422,67.20999908447266,1.0369149381905716,-0.01706914410598248,-1.1061385494056015,False,0.8773654325953746,0.0,0.0,1.0,development_2019_2021,frozen_step_1_v1,2026-07-22
2019-03-26,59.939998626708984,67.97000122070312,1.03665745516019,-0.02432916522348183,-1.5872234936253742,False,0.8710307076051651,0.0,-0.0,1.0,development_2019_2021,frozen_step_1_v1,2026-07-22
2019-03-27,59.40999984741211,67.83000183105469,1.036476594730569,-0.016445243332492865,-0.8832335335850194,False,0.8716325806495975,0.0,0.0,1.0,development_2019_2021,frozen_step_1_v1,2026-07-22
2019-03-28,59.29999923706055,67.81999969482422,1.036321747683396,-0.014039665575461768,-0.6449436404703702,False,0.861160662196953,0.0,0.0,1.0,development_2019_2021,frozen_step_1_v1,2026-07-22
2019-03-29,60.13999938964844,68.38999938964844,1.0361161179286513,-0.019404564687717674,-1.0078426289305333,False,0.8871052519736939,0.0,-0.0,1.0,development_2019_2021,frozen_step_1_v1,2026-07-22
2019-04-01,61.59000015258789,69.01000213623047,1.03575957814651,-0.03359539425446911,-2.10181447885038,False,0.9000394237507402,0.0,-0.0,1.0,development_2019_2021,frozen_step_1_v1,2026-07-22
2019-04-02,62.58000183105469,69.37000274658203,1.0352943548519018,-0.042984415253521924,-2.7656324719053846,False,0.8188031261164277,0.0,-0.0,1.0,development_2019_2021,frozen_step_1_v1,2026-07-22
2019-04-03,62.459999084472656,69.30999755859375,1.0348541260619641,-0.04004247865484434,-2.2342573762388804,False,0.8086919203878503,0.0,0.0,1.0,development_2019_2021,frozen_step_1_v1,2026-07-22
2019-04-04,62.099998474121094,69.4000015258789,1.0345125620539264,-0.03135267616878057,-1.37916826027753,False,0.8304506069044665,0.0,0.0,1.0,development_2019_2021,frozen_step_1_v1,2026-07-22
2019-04-05,63.08000183105469,70.33999633789062,1.03417556739976,-0.03270056723479442,-1.391892427520425,False,0.8155609177309106,0.0,-0.0,1.0,development_2019_2021,frozen_step_1_v1,2026-07-22
2019-04-08,64.4000015258789,71.0999984741211,1.0337392609362739,-0.04155419795206061,-1.948412671611368,False,0.8435298411244503,0.0,-0.0,1.0,development_2019_2021,frozen_step_1_v1,2026-07-22
2019-04-09,63.97999954223633,70.61000061035156,1.0333134098713774,-0.03993490565153479,-1.6593790460338262,False,0.8343965416549513,0.0,-0.0,1.0,development_2019_2021,frozen_step_1_v1,2026-07-22
2019-04-10,64.61000061035156,71.7300033569336,1.032975795448204,-0.03291538040203701,-1.055066513197639,False,0.8609530329058347,0.0,0.0,1.0,development_2019_2021,frozen_step_1_v1,2026-07-22
2019-04-11,63.58000183105469,70.83000183105469,1.0326874983437453,-0.027744584836399078,-0.6252633718291365,False,0.8579792433133913,0.0,0.0,1.0,development_2019_2021,frozen_step_1_v1,2026-07-22
2019-04-12,63.88999938964844,71.55000305175781,1.0324591305531061,-0.021704187924889595,-0.17045155527559072,False,0.8701184249285179,0.0,0.0,1.0,development_2019_2021,frozen_step_1_v1,2026-07-22
2019-04-15,63.400001525878906,71.18000030517578,1.0322645230989076,-0.01813247452338551,0.12556496781761367,False,0.8769567399035374,0.0,0.0,1.0,development_2019_2021,frozen_step_1_v1,2026-07-22
2019-04-16,64.05000305175781,71.72000122070312,1.0320500445115373,-0.020211829020398753,0.00208478027156247,False,0.8991587100292446,0.0,-0.0,1.0,development_2019_2021,frozen_step_1_v1,2026-07-22
2019-04-17,63.7599983215332,71.62000274658203,1.031873843194817,-0.01619144007624751,0.3400816926160137,False,0.9269224579004581,0.0,0.0,1.0,development_2019_2021,frozen_step_1_v1,2026-07-22
2019-04-18,64.0,71.97000122070312,1.0317186305150399,-0.014547776755017061,0.5439840330759383,False,0.947089455689914,0.0,0.0,1.0,development_2019_2021,frozen_step_1_v1,2026-07-22
2019-04-22,65.69999694824219,74.04000091552734,1.0315954853116664,-0.01272360913067061,0.7646381515629592,False,0.9778041793041373,0.0,0.0,1.0,development_2019_2021,frozen_step_1_v1,2026-07-22
2019-04-23,66.30000305175781,74.51000213623047,1.0314329873623271,-0.015092489465799552,0.6542800663664106,False,1.0087541797838093,0.0,-0.0,1.0,development_2019_2021,frozen_step_1_v1,2026-07-22
2019-04-24,65.88999938964844,74.56999969482422,1.0313500930381851,-0.007542170124009928,1.4930547964877539,False,1.0369698845714581,0.0,0.0,1.0,development_2019_2021,frozen_step_1_v1,2026-07-22
2019-04-25,65.20999908447266,74.3499984741211,1.031352182318473,0.00019355631178097354,2.4237616917162557,False,1.018404748816979,0.0,0.0,1.0,development_2019_2021,frozen_step_1_v1,2026-07-22
2019-04-26,63.29999923706055,72.1500015258789,1.0313596722893446,0.0007856650332493942,2.3036704391085863,False,1.0013442581506788,0.0,0.0,1.0,development_2019_2021,frozen_step_1_v1,2026-07-22
2019-04-29,63.5,72.04000091552734,1.0313181212278746,-0.0038211438769719663,1.6536212516916415,False,1.0354651144171365,0.0,-0.0,1.0,development_2019_2021,frozen_step_1_v1,2026-07-22
2019-04-30,63.90999984741211,72.80000305175781,1.0313184786925755,3.433729788504536e-05,1.8740946778523182,False,1.044935770539971,0.0,0.0,1.0,development_2019_2021,frozen_step_1_v1,2026-07-22
2019-05-01,63.599998474121094,72.18000030517578,1.031283236174529,-0.0033576300954694105,1.4399940913763352,False,1.06703239843456,0.0,-0.0,1.0,development_2019_2021,frozen_step_1_v1,2026-07-22
2019-05-02,61.810001373291016,70.75,1.031341143026913,0.005834433790958826,2.072577752061294,False,1.0874780645865256,0.0,0.0,1.0,development_2019_2021,frozen_step_1_v1,2026-07-22
2019-05-03,61.939998626708984,70.8499984741211,1.0313937901755004,0.004862797809318309,1.8071138381009773,False,1.0382461150517157,0.0,-0.0,1.0,development_2019_2021,frozen_step_1_v1,2026-07-22
2019-05-06,62.25,71.23999786376953,1.0314465998464408,0.0049850037270564584,1.6606782333031214,False,1.071371407421523,0.0,0.0,1.0,development_2019_2021,frozen_step_1_v1,2026-07-22
2019-05-07,61.400001525878906,69.87999725341797,1.0314455598160341,-0.00010467208285547258,1.1854746446498883,False,1.107665323258082,0.0,-0.0,1.0,development_2019_2021,frozen_step_1_v1,2026-07-22
2019-05-08,62.119998931884766,70.37000274658203,1.0313935408315231,-0.0049269703374230644,0.8036694119442399,False,1.1085677412472088,0.0,-0.0,1.0,development_2019_2021,frozen_step_1_v1,2026-07-22
2019-05-09,61.70000076293945,70.38999938964844,1.0314179952700118,0.0022533582408810204,1.2263851973476216,False,1.114567907922396,0.0,0.0,1.0,development_2019_2021,frozen_step_1_v1,2026-07-22
2019-05-10,61.65999984741211,70.62000274658203,1.0314811043385783,0.0059243747072361685,1.3914575042335506,False,1.091854791275846,0.0,0.0,1.0,development_2019_2021,frozen_step_1_v1,2026-07-22
2019-05-13,61.040000915527344,70.2300033569336,1.0315898190819568,0.010363746036519572,1.5823773888074952,False,1.1148635522195163,0.0,0.0,1.0,development_2019_2021,frozen_step_1_v1,2026-07-22
2019-05-14,61.779998779296875,71.23999786376953,1.0317083254796022,0.011722954458004864,1.5444438257433477,False,1.1311489858701678,0.0,0.0,1.0,development_2019_2021,frozen_step_1_v1,2026-07-22
2019-05-15,62.02000045776367,71.7699966430664,1.0318601690652014,0.014508118301189477,1.5983113654239307,False,1.1682764101111403,0.0,0.0,1.0,development_2019_2021,frozen_step_1_v1,2026-07-22
2019-05-16,62.869998931884766,72.62000274658203,1.0319809760540726,0.011735887143156098,1.3460825223707873,False,1.1994370119070943,0.0,-0.0,1.0,development_2019_2021,frozen_step_1_v1,2026-07-22
2019-05-17,62.7599983215332,72.20999908447266,1.0320609437967283,0.0075501880791746245,1.0205779128199577,False,1.2231835605292394,0.0,-0.0,1.0,development_2019_2021,frozen_step_1_v1,2026-07-22
2019-05-20,63.099998474121094,71.97000122070312,1.0320470642619546,-0.001297494958837575,0.4039635289179312,False,1.2301999063334155,0.0,-0.0,1.0,development_2019_2021,frozen_step_1_v1,2026-07-22
2019-05-21,62.9900016784668,72.18000030517578,1.0320820074856103,0.0032720057877089204,0.652217889259834,False,1.1471268626376863,0.0,0.0,1.0,development_2019_2021,frozen_step_1_v1,2026-07-22
2019-05-22,61.41999816894531,70.98999786376953,1.0322036250408102,0.012197497176012817,1.2525889803186234,False,1.1575241706048374,0.0,0.0,1.0,development_2019_2021,frozen_step_1_v1,2026-07-22
2019-05-23,57.90999984741211,67.76000213623047,1.0324278356502496,0.025460982876079008,2.2957148040951716,False,1.0974461741526773,0.0,0.0,1.0,development_2019_2021,frozen_step_1_v1,2026-07-22
2019-05-24,58.630001068115234,68.69000244140625,1.0326864547962997,0.025282518933059883,2.161116402571388,False,0.9728504139966393,0.0,0.0,1.0,development_2019_2021,frozen_step_1_v1,2026-07-22
2019-05-28,59.13999938964844,70.11000061035156,1.0330392659529437,0.03536079272912662,2.8512211305412456,False,1.0047528117208944,0.0,0.0,1.0,development_2019_2021,frozen_step_1_v1,2026-07-22
2019-05-29,58.810001373291016,69.44999694824219,1.0333587109731321,0.030381299287300045,2.1413400161949383,False,0.9620455697214176,0.0,-0.0,1.0,development_2019_2021,frozen_step_1_v1,2026-07-22
2019-05-30,56.59000015258789,66.87000274658203,1.0336477107499447,0.031121665629758155,2.0143204134518493,False,0.9675443236457552,0.0,0.0,1.0,development_2019_2021,frozen_step_1_v1,2026-07-22
2019-05-31,53.5,64.48999786376953,1.0341244088361983,0.05102420219966852,3.3271006121952498,False,0.9999492321273654,0.0,0.0,1.0,development_2019_2021,frozen_step_1_v1,2026-07-22
2019-06-03,53.25,61.279998779296875,1.034166048026226,0.004645735026961972,-0.19910047792839813,False,0.8005161920522833,0.0,-0.0,1.0,development_2019_2021,frozen_step_1_v1,2026-07-22
2019-06-04,53.47999954223633,61.970001220703125,1.0342825054388725,0.010922033632636108,0.1729424011152679,False,0.43407170305147585,0.0,0.0,1.0,development_2019_2021,frozen_step_1_v1,2026-07-22
2019-06-05,51.68000030517578,60.630001068115234,1.0345201888932778,0.02353438085086612,1.0059603214994555,False,0.44559783040540496,0.0,0.0,1.0,development_2019_2021,frozen_step_1_v1,2026-07-22
2019-06-06,52.59000015258789,61.66999816894531,1.0347444355102058,0.02159584007497717,0.8103621154343948,False,0.44799424804335,0.0,-0.0,1.0,development_2019_2021,frozen_step_1_v1,2026-07-22
2019-06-07,53.9900016784668,63.290000915527344,1.034941542066216,0.019553694238513053,0.6042256856186519,False,0.4626971534121,0.0,-0.0,1.0,development_2019_2021,frozen_step_1_v1,2026-07-22
2019-06-10,53.2599983215332,62.290000915527344,1.0351209691481484,0.01700299607260458,0.36985963839089675,False,0.4778350240206254,0.0,-0.0,1.0,development_2019_2021,frozen_step_1_v1,2026-07-22
2019-06-11,53.27000045776367,62.290000915527344,1.0353031411148494,0.01608441880536482,0.26379515729342323,False,0.49322820416724333,0.0,-0.0,1.0,development_2019_2021,frozen_step_1_v1,2026-07-22
2019-06-12,51.13999938964844,59.970001220703125,1.0354896905089719,0.019640935983826324,0.49533947031844067,False,0.5097950240790609,0.0,0.0,1.0,development_2019_2021,frozen_step_1_v1,2026-07-22
2019-06-13,52.279998779296875,61.310001373291016,1.0356761321664212,0.01817243957330028,0.33598685618245344,False,0.5255846414167419,0.0,-0.0,1.0,development_2019_2021,frozen_step_1_v1,2026-07-22
2019-06-14,52.5099983215332,62.0099983215332,1.03593478832051,0.02395421386132668,0.7589825945136635,False,0.5429708928678069,0.0,0.0,1.0,development_2019_2021,frozen_step_1_v1,2026-07-22
2019-06-17,51.93000030517578,60.939998626708984,1.0361163923648191,0.017337069581659037,0.17170279495055274,False,0.5564514780398712,0.0,-0.0,1.0,development_2019_2021,frozen_step_1_v1,2026-07-22
2019-06-18,53.900001525878906,62.13999938964844,1.0360988820516666,-0.0016715659504882296,-1.4259975287657987,False,0.5677331319260256,0.0,-0.0,1.0,development_2019_2021,frozen_step_1_v1,2026-07-22
2019-06-19,53.7599983215332,61.81999969482422,1.0360546123456482,-0.003963405677037457,-1.563074224610619,False,0.5327062291910102,0.0,-0.0,1.0,development_2019_2021,frozen_step_1_v1,2026-07-22
2019-06-20,56.650001525878906,64.44999694824219,1.0359010627868461,-0.01593104604781992,-2.4807163728956696,False,0.5502850066066313,0.0,-0.0,1.0,development_2019_2021,frozen_step_1_v1,2026-07-22
2019-06-21,57.43000030517578,65.19999694824219,1.0357043363313168,-0.01773019814411292,-2.449032397595454,False,0.5493469938051624,0.0,-0.0,1.0,development_2019_2021,frozen_step_1_v1,2026-07-22
2019-06-24,57.900001525878906,64.86000061035156,1.035362524795013,-0.030012795723236785,-3.065508775149957,False,0.5679042478117451,0.0,-0.0,1.0,development_2019_2021,frozen_step_1_v1,2026-07-22
2019-06-25,57.83000183105469,65.05000305175781,1.035080633239452,-0.024691391584704903,-2.287920413337321,False,0.5650050423759444,0.0,0.0,1.0,development_2019_2021,frozen_step_1_v1,2026-07-22
2019-06-26,59.380001068115234,66.48999786376953,1.0347773414157684,-0.028935142901772792,-2.2832010035533523,False,0.5779743914812614,0.0,-0.0,1.0,development_2019_2021,frozen_step_1_v1,2026-07-22
2019-06-27,59.43000030517578,66.55000305175781,1.0344591603674593,-0.02760431295012644,-1.9687396943050681,False,0.595569668630515,0.0,0.0,1.0,development_2019_2021,frozen_step_1_v1,2026-07-22
2019-06-28,58.470001220703125,66.55000305175781,1.0343417547092761,-0.01028013611026779,-0.944004996080872,False,0.6151886306025145,0.0,0.0,1.0,development_2019_2021,frozen_step_1_v1,2026-07-22
2019-07-01,59.09000015258789,65.05999755859375,1.033908904241973,-0.042068337271763845,-2.4194158887837824,False,0.5748586064500358,0.0,-0.0,1.0,development_2019_2021,frozen_step_1_v1,2026-07-22
2019-07-02,56.25,62.400001525878906,1.0336086728006921,-0.03167717394102265,-1.6847958857998557,False,0.47015076390350935,0.0,0.0,1.0,development_2019_2021,frozen_step_1_v1,2026-07-22
2019-07-03,57.34000015258789,63.81999969482422,1.0333200509066685,-0.02784468196011236,-1.4092428786834272,False,0.4736816222275076,0.0,0.0,1.0,development_2019_2021,frozen_step_1_v1,2026-07-22
2019-07-05,57.5099983215332,64.2300033569336,1.0330584474536402,-0.023439840626950925,-1.1436176432858285,False,0.4878271571745179,0.0,0.0,1.0,development_2019_2021,frozen_step_1_v1,2026-07-22
2019-07-08,57.65999984741211,64.11000061035156,1.0327550036400637,-0.026770570454907272,-1.2071189959959623,False,0.5018850369871389,0.0,-0.0,1.0,development_2019_2021,frozen_step_1_v1,2026-07-22
2019-07-09,57.83000183105469,64.16000366210938,1.0324410414680145,-0.02775745887364689,-1.16611469905798,False,0.5179774007289547,0.0,-0.0,1.0,development_2019_2021,frozen_step_1_v1,2026-07-22
2019-07-10,60.43000030517578,67.01000213623047,1.0321704430826248,-0.02859039303459454,-1.1224134487707902,False,0.5356525352833906,0.0,-0.0,1.0,development_2019_2021,frozen_step_1_v1,2026-07-22
2019-07-11,60.20000076293945,66.5199966430664,1.0318291234990506,-0.030595080892346083,-1.1347325492257114,False,0.5539487513503555,0.0,-0.0,1.0,development_2019_2021,frozen_step_1_v1,2026-07-22
2019-07-12,60.209999084472656,66.72000122070312,1.0315289954929576,-0.026534389512436363,-0.9010132617140536,False,0.5724812730102734,0.0,0.0,1.0,development_2019_2021,frozen_step_1_v1,2026-07-22
2019-07-15,59.58000183105469,66.4800033569336,1.0313230131014113,-0.018445954196373293,-0.5101564046089704,False,0.5885941869614696,0.0,0.0,1.0,development_2019_2021,frozen_step_1_v1,2026-07-22
2019-07-16,57.619998931884766,64.3499984741211,1.0311680638707912,-0.01588407086922583,-0.3435755915339794,False,0.5955492430314114,0.0,0.0,1.0,development_2019_2021,frozen_step_1_v1,2026-07-22
2019-07-17,56.779998779296875,63.65999984741211,1.0310496792393435,-0.011043081700026214,-0.09023076901379215,False,0.614337026729445,0.0,0.0,1.0,development_2019_2021,frozen_step_1_v1,2026-07-22
2019-07-18,55.29999923706055,61.93000030517578,1.030941288925259,-0.01092854038154023,-0.05195319269282966,True,0.6300453386624776,0.0,-0.0,1.0,development_2019_2021,frozen_step_1_v1,2026-07-22
2019-07-19,55.630001068115234,62.470001220703125,1.0308544200436358,-0.008031538716303466,0.14404782113717085,True,0.6514823576592785,0.0,0.0,1.0,development_2019_2021,frozen_step_1_v1,2026-07-22
2019-07-22,56.220001220703125,63.2599983215332,1.0307898050115092,-0.006079913144523275,0.3020617601796404,True,0.6715366396015644,0.0,0.0,1.0,development_2019_2021,frozen_step_1_v1,2026-07-22
2019-07-23,56.77000045776367,63.83000183105469,1.0307157673172254,-0.006845927987585654,0.3212914703066471,True,0.6933920240982816,0.0,-0.0,1.0,development_2019_2021,frozen_step_1_v1,2026-07-22
2019-07-24,55.880001068115234,63.18000030517578,1.030707625996248,-0.0007618754496387936,0.7241517000646996,True,0.7166879473900832,0.0,0.0,1.0,development_2019_2021,frozen_step_1_v1,2026-07-22
2019-07-25,56.02000045776367,63.38999938964844,1.0307073875137893,-2.1666799649544544e-05,0.8313110473020038,True,0.7289458234241394,0.0,0.0,1.0,development_2019_2021,frozen_step_1_v1,2026-07-22
2019-07-26,56.20000076293945,63.459999084472656,1.0306838141959227,-0.0021295323429670887,0.7924145592754621,True,0.7535813679228045,0.0,-0.0,1.0,development_2019_2021,frozen_step_1_v1,2026-07-22
2019-07-29,56.869998931884766,63.709999084472656,1.0305751776214604,-0.009973618349014224,0.3690981467086688,True,0.7768855282905814,0.0,-0.0,1.0,development_2019_2021,frozen_step_1_v1,2026-07-22
2019-07-30,58.04999923706055,64.72000122070312,1.0304222162922048,-0.0147882932494392,0.1411954741716843,True,0.7760392065357001,0.0,-0.0,1.0,development_2019_2021,frozen_step_1_v1,2026-07-22
2019-07-31,58.58000183105469,65.16999816894531,1.030244068846871,-0.016499417805706074,0.10566686100675243,True,0.7924980351665422,0.0,-0.0,1.0,development_2019_2021,frozen_step_1_v1,2026-07-22
2019-08-01,53.95000076293945,60.5,1.0301960586892598,-0.005837965350822927,1.1268476106442582,True,0.8183162808073904,0.0,0.0,1.0,development_2019_2021,frozen_step_1_v1,2026-07-22
2019-08-02,55.65999984741211,61.88999938964844,1.03004616074509,-0.014666532184858916,0.3298540808962941,True,0.7908943421291622,0.0,-0.0,1.0,development_2019_2021,frozen_step_1_v1,2026-07-22
2019-08-05,54.689998626708984,59.810001373291016,1.0297566162347642,-0.02958443964521784,-1.0430800357367924,True,0.7831065845453635,0.0,-0.0,1.0,development_2019_2021,frozen_step_1_v1,2026-07-22
2019-08-06,53.630001068115234,58.939998626708984,1.0295110122404536,-0.0231047355101337,-0.40507155222327385,True,0.7265521237852443,0.0,0.0,1.0,development_2019_2021,frozen_step_1_v1,2026-07-22
2019-08-07,51.09000015258789,56.22999954223633,1.0293304525994287,-0.01951231160923772,-0.10364577556665353,True,0.7346497066181628,0.0,0.0,1.0,development_2019_2021,frozen_step_1_v1,2026-07-22
2019-08-08,52.540000915527344,57.380001068115234,1.0290483221393214,-0.02695607353304741,-0.8057473209935451,True,0.7539526388552338,0.0,-0.0,1.0,development_2019_2021,frozen_step_1_v1,2026-07-22
2019-08-09,54.5,58.529998779296875,1.0285928227784453,-0.04298112331757675,-2.3008562557418064,True,0.7593841820143271,0.7593841820143271,-0.00037969209100716355,0.9996203799829125,development_2019_2021,frozen_step_1_v1,2026-07-22
2019-08-12,54.93000030517578,58.56999969482422,1.02803566122992,-0.04814956931484726,-2.5436080386395026,True,0.7001302624090397,0.7001302624090397,-0.0027999210163790924,0.9968254365090101,development_2019_2021,frozen_step_1_v1,2026-07-22
2019-08-13,57.099998474121094,61.29999923706055,1.027644910300126,-0.04084250569081771,-1.6522903322407103,True,0.7176930282694245,0.7176930282694245,0.0019681724235184397,0.9987892928141711,development_2019_2021,frozen_step_1_v1,2026-07-22
2019-08-14,55.22999954223633,59.47999954223633,1.0272825911986985,-0.0353104475378041,-1.2256900716074224,True,0.7198926008452962,0.7198926008452962,0.001442541533486282,1.000231127555477,development_2019_2021,frozen_step_1_v1,2026-07-22
2019-08-15,54.470001220703125,58.22999954223633,1.0268505464260773,-0.04058852579438099,-1.6179779223345387,True,0.7319055996326477,0.7319055996326477,-0.0024935836977308095,0.9977400746370876,development_2019_2021,frozen_step_1_v1,2026-07-22
2019-08-16,54.869998931884766,58.63999938964844,1.0264051346438139,-0.03930137022666624,-1.4301074593238363,True,0.7484568824912486,0.7484568824912486,-0.0001876378024764165,0.9975528784451303,development_2019_2021,frozen_step_1_v1,2026-07-22
2019-08-19,56.209999084472656,59.7400016784668,1.0259360978210774,-0.04359181309317872,-1.6602863690757232,True,0.7732982366514729,0.7732982366514729,-0.0022951037191276127,0.9952660164203908,development_2019_2021,frozen_step_1_v1,2026-07-22
2019-08-20,56.34000015258789,60.029998779296875,1.025486745979547,-0.03930773741798088,-1.2516901812492525,True,0.7935376440936739,0.7935376440936739,0.000933653201559157,0.9961956836488836,development_2019_2021,frozen_step_1_v1,2026-07-22
2019-08-21,55.68000030517578,60.29999923706055,1.0252404536627384,-0.021745988561424845,0.010332583145552816,True,0.8110251062079457,0.0,0.006095648452194559,1.0022866877757002,development_2019_2021,frozen_step_1_v1,2026-07-22
2019-08-22,55.349998474121094,59.91999816894531,1.025006233113944,-0.021033256429633163,0.043813447631226465,True,0.7130321368909216,0.0,-0.0,1.0022866877757002,development_2019_2021,frozen_step_1_v1,2026-07-22
2019-08-23,54.16999816894531,59.34000015258789,1.0249160602756424,-0.008311680772302488,0.905889033923057,True,0.737316013311821,0.0,0.0,1.0022866877757002,development_2019_2021,frozen_step_1_v1,2026-07-22
2019-08-26,53.63999938964844,58.70000076293945,1.0248225810968767,-0.008706148960209603,0.8272337542002214,True,0.7082702164840813,0.0,-0.0,1.0022866877757002,development_2019_2021,frozen_step_1_v1,2026-07-22
2019-08-27,54.93000030517578,59.5099983215332,1.0246250741686764,-0.018564831535333504,0.12593181524963887,True,0.7321808289844445,0.0,-0.0,1.0022866877757002,development_2019_2021,frozen_step_1_v1,2026-07-22
2019-08-28,55.779998779296875,60.4900016784668,1.0244432672369335,-0.017233800771327523,0.22279779653520185,True,0.721345904062255,0.0,0.0,1.0022866877757002,development_2019_2021,frozen_step_1_v1,2026-07-22
2019-08-29,56.709999084472656,61.08000183105469,1.0241876080908954,-0.023434400847719417,-0.186451162966016,True,0.7454480006496393,0.0,-0.0,1.0022866877757002,development_2019_2021,frozen_step_1_v1,2026-07-22
2019-08-30,55.099998474121094,60.43000030517578,1.024139823609383,-0.004444179345609811,1.1519589357459228,True,0.7557190519370055,0.0,0.0,1.0022866877757002,development_2019_2021,frozen_step_1_v1,2026-07-22
2019-09-03,53.939998626708984,58.2599983215332,1.0239618292053456,-0.018513284290298415,0.1709039418674944,True,0.6656009977586439,0.0,-0.0,1.0022866877757002,development_2019_2021,frozen_step_1_v1,2026-07-22
2019-09-04,56.2599983215332,60.70000076293945,1.0237714015234882,-0.01983842499966837,0.11057271727924962,True,0.6368866917922563,0.0,-0.0,1.0022866877757002,development_2019_2021,frozen_step_1_v1,2026-07-22
2019-09-05,56.29999923706055,60.95000076293945,1.0235925830188488,-0.01573514827390987,0.43469493688911354,True,0.658207753821476,0.0,0.0,1.0022866877757002,development_2019_2021,frozen_step_1_v1,2026-07-22
2019-09-06,56.52000045776367,61.540000915527344,1.0234861723383688,-0.009664364435164607,0.9355133203820395,True,0.676320732460611,0.0,0.0,1.0022866877757002,development_2019_2021,frozen_step_1_v1,2026-07-22
2019-09-09,57.849998474121094,62.59000015258789,1.0233167440682962,-0.015863833718862352,0.5191162918183911,True,0.6892441555446932,0.0,-0.0,1.0022866877757002,development_2019_2021,frozen_step_1_v1,2026-07-22
2019-09-10,57.400001525878906,62.380001068115234,1.0231951849607797,-0.010741128937991284,0.9825363614144171,True,0.7001697202716208,0.0,0.0,1.0022866877757002,development_2019_2021,frozen_step_1_v1,2026-07-22
2019-09-11,55.75,60.810001373291016,1.0231328906684525,-0.006137656149552306,1.3523538429223443,True,0.7160300880317867,0.0,0.0,1.0022866877757002,development_2019_2021,frozen_step_1_v1,2026-07-22
2019-09-12,55.09000015258789,60.380001068115234,1.0231218484416713,-0.0010050277433091281,1.6975178624794591,True,0.7337020354505609,0.0,0.0,1.0022866877757002,development_2019_2021,frozen_step_1_v1,2026-07-22
2019-09-13,54.849998474121094,60.220001220703125,1.0231304765689258,0.000774028017842987,1.7203844638286172,True,0.7500186222063334,0.0,0.0,1.0022866877757002,development_2019_2021,frozen_step_1_v1,2026-07-22
2019-09-16,62.900001525878906,69.0199966430664,1.0231102973383546,-0.0028622827768636228,1.3991701886674124,True,0.7746830790371086,0.0,-0.0,1.0022866877757002,development_2019_2021,frozen_step_1_v1,2026-07-22
2019-09-17,59.34000015258789,64.55000305175781,1.023018469498072,-0.009834392263901037,0.8410406247624804,True,0.7939864693911597,0.0,-0.0,1.0022866877757002,development_2019_2021,frozen_step_1_v1,2026-07-22
2019-09-18,58.11000061035156,63.599998474121094,1.0229830421039712,-0.0030892103960571404,1.263624069686369,True,0.7972964301709405,0.0,0.0,1.0022866877757002,development_2019_2021,frozen_step_1_v1,2026-07-22
2019-09-19,58.130001068115234,64.4000015258789,1.02308256280712,0.008654646592097137,1.9902314121846596,True,0.8042116277461044,-0.8042116277461044,-0.0004021058138730522,1.0018837434899275,development_2019_2021,frozen_step_1_v1,2026-07-22
2019-09-20,58.09000015258789,64.27999877929688,1.0231681518109863,0.007146104382137253,1.7129846977085246,True,0.7731046846179261,-0.7731046846179261,0.00044591725446774163,1.0023306003613104,development_2019_2021,frozen_step_1_v1,2026-07-22
2019-09-23,58.63999938964844,64.7699966430664,1.0232244027295059,0.004869205013104505,1.4319090867575666,True,0.7974907459363552,-0.7974907459363552,0.0007703540843511088,1.0031030473238047,development_2019_2021,frozen_step_1_v1,2026-07-22
2019-09-24,57.290000915527344,63.099998474121094,1.0232504739275288,0.002473790518460639,1.1971547253306078,True,0.8209390330967183,-0.8209390330967183,0.0008908717905520689,1.003997081707559,development_2019_2021,frozen_step_1_v1,2026-07-22
2019-09-25,56.4900016784668,62.38999938964844,1.0233098706731545,0.0053078330637035265,1.3326989126035778,True,0.8447336191528685,-0.8447336191528685,-0.0012590397446787035,1.0027338049028773,development_2019_2021,frozen_step_1_v1,2026-07-22
2019-09-26,56.40999984741211,62.7400016784668,1.02344462509505,0.011808900423354807,1.698145427287506,True,0.8696607571835299,-0.8696607571835299,-0.002953541850750535,0.9997765579709953,development_2019_2021,frozen_step_1_v1,2026-07-22
2019-09-27,55.90999984741211,61.90999984741211,1.02352418327498,0.007283189038294502,1.2802642028871811,True,0.876134672229132,-0.876134672229132,0.0018042927734839183,1.0015820759413363,development_2019_2021,frozen_step_1_v1,2026-07-22
2019-09-30,54.06999969482422,60.779998779296875,1.0237586065463247,0.022177789057955977,2.2582353282157266,True,0.8902700718379779,-0.8902700718379779,-0.006861062619320255,0.9947336791048836,development_2019_2021,frozen_step_1_v1,2026-07-22
2019-10-01,53.619998931884766,58.88999938964844,1.0237503685235338,-0.0008229439085996049,0.5153659925577169,True,0.8051394476960085,-0.8051394476960085,0.010090099621531144,1.004821448737956,development_2019_2021,frozen_step_1_v1,2026-07-22
2019-10-02,52.63999938964844,57.689998626708984,1.023724944319743,-0.0024257049051170654,0.3439610019905261,True,0.6452433452586165,-0.6452433452586165,0.0005977929393375343,1.0054223034807748,development_2019_2021,frozen_step_1_v1,2026-07-22
2019-10-03,52.45000076293945,57.709999084472656,1.0237427262560768,0.0015522231824398602,0.6303862723191491,True,0.6664081346866269,-0.6664081346866269,-0.0013013535485392961,1.004114744581098,development_2019_2021,frozen_step_1_v1,2026-07-22
2019-10-04,52.810001373291016,58.369998931884766,1.0238041563678144,0.005677487019953631,0.9522327426783669,True,0.6847070491949103,-0.6847070491949103,-0.0014478186371967466,1.0026620204343208,development_2019_2021,frozen_step_1_v1,2026-07-22
2019-10-07,52.75,58.349998474121094,1.0238746991676224,0.006218918130910467,0.9440414830346177,True,0.7031214191117704,-0.7031214191117704,-0.0002870319914123829,1.002374265657271,development_2019_2021,frozen_step_1_v1,2026-07-22
2019-10-08,52.630001068115234,58.2400016784668,1.0239459536117057,0.006381442687275474,0.9038719194987221,True,0.7268968302743716,-0.7268968302743716,-0.00016646112137476724,1.0022074231997489,development_2019_2021,frozen_step_1_v1,2026-07-22
2019-10-09,52.59000015258789,58.31999969482422,1.0240368066260042,0.008172620980677614,1.0125701584697764,True,0.7515112533328584,-0.7515112533328584,-0.0007849019941254037,1.0014210972295325,development_2019_2021,frozen_step_1_v1,2026-07-22
2019-10-10,53.54999923706055,59.099998474121094,1.0240664238461092,0.0028159293532530327,0.4553500010692247,True,0.7759452134256013,-0.7759452134256013,0.0019329130573840364,1.0033586290813723,development_2019_2021,frozen_step_1_v1,2026-07-22
2019-10-11,54.70000076293945,60.5099983215332,1.0241114830757962,0.004454020082106602,0.5635313148622667,True,0.7887170609720067,-0.7887170609720067,-0.0007034914042322323,1.0026530231334112,development_2019_2021,frozen_step_1_v1,2026-07-22
2019-10-14,53.59000015258789,59.349998474121094,1.0241718420259016,0.005852743923757231,0.6598905866097053,True,0.8143600684748663,-0.8143600684748663,-0.0006514892072165542,1.0020000182461717,development_2019_2021,frozen_step_1_v1,2026-07-22
2019-10-15,52.810001373291016,58.7400016784668,1.0242800371668828,0.010108723800553499,1.061669715171017,True,0.8411359904938237,-0.8411359904938237,-0.0018983095818699604,1.000099716261891,development_2019_2021,frozen_step_1_v1,2026-07-22
2019-10-16,53.36000061035156,59.41999816894531,1.0243924939788196,0.010558979602144802,1.0613902268127473,True,0.8603058154001799,-0.8603058154001799,-0.0003825187154194481,0.9997172325613858,development_2019_2021,frozen_step_1_v1,2026-07-22
2019-10-17,53.93000030517578,59.90999984741211,1.0244743239268062,0.007560577264418278,0.6772409535116185,True,0.889379885348627,-0.889379885348627,0.0011210207585612148,1.0008385647326687,development_2019_2021,frozen_step_1_v1,2026-07-22
2019-10-18,53.779998779296875,59.41999816894531,1.0244970895072831,0.0021107192140403797,-0.05952643843511072,True,0.9125831871477781,0.0,0.001909654972823463,1.0027516471571036,development_2019_2021,frozen_step_1_v1,2026-07-22
2019-10-21,53.310001373291016,58.959999084472656,1.0245314463020285,0.0031952044265715074,0.029524391682909143,True,0.9217092204869923,0.0,0.0,1.0027516471571036,development_2019_2021,frozen_step_1_v1,2026-07-22
2019-10-22,54.15999984741211,59.70000076293945,1.0245259968295062,-0.0005169647921681175,-0.6204274417741131,True,0.9520983142317675,0.0,-0.0,1.0027516471571036,development_2019_2021,frozen_step_1_v1,2026-07-22
2019-10-23,55.970001220703125,61.16999816894531,1.0244302118468431,-0.009486115367794312,-2.1919063711479416,True,0.9730808600103588,0.9730808600103588,-0.0004865404300051794,1.0022638866067435,development_2019_2021,frozen_step_1_v1,2026-07-22
2019-10-24,56.22999954223633,61.66999816894531,1.0243665872566734,-0.005836809964113954,-1.5244201260095553,True,0.9435200642163787,0.9435200642163787,0.0016160974695701824,1.0038849522849795,development_2019_2021,frozen_step_1_v1,2026-07-22
2019-10-25,56.65999984741211,62.02000045776367,1.0242825010900067,-0.007641690706483573,-1.7327426976204605,True,0.9637448555823903,0.9637448555823903,-0.0010095509610872275,1.0028719906707984,development_2019_2021,frozen_step_1_v1,2026-07-22
2019-10-28,55.810001373291016,61.56999969482422,1.0242882990720912,0.0005352450702353906,-0.4185133047696563,True,0.9941783109221479,0.9941783109221479,0.003888859682388791,1.0067796122933523,development_2019_2021,frozen_step_1_v1,2026-07-22
2019-10-29,55.540000915527344,61.59000015258789,1.0243503754644243,0.005578045349082572,0.30634775505388895,True,0.9684948348502089,0.0,0.0021020259112593835,1.0088981149189742,development_2019_2021,frozen_step_1_v1,2026-07-22
2019-10-30,55.060001373291016,60.61000061035156,1.0243348541696498,-0.001508020545540667,-0.8815130109141266,True,0.9801821554094198,0.0,-0.0,1.0088981149189742,development_2019_2021,frozen_step_1_v1,2026-07-22
2019-10-31,54.18000030517578,60.22999954223633,1.0244243283658263,0.008349181790935134,0.6873023991845533,True,0.9699739444856585,0.0,0.0,1.0088981149189742,development_2019_2021,frozen_step_1_v1,2026-07-22
2019-11-01,56.20000076293945,61.689998626708984,1.0243744218289834,-0.004997466392119954,-1.4591092257274303,True,0.9276590262130192,0.0,-0.0,1.0088981149189742,development_2019_2021,frozen_step_1_v1,2026-07-22
2019-11-04,56.540000915527344,62.130001068115234,1.0243322154624832,-0.0038986202720989738,-1.1817731401314011,True,0.845127993453959,0.0,0.0,1.0088981149189742,development_2019_2021,frozen_step_1_v1,2026-07-22
2019-11-05,57.22999954223633,62.959999084472656,1.024301379888118,-0.0029282243204331593,-0.9630456906185755,True,0.8729824799163761,0.0,0.0,1.0088981149189742,development_2019_2021,frozen_step_1_v1,2026-07-22
2019-11-06,56.349998474121094,61.7400016784668,1.024236344518464,-0.006360982625771783,-1.438753879483294,True,0.9019087539725947,0.0,-0.0,1.0088981149189742,development_2019_2021,frozen_step_1_v1,2026-07-22
2019-11-07,57.150001525878906,62.290000915527344,1.024113220438024,-0.011432862578746317,-2.078547532206256,True,0.9248494066199172,0.9248494066199172,-0.00046242470330995863,1.008431683360562,development_2019_2021,frozen_step_1_v1,2026-07-22
2019-11-08,57.2400016784668,62.5099983215332,1.0240129055510738,-0.009112770565392836,-1.5680386780572326,True,0.9386295597697213,0.9386295597697213,0.000867689022418309,1.0093070681880534,development_2019_2021,frozen_step_1_v1,2026-07-22
2019-11-11,56.86000061035156,62.18000030517578,1.0239340905708174,-0.007266605105574975,-1.1959448489713391,True,0.9655150359004228,0.9655150359004228,0.0006950261958597299,1.010008806875247,development_2019_2021,frozen_step_1_v1,2026-07-22
2019-11-12,56.79999923706055,62.060001373291016,1.0238488360855007,-0.007772870519752395,-1.3021890266492777,True,0.9949019742868955,0.9949019742868955,-0.000420496817463242,1.0095841906674847,development_2019_2021,frozen_step_1_v1,2026-07-22
2019-11-13,57.119998931884766,62.369998931884766,1.0237606419662648,-0.008185388923986459,-1.295146668304798,True,1.0286139367841125,1.0286139367841125,-0.00039502425949073977,1.0091854591796632,development_2019_2021,frozen_step_1_v1,2026-07-22
2019-11-14,56.77000045776367,62.279998779296875,1.0237258089552805,-0.00319643065639319,-0.48872018428764885,True,1.0635343348334265,1.0635343348334265,0.002446761790368827,1.0116577188824902,development_2019_2021,frozen_step_1_v1,2026-07-22
2019-11-15,57.720001220703125,63.29999923706055,1.0236872309926468,-0.003784460917616528,-0.551324385773902,True,1.0710109125120804,1.0710109125120804,-0.0003949907432641387,1.011258202356039,development_2019_2021,frozen_step_1_v1,2026-07-22
2019-11-18,57.04999923706055,62.439998626708984,1.0236326386421908,-0.005290679887806959,-0.7351950611585727,True,1.1070013483009011,1.1070013483009011,-0.0009319810195238177,1.0103161679528838,development_2019_2021,frozen_step_1_v1,2026-07-22
2019-11-19,55.209999084472656,60.90999984741211,1.023665232794236,0.0033286242123029552,0.6244454274068166,True,1.1418197061810595,0.0,0.004233094607245585,1.0146019966343538,development_2019_2021,frozen_step_1_v1,2026-07-22
2019-11-20,57.11000061035156,62.400001525878906,1.0235969330632813,-0.0068630479835238845,-0.9200677108236778,True,1.0872134723585216,0.0,-0.0,1.0146019966343538,development_2019_2021,frozen_step_1_v1,2026-07-22
2019-11-21,58.58000183105469,63.970001220703125,1.0235194268652943,-0.007712449353627804,-0.995848214571923,True,1.0134755857010525,0.0,-0.0,1.0146019966343538,development_2019_2021,frozen_step_1_v1,2026-07-22
2019-11-22,57.77000045776367,63.38999938964844,1.0234928769384806,-0.0024616485832265056,-0.11293780823719056,True,1.0474673131081613,0.0,0.0,1.0146019966343538,development_2019_2021,frozen_step_1_v1,2026-07-22
2019-11-25,58.0099983215332,63.650001525878906,1.023465354635784,-0.0024998115114840402,-0.08429855129145197,True,1.0531357621105513,0.0,-0.0,1.0146019966343538,development_2019_2021,frozen_step_1_v1,2026-07-22
2019-11-26,58.40999984741211,64.2699966430664,1.0234670029164328,0.0001540699456894501,0.3925121573206239,True,1.088902874982902,0.0,0.0,1.0146019966343538,development_2019_2021,frozen_step_1_v1,2026-07-22
2019-11-27,58.11000061035156,64.05999755859375,1.0234896130627955,0.0020595869768857966,0.8167670917490157,True,1.1174366497397985,0.0,0.0,1.0146019966343538,development_2019_2021,frozen_step_1_v1,2026-07-22
2019-11-29,55.16999816894531,62.43000030517578,1.0237670778606478,0.02831069225031868,6.003089458799948,True,1.150883232869086,-1.150883232869086,-0.0005754416164345429,1.0140183203732847,development_2019_2021,frozen_step_1_v1,2026-07-22
2019-12-02,55.959999084472656,60.91999816894531,1.0236643062327362,-0.010315881067931798,-1.0861205972919679,True,0.7316218155212537,0.0,0.021626076865906736,1.0361863988269406,development_2019_2021,frozen_step_1_v1,2026-07-22
2019-12-03,56.099998474121094,60.81999969482422,1.023510573557701,-0.013897380205688314,-1.489043298764556,False,0.47715387638919676,0.0,-0.0,1.0361863988269406,development_2019_2021,frozen_step_1_v1,2026-07-22
2019-12-04,58.43000030517578,63.0,1.023322451108151,-0.019566489136618515,-2.1075487574055654,False,0.4922448156067436,0.0,-0.0,1.0361863988269406,development_2019_2021,frozen_step_1_v1,2026-07-22
2019-12-05,58.43000030517578,63.38999938964844,1.0231813874832727,-0.012821282091325159,-1.0851335823766648,False,0.5059031009801795,0.0,0.0,1.0361863988269406,development_2019_2021,frozen_step_1_v1,2026-07-22
2019-12-06,59.20000076293945,64.38999938964844,1.0230746912127506,-0.010129227446286748,-0.7393986576868906,False,0.5170214107869291,0.0,0.0,1.0361863988269406,development_2019_2021,frozen_step_1_v1,2026-07-22
2019-12-09,59.02000045776367,64.25,1.0229763981517985,-0.008789564753530321,-0.5587102837632829,False,0.5335056408472408,0.0,0.0,1.0361863988269406,development_2019_2021,frozen_step_1_v1,2026-07-22
2019-12-10,59.2400016784668,64.33999633789062,1.0228569248052957,-0.010708308959975987,-0.778347721730926,False,0.5513462744430481,0.0,-0.0,1.0361863988269406,development_2019_2021,frozen_step_1_v1,2026-07-22
2019-12-11,58.7599983215332,63.720001220703125,1.0227336443111834,-0.011567439368298515,-0.8316198247311732,False,0.5695789858637832,0.0,-0.0,1.0361863988269406,development_2019_2021,frozen_step_1_v1,2026-07-22
2019-12-12,59.18000030517578,64.19999694824219,1.0226167007485492,-0.010869828307675355,-0.6930495987632753,False,0.5888793459057264,0.0,0.0,1.0361863988269406,development_2019_2021,frozen_step_1_v1,2026-07-22
2019-12-13,60.06999969482422,65.22000122070312,1.0225134063397214,-0.00994824774463332,-0.544196560280636,False,0.6087847970476079,0.0,0.0,1.0361863988269406,development_2019_2021,frozen_step_1_v1,2026-07-22
2019-12-16,60.209999084472656,65.33999633789062,1.0224022939166697,-0.010035067217203597,-0.5044086653927855,False,0.6292576628832913,0.0,-0.0,1.0361863988269406,development_2019_2021,frozen_step_1_v1,2026-07-22
2019-12-17,60.939998626708984,66.0999984741211,1.0222930207169154,-0.010342884612972725,-0.5196504354123276,False,0.6506704078018907,0.0,-0.0,1.0361863988269406,development_2019_2021,frozen_step_1_v1,2026-07-22
2019-12-18,60.93000030517578,66.16999816894531,1.0221964857870385,-0.008719976323598111,-0.2926961835550742,False,0.6727985287493822,0.0,0.0,1.0361863988269406,development_2019_2021,frozen_step_1_v1,2026-07-22
2019-12-19,61.220001220703125,66.54000091552734,1.0221138610042477,-0.0076575742198405905,-0.1389658882521526,False,0.6948519462622785,0.0,0.0,1.0361863988269406,development_2019_2021,frozen_step_1_v1,2026-07-22
2019-12-20,60.439998626708984,66.13999938964844,1.022107908013836,-0.0005563419057681429,0.7386784275982515,False,0.718087062544167,0.0,0.0,1.0361863988269406,development_2019_2021,frozen_step_1_v1,2026-07-22
2019-12-23,60.52000045776367,66.38999938964844,1.022127161224065,0.001785372148012776,0.9796107799535636,False,0.7252647460093788,0.0,0.0,1.0361863988269406,development_2019_2021,frozen_step_1_v1,2026-07-22
2019-12-24,61.11000061035156,67.19999694824219,1.0221669233533932,0.003832309995082106,1.1704633813119847,False,0.7480954942565402,0.0,0.0,1.0361863988269406,development_2019_2021,frozen_step_1_v1,2026-07-22
2019-12-26,61.68000030517578,67.91999816894531,1.0222171351737395,0.004792644245804389,1.2153378312516196,False,0.7720627665565558,0.0,0.0,1.0361863988269406,development_2019_2021,frozen_step_1_v1,2026-07-22
2019-12-27,61.720001220703125,68.16000366210938,1.0222964392875056,0.0073304089439441,1.43367901201605,False,0.797960615797215,0.0,0.0,1.0361863988269406,development_2019_2021,frozen_step_1_v1,2026-07-22
2019-12-30,61.68000030517578,68.44000244140625,1.022420879497952,0.011579787997432867,1.8098666436736255,False,0.82237416658685,0.0,0.0,1.0361863988269406,development_2019_2021,frozen_step_1_v1,2026-07-22
2019-12-31,61.060001373291016,66.0,1.0222910860405632,-0.013860026163041717,-1.046513177580819,False,0.8418960497732054,0.0,-0.0,1.0361863988269406,development_2019_2021,frozen_step_1_v1,2026-07-22
2020-01-02,61.18000030517578,66.25,1.0221655372698428,-0.011569916994550233,-0.7529252750045835,True,0.6384489807589703,0.0,0.0,1.0361863988269406,development_2019_2021,frozen_step_1_v1,2026-07-22
2020-01-03,63.04999923706055,68.5999984741211,1.0220968709210472,-0.0072033810554916755,-0.27112815559663983,True,0.6585603706143194,0.0,0.0,1.0361863988269406,development_2019_2021,frozen_step_1_v1,2026-07-22
2020-01-06,63.27000045776367,68.91000366210938,1.0220311226296022,-0.005982058615457753,-0.10917406244908076,True,0.6753127234853331,0.0,0.0,1.0361863988269406,development_2019_2021,frozen_step_1_v1,2026-07-22
2020-01-07,62.70000076293945,68.2699966430664,1.021969090850761,-0.005807116431999049,-0.09394455538520945,True,0.6977479196431138,0.0,-0.0,1.0361863988269406,development_2019_2021,frozen_step_1_v1,2026-07-22
2020-01-08,59.61000061035156,65.44000244140625,1.0220002873924978,0.003377085501004018,0.8648245153657639,True,0.7214046767296567,0.0,0.0,1.0361863988269406,development_2019_2021,frozen_step_1_v1,2026-07-22
2020-01-09,59.560001373291016,65.37000274658203,1.0220338825309638,0.0030271183185401895,0.7983671161872707,True,0.717501793010326,0.0,-0.0,1.0361863988269406,development_2019_2021,frozen_step_1_v1,2026-07-22
2020-01-10,59.040000915527344,64.9800033569336,1.0220957934797847,0.0057529853703668365,1.0521334085518845,True,0.7417180050687201,0.0,0.0,1.0361863988269406,development_2019_2021,frozen_step_1_v1,2026-07-22
2020-01-13,58.08000183105469,64.19999694824219,1.0221999372851536,0.010009580728933543,1.4494421240874762,True,0.76430488956935,0.0,0.0,1.0361863988269406,development_2019_2021,frozen_step_1_v1,2026-07-22
2020-01-14,58.22999954223633,64.48999786376953,1.0223225187727283,0.011381801475302211,1.5187239383014566,True,0.7833821737743094,0.0,0.0,1.0361863988269406,development_2019_2021,frozen_step_1_v1,2026-07-22
2020-01-15,57.810001373291016,64.0,1.0224355564249084,0.010696606136705533,1.768641890177289,True,0.8093454021709968,0.0,-0.0,1.0361863988269406,development_2019_2021,frozen_step_1_v1,2026-07-22
2020-01-16,58.52000045776367,64.62000274658203,1.0225145871156711,0.007535265436009908,1.268288287536813,True,0.8362198426324498,0.0,-0.0,1.0361863988269406,development_2019_2021,frozen_step_1_v1,2026-07-22
2020-01-17,58.540000915527344,64.8499984741211,1.0226254518552704,0.01028755594252928,1.4899947168976453,True,0.8580434643158353,0.0,0.0,1.0361863988269406,development_2019_2021,frozen_step_1_v1,2026-07-22
2020-01-21,58.34000015258789,64.58999633789062,1.022725694537362,0.009362358051291153,1.3103331289378188,True,0.8831333708545887,0.0,-0.0,1.0361863988269406,development_2019_2021,frozen_step_1_v1,2026-07-22
2020-01-22,56.7400016784668,63.209999084472656,1.0228789745891949,0.015586774117294588,1.9320029390497053,True,0.9121357316985487,-0.9121357316985487,-0.00045606786584927433,1.0357139352533218,development_2019_2021,frozen_step_1_v1,2026-07-22
2020-01-23,55.59000015258789,62.040000915527344,1.023050054598858,0.017160825180813966,1.9326201187306515,True,0.9183307774066231,-0.9183307774066231,-0.0010228077432681752,1.0346551405845303,development_2019_2021,frozen_step_1_v1,2026-07-22
2020-01-24,54.189998626708984,60.689998626708984,1.0232509706428885,0.020453137227239182,2.1025271938163343,True,0.9482738612447738,-0.9482738612447738,-0.001873589198915181,1.0327184367487632,development_2019_2021,frozen_step_1_v1,2026-07-22
2020-01-27,53.13999938964844,59.31999969482422,1.0234175376496863,0.016980347090908232,1.5597339157350263,True,0.9736347182519609,-0.9736347182519609,0.001304816681021815,1.0340668244999391,development_2019_2021,frozen_step_1_v1,2026-07-22
2020-01-28,53.47999954223633,59.5099983215332,1.0235584200730004,0.013090390352542336,1.0679049783349581,True,0.9932522976675512,-0.9932522976675512,0.001592215070585313,1.0357145927344968,development_2019_2021,frozen_step_1_v1,2026-07-22
2020-01-29,53.33000183105469,59.810001373291016,1.0237724944911948,0.020142533097369686,1.70734037835555,True,1.010984956656866,-1.010984956656866,-0.003888210525814995,1.0316953352765172,development_2019_2021,frozen_step_1_v1,2026-07-22
2020-01-30,52.13999938964844,58.290000915527344,1.0239354011795982,0.016859212810135915,1.2587940232057482,True,1.0019109134657356,-1.0019109134657356,0.001313886734036693,1.0330517569882187,development_2019_2021,frozen_step_1_v1,2026-07-22
2020-01-31,51.560001373291016,58.15999984741211,1.0242042078326998,0.025020577325587823,1.994622794387622,True,1.0230362849513959,-1.0230362849513959,-0.004575343675494087,1.0283359865272697,development_2019_2021,frozen_step_1_v1,2026-07-22
2020-02-03,50.11000061035156,54.45000076293945,1.0241099935536804,-0.011309571222609005,-1.7021021110654404,True,0.999249413406313,0.0,0.018036181119246476,1.047051511581612,development_2019_2021,frozen_step_1_v1,2026-07-22
2020-02-04,49.61000061035156,53.959999084472656,1.024007736234148,-0.009680246516821978,-1.5143347112128664,False,0.5561938024876527,0.0,0.0,1.047051511581612,development_2019_2021,frozen_step_1_v1,2026-07-22
2020-02-05,50.75,55.279998779296875,1.023923800254657,-0.008447109709520895,-1.3763019764569886,False,0.5743211483300059,0.0,0.0,1.047051511581612,development_2019_2021,frozen_step_1_v1,2026-07-22
2020-02-06,50.95000076293945,54.93000030517578,1.023728424352826,-0.018057874610578395,-2.2107568019781434,False,0.5932920407477268,0.0,-0.0,1.047051511581612,development_2019_2021,frozen_step_1_v1,2026-07-22
2020-02-07,50.31999969482422,54.470001220703125,1.0235880400397175,-0.013179930091128611,-1.574855937454328,False,0.5971067690752219,0.0,0.0,1.047051511581612,development_2019_2021,frozen_step_1_v1,2026-07-22
2020-02-10,49.56999969482422,53.27000045776367,1.0233949511045168,-0.019331996424374776,-1.9765343141106069,False,0.6114815276418348,0.0,-0.0,1.047051511581612,development_2019_2021,frozen_step_1_v1,2026-07-22
2020-02-11,49.939998626708984,54.0099983215332,1.0232633937170517,-0.012632071755178664,-1.2741154628811449,False,0.6253174762320973,0.0,0.0,1.047051511581612,development_2019_2021,frozen_step_1_v1,2026-07-22
2020-02-12,51.16999816894531,55.790000915527344,1.0232157343472859,-0.004916204414754155,-0.6054575314471503,False,0.6347321133643475,0.0,0.0,1.047051511581612,development_2019_2021,frozen_step_1_v1,2026-07-22
2020-02-13,51.41999816894531,56.34000015258789,1.0232147714293027,-8.923116062575787e-05,-0.19672617138613593,False,0.6410921465742878,0.0,0.0,1.047051511581612,development_2019_2021,frozen_step_1_v1,2026-07-22
2020-02-14,52.04999923706055,57.31999969482422,1.023261891399601,0.004509058842017133,0.1221100281688906,False,0.6568267964398186,0.0,0.0,1.047051511581612,development_2019_2021,frozen_step_1_v1,2026-07-22
2020-02-18,52.04999923706055,57.75,1.0233873690351802,0.011486897296851595,0.641760443083903,False,0.6735455675401114,0.0,0.0,1.047051511581612,development_2019_2021,frozen_step_1_v1,2026-07-22
2020-02-19,53.290000915527344,59.119998931884766,1.0234937090110134,0.010415461708640272,0.509348658435276,False,0.6831764491843941,0.0,-0.0,1.047051511581612,development_2019_2021,frozen_step_1_v1,2026-07-22
2020-02-20,53.779998779296875,59.310001373291016,1.0235394644018625,0.0040738708418768255,-0.04741224425930159,False,0.7058129073194661,0.0,-0.0,1.047051511581612,development_2019_2021,frozen_step_1_v1,2026-07-22
2020-02-21,53.380001068115234,58.5,1.0235187005364987,-0.001953539792046932,-0.5724255674059586,False,0.7158598065200085,0.0,-0.0,1.047051511581612,development_2019_2021,frozen_step_1_v1,2026-07-22
2020-02-24,51.43000030517578,56.29999923706055,1.0234985084474884,-0.002116476223224417,-0.5682417964060694,False,0.7275933382494719,0.0,-0.0,1.047051511581612,development_2019_2021,frozen_step_1_v1,2026-07-22
2020-02-25,49.900001525878906,54.95000076293945,1.0235425069070758,0.0043509642135415305,-0.02330302965684152,False,0.7522570629012583,0.0,0.0,1.047051511581612,development_2019_2021,frozen_step_1_v1,2026-07-22
2020-02-26,48.72999954223633,53.43000030517578,1.0235481043954944,0.0005626674401404408,-0.3288475596273649,False,0.7611345054164118,0.0,-0.0,1.047051511581612,development_2019_2021,frozen_step_1_v1,2026-07-22
2020-02-27,47.09000015258789,52.18000030517578,1.0236640875572798,0.011483117149718947,0.5897415448000018,False,0.7807855125432525,0.0,0.0,1.047051511581612,development_2019_2021,frozen_step_1_v1,2026-07-22
2020-02-28,44.7599983215332,50.52000045776367,1.0239543886096178,0.0299962875516,2.1037368538643277,False,0.7586069613913217,0.0,0.0,1.047051511581612,development_2019_2021,frozen_step_1_v1,2026-07-22
2020-03-02,46.75,51.900001525878906,1.0240745157452904,0.011942522500108854,0.537845347594907,False,0.6761910594694498,0.0,-0.0,1.047051511581612,development_2019_2021,frozen_step_1_v1,2026-07-22
2020-03-03,47.18000030517578,51.86000061035156,1.0240940834213481,0.001719834810185894,-0.25543169749473527,False,0.614512349144207,0.0,-0.0,1.047051511581612,development_2019_2021,frozen_step_1_v1,2026-07-22
2020-03-04,46.779998779296875,51.130001068115234,1.0240559895124988,-0.0035905479128039985,-0.6399212059966038,True,0.6128510583558262,0.0,-0.0,1.047051511581612,development_2019_2021,frozen_step_1_v1,2026-07-22
2020-03-05,45.900001525878906,49.9900016784668,1.0239903664250232,-0.00644043237703773,-0.821130751405176,True,0.6277823498166157,0.0,-0.0,1.047051511581612,development_2019_2021,frozen_step_1_v1,2026-07-22
2020-03-06,41.279998779296875,45.27000045776367,1.024012895445353,0.002929429826890928,-0.05243492126549132,True,0.6474963653608832,0.0,0.0,1.047051511581612,development_2019_2021,frozen_step_1_v1,2026-07-22
2020-03-09,31.1299991607666,34.36000061035156,1.0240945913032267,0.015879809238917186,0.9907718443348295,True,0.6470719908375097,0.0,0.0,1.047051511581612,development_2019_2021,frozen_step_1_v1,2026-07-22
2020-03-10,34.36000061035156,37.220001220703125,1.024050858925226,-0.005112148207985889,-0.6394946405311175,True,0.6316378970139553,0.0,-0.0,1.047051511581612,development_2019_2021,frozen_step_1_v1,2026-07-22
2020-03-11,32.97999954223633,35.790000915527344,1.0240281820657076,-0.0022329058912142763,-0.3598132306989714,False,0.5668002131784197,0.0,0.0,1.047051511581612,development_2019_2021,frozen_step_1_v1,2026-07-22
2020-03-12,31.5,33.220001220703125,1.0237707196534311,-0.028844091660200633,-2.4821943651270493,False,0.5843954460996258,0.0,-0.0,1.047051511581612,development_2019_2021,frozen_step_1_v1,2026-07-22
2020-03-13,31.729999542236328,33.849998474121094,1.0235828219750185,-0.01685564509605575,-1.3024514149760846,False,0.5062657460007288,0.0,0.0,1.047051511581612,development_2019_2021,frozen_step_1_v1,2026-07-22
2020-03-16,28.700000762939453,30.049999237060547,1.0233315865791894,-0.03235625023408151,-2.413683415951519,False,0.5046174022141308,0.0,-0.0,1.047051511581612,development_2019_2021,frozen_step_1_v1,2026-07-22
2020-03-17,26.950000762939453,28.729999542236328,1.0232080210744716,-0.012488303047526905,-0.7221124577164083,False,0.4979467159212731,0.0,0.0,1.047051511581612,development_2019_2021,frozen_step_1_v1,2026-07-22
2020-03-18,20.3700008392334,24.8799991607666,1.0240777985499674,0.1274289544349947,9.82715600129076,False,0.4711084844804069,0.0,0.0,1.047051511581612,development_2019_2021,frozen_step_1_v1,2026-07-22
2020-03-19,25.219999313354492,28.469999313354492,1.0243924308914731,0.042483653997447135,1.5035589946836834,False,0.16522189710510587,0.0,-0.0,1.047051511581612,development_2019_2021,frozen_step_1_v1,2026-07-22
2020-03-20,22.43000030517578,26.979999542236328,1.0254361960388236,0.10557974374064871,3.6380407423257144,False,0.1446696187665433,0.0,0.0,1.047051511581612,development_2019_2021,frozen_step_1_v1,2026-07-22
2020-03-23,23.360000610351562,27.030000686645508,1.0262250243185873,0.06328648952216476,1.6708911856909023,False,0.13961192594889638,0.0,-0.0,1.047051511581612,development_2019_2021,frozen_step_1_v1,2026-07-22
2020-03-24,24.010000228881836,27.149999618530273,1.026692083640801,0.03806661426935731,0.8096569258774149,False,0.13926860392771942,0.0,-0.0,1.047051511581612,development_2019_2021,frozen_step_1_v1,2026-07-22
2020-03-25,24.489999771118164,27.389999389648438,1.0269979986609872,0.025566348921654214,0.39528532185092563,False,0.14212110721019613,0.0,-0.0,1.047051511581612,development_2019_2021,frozen_step_1_v1,2026-07-22
2020-03-26,22.600000381469727,26.34000015258789,1.0276801436695877,0.06683347712313603,1.5612784141406069,False,0.14639997974710625,0.0,0.0,1.047051511581612,development_2019_2021,frozen_step_1_v1,2026-07-22
2020-03-27,21.510000228881836,24.93000030517578,1.0282595252418198,0.06083909528262721,1.2738151300494327,False,0.14652181304377104,0.0,-0.0,1.047051511581612,development_2019_2021,frozen_step_1_v1,2026-07-22
2020-03-30,20.09000015258789,22.760000228881836,1.028586546087353,0.03901644308793761,0.5895151316460874,False,0.1511459145905353,0.0,-0.0,1.047051511581612,development_2019_2021,frozen_step_1_v1,2026-07-22
2020-03-31,20.479999542236328,22.739999771118164,1.0288002207357856,0.01771590913605925,-0.02784685061415231,False,0.15444988387649708,0.0,-0.0,1.047051511581612,development_2019_2021,frozen_step_1_v1,2026-07-22
2020-04-01,20.309999465942383,24.739999771118164,1.0297156051142278,0.10783095317397429,2.4385108571246485,False,0.15803286341134656,0.0,0.0,1.047051511581612,development_2019_2021,frozen_step_1_v1,2026-07-22
2020-04-02,25.31999969482422,29.940000534057617,1.0301866912158226,0.0700496637270005,1.2011294769104994,False,0.13997162652867734,0.0,-0.0,1.047051511581612,development_2019_2021,frozen_step_1_v1,2026-07-22
2020-04-03,28.34000015258789,34.11000061035156,1.030900444280799,0.08197681487554265,1.417546420123875,False,0.14047041287477585,0.0,0.0,1.047051511581612,development_2019_2021,frozen_step_1_v1,2026-07-22
2020-04-06,26.079999923706055,33.04999923706055,1.0325327415890948,0.1307580493742364,2.4880730639101287,False,0.14480417185878622,0.0,0.0,1.047051511581612,development_2019_2021,frozen_step_1_v1,2026-07-22
2020-04-07,23.6299991607666,31.8700008392334,1.0347594812906298,0.18922064665072202,3.478476111518604,False,0.14321638435567077,0.0,0.0,1.047051511581612,development_2019_2021,frozen_step_1_v1,2026-07-22
2020-04-08,25.09000015258789,32.84000015258789,1.0366029065449247,0.15122617770626157,2.1271521610710917,False,0.1396992350990272,0.0,-0.0,1.047051511581612,development_2019_2021,frozen_step_1_v1,2026-07-22
2020-04-09,22.760000228881836,31.479999542236328,1.0388795410740825,0.20284904424000638,2.82291597571357,False,0.13978318824874494,0.0,0.0,1.047051511581612,development_2019_2021,frozen_step_1_v1,2026-07-22
2020-04-13,22.40999984741211,31.739999771118164,1.041682387472353,0.21845873954829065,2.6692586434148375,False,0.13839655751062185,0.0,0.0,1.047051511581612,development_2019_2021,frozen_step_1_v1,2026-07-22
2020-04-14,20.110000610351562,29.600000381469727,1.0441343209478047,0.2541004554368893,2.8214795269282957,False,0.1421160202014517,0.0,0.0,1.047051511581612,development_2019_2021,frozen_step_1_v1,2026-07-22
2020-04-15,19.8700008392334,27.690000534057617,1.04604063184121,0.19423508997445538,1.6620196385531274,False,0.14412771023058507,0.0,-0.0,1.047051511581612,development_2019_2021,frozen_step_1_v1,2026-07-22
2020-04-16,19.8700008392334,27.81999969482422,1.048461116325266,0.19168356994599334,1.4985428201089173,False,0.1376694017743402,0.0,0.0,1.047051511581612,development_2019_2021,frozen_step_1_v1,2026-07-22
2020-04-17,18.270000457763672,28.079999923706055,1.0517764936955405,0.27937298444650915,2.4463601816797054,False,0.14179281254321288,0.0,0.0,1.047051511581612,development_2019_2021,frozen_step_1_v1,2026-07-22
2020-04-21,10.010000228881836,19.329999923706055,1.0539610157218515,0.5337699073898974,5.016107330892755,False,0.1301556052601359,0.0,0.0,1.047051511581612,development_2019_2021,frozen_step_1_v1,2026-07-22
2020-04-22,13.779999732971191,20.3700008392334,1.056301311105715,0.24315439865276156,1.1654819801359528,False,0.1,0.0,-0.0,1.047051511581612,development_2019_2021,frozen_step_1_v1,2026-07-22
2020-04-23,16.5,21.329999923706055,1.057323081121672,0.09605689347189994,-0.12548202007141177,False,0.1,0.0,-0.0,1.047051511581612,development_2019_2021,frozen_step_1_v1,2026-07-22
2020-04-24,16.940000534057617,21.440000534057617,1.0582328073252993,0.07080056285652692,-0.3678215040160913,False,0.1,0.0,-0.0,1.047051511581612,development_2019_2021,frozen_step_1_v1,2026-07-22
2020-04-27,12.779999732971191,19.989999771118164,1.0608281181534127,0.2923678764607538,1.4930906902912513,False,0.1,0.0,0.0,1.047051511581612,development_2019_2021,frozen_step_1_v1,2026-07-22
2020-04-28,12.34000015258789,20.459999084472656,1.0644466608878496,0.34368114892065993,1.8252754700008482,False,0.1,0.0,0.0,1.047051511581612,development_2019_2021,frozen_step_1_v1,2026-07-22
2020-04-29,15.0600004196167,22.540000915527344,1.0663590880936131,0.22328064839785444,0.6879631767605775,False,0.1,0.0,-0.0,1.047051511581612,development_2019_2021,frozen_step_1_v1,2026-07-22
2020-04-30,18.84000015258789,25.270000457763672,1.0672176836378056,0.09628573438942967,-0.4416640041028948,False,0.1,0.0,-0.0,1.047051511581612,development_2019_2021,frozen_step_1_v1,2026-07-22
2020-05-01,19.780000686645508,26.440000534057617,1.0682448083697103,0.08651834920186374,-0.5723733646722353,False,0.1,0.0,-0.0,1.047051511581612,development_2019_2021,frozen_step_1_v1,2026-07-22
2020-05-04,20.389999389648438,27.200000762939453,1.069261275912648,0.07934661390998654,-0.6202346671774961,False,0.1,0.0,-0.0,1.047051511581612,development_2019_2021,frozen_step_1_v1,2026-07-22
2020-05-05,24.559999465942383,30.969999313354492,1.069353247766596,0.009891885487875118,-1.2466736089354435,False,0.1,0.0,-0.0,1.047051511581612,development_2019_2021,frozen_step_1_v1,2026-07-22
2020-05-06,23.989999771118164,29.719999313354492,1.0692759074578846,-0.0059505619749185,-1.3269445358978116,False,0.1,0.0,-0.0,1.047051511581612,development_2019_2021,frozen_step_1_v1,2026-07-22
2020-05-07,23.549999237060547,29.459999084472656,1.0693465545066603,0.004833103236169478,-1.1899290573637786,False,0.1,0.0,0.0,1.047051511581612,development_2019_2021,frozen_step_1_v1,2026-07-22
2020-05-08,24.739999771118164,30.969999313354492,1.0693712167258038,0.0020255207473507397,-1.1922710648378505,False,0.1,0.0,-0.0,1.047051511581612,development_2019_2021,frozen_step_1_v1,2026-07-22
2020-05-11,24.139999389648438,29.6299991607666,1.069181145886369,-0.01534664524818341,-1.3207041622474835,False,0.1,0.0,-0.0,1.047051511581612,development_2019_2021,frozen_step_1_v1,2026-07-22
2020-05-12,25.780000686645508,29.979999542236328,1.0681708803449692,-0.07059657298454791,-1.7162589619622628,False,0.1,0.0,-0.0,1.047051511581612,development_2019_2021,frozen_step_1_v1,2026-07-22
2020-05-13,25.290000915527344,29.190000534057617,1.0672069373983994,-0.07368879566653819,-1.637245426143654,False,0.1,0.0,-0.0,1.047051511581612,development_2019_2021,frozen_step_1_v1,2026-07-22
2020-05-14,27.559999465942383,31.1299991607666,1.0661004308599964,-0.09740665287145944,-1.7313236401756817,False,0.1,0.0,-0.0,1.047051511581612,development_2019_2021,frozen_step_1_v1,2026-07-22
2020-05-15,29.43000030517578,32.5,1.0645990356342327,-0.11924936317108292,-1.7987650132639181,False,0.1,0.0,-0.0,1.047051511581612,development_2019_2021,frozen_step_1_v1,2026-07-22
2020-05-18,31.81999969482422,34.810001373291016,1.0631130507014195,-0.12856742405188148,-1.7211547240541927,False,0.1,0.0,-0.0,1.047051511581612,development_2019_2021,frozen_step_1_v1,2026-07-22
2020-05-19,32.5,34.650001525878906,1.0608701273273207,-0.14784584715770777,-1.727370261208003,False,0.1,0.0,-0.0,1.047051511581612,development_2019_2021,frozen_step_1_v1,2026-07-22
2020-05-20,33.4900016784668,35.75,1.058993555695155,-0.14183760951744429,-1.5624843077848365,False,0.1,0.0,-0.0,1.047051511581612,development_2019_2021,frozen_step_1_v1,2026-07-22
2020-05-21,33.91999816894531,36.060001373291016,1.0569750391413253,-0.13960081004445968,-1.435228552892523,False,0.1,0.0,-0.0,1.047051511581612,development_2019_2021,frozen_step_1_v1,2026-07-22
2020-05-22,33.25,35.130001068115234,1.055172173160791,-0.13832558679492113,-1.3247746111635683,False,0.1,0.0,-0.0,1.047051511581612,development_2019_2021,frozen_step_1_v1,2026-07-22
2020-05-26,34.349998474121094,36.16999816894531,1.0534188928885604,-0.1372933409581787,-1.230328396553897,False,0.1,0.0,-0.0,1.047051511581612,development_2019_2021,frozen_step_1_v1,2026-07-22
2020-05-27,32.810001373291016,34.7400016784668,1.0519334956088704,-0.12412756682129489,-1.0742004872537978,True,0.1,0.0,0.0,1.047051511581612,development_2019_2021,frozen_step_1_v1,2026-07-22
2020-05-28,33.709999084472656,35.290000915527344,1.0502036762831273,-0.13080105487024118,-1.0420850453666608,True,0.1,0.0,-0.0,1.047051511581612,development_2019_2021,frozen_step_1_v1,2026-07-22
2020-05-29,35.4900016784668,35.33000183105469,1.0477345621650336,-0.17489513516236066,-1.2235367459883508,True,0.1,0.0,-0.0,1.047051511581612,development_2019_2021,frozen_step_1_v1,2026-07-22
2020-06-01,35.439998626708984,38.31999969482422,1.0468482486545718,-0.08901624825152199,-0.6639709956144308,True,0.1005058367906732,0.0,0.0,1.047051511581612,development_2019_2021,frozen_step_1_v1,2026-07-22
2020-06-02,36.810001373291016,39.56999969482422,1.0457101567481708,-0.09251862992780469,-0.6363162715102029,True,0.1,0.0,-0.0,1.047051511581612,development_2019_2021,frozen_step_1_v1,2026-07-22
2020-06-03,37.290000915527344,39.790000915527344,1.0443935928023123,-0.09575778511876587,-0.6044652304286294,True,0.10038336379123523,0.0,-0.0,1.047051511581612,development_2019_2021,frozen_step_1_v1,2026-07-22
2020-06-04,37.40999984741211,39.9900016784668,1.043181266679538,-0.0897084520372391,-0.5439649245045348,True,0.10396701441992298,0.0,0.0,1.047051511581612,development_2019_2021,frozen_step_1_v1,2026-07-22
2020-06-05,39.54999923706055,42.29999923706055,1.042225313333146,-0.08806496983417311,-0.480925600927041,True,0.10761275610346784,0.0,-0.0,1.047051511581612,development_2019_2021,frozen_step_1_v1,2026-07-22
2020-06-08,38.189998626708984,40.79999923706055,1.0412381344144475,-0.08410454499062503,-0.4100772944677264,True,0.11139183274480748,0.0,0.0,1.047051511581612,development_2019_2021,frozen_step_1_v1,2026-07-22
2020-06-09,38.939998626708984,41.18000030517578,1.0400484696329881,-0.09072763111449689,-0.42440155505398025,True,0.11528668352907091,0.0,-0.0,1.047051511581612,development_2019_2021,frozen_step_1_v1,2026-07-22
2020-06-10,39.599998474121094,41.72999954223633,1.0388946498648064,-0.09069556506282561,-0.36962610552821595,True,0.11933641519936038,0.0,-0.0,1.047051511581612,development_2019_2021,frozen_step_1_v1,2026-07-22
2020-06-11,36.34000015258789,38.54999923706055,1.0381436508238948,-0.07801003728501898,-0.17613416904205256,True,0.12357474042445019,0.0,0.0,1.047051511581612,development_2019_2021,frozen_step_1_v1,2026-07-22
2020-06-12,36.2599983215332,38.72999954223633,1.0372664135660565,-0.0679137534442158,0.05895906255780772,True,0.12752791114283324,0.0,0.0,1.047051511581612,development_2019_2021,frozen_step_1_v1,2026-07-22
2020-06-15,37.119998931884766,39.720001220703125,1.0365159045874248,-0.0642751804805437,0.20601357000196624,True,0.131793730862873,0.0,0.0,1.047051511581612,development_2019_2021,frozen_step_1_v1,2026-07-22
2020-06-16,38.380001068115234,40.959999084472656,1.035767392455395,-0.06540343017937822,0.3022908343200576,True,0.13636779221005516,0.0,-0.0,1.047051511581612,development_2019_2021,frozen_step_1_v1,2026-07-22
2020-06-17,37.959999084472656,40.709999084472656,1.0350395653008138,-0.05748174335452472,0.6198465501744446,True,0.14113688120136358,0.0,0.0,1.047051511581612,development_2019_2021,frozen_step_1_v1,2026-07-22
2020-06-18,38.84000015258789,41.5099983215332,1.0343395687288885,-0.059180282736755796,0.6760543849169958,True,0.14589825084694333,0.0,-0.0,1.047051511581612,development_2019_2021,frozen_step_1_v1,2026-07-22
2020-06-19,39.75,42.189998626708984,1.0335722711614361,-0.06406022368144226,0.6417464771728543,True,0.15098472526619855,0.0,-0.0,1.047051511581612,development_2019_2021,frozen_step_1_v1,2026-07-22
2020-06-22,40.459999084472656,43.08000183105469,1.0328835360277275,-0.05893431677567973,0.891401486959715,True,0.15619549101124242,0.0,0.0,1.047051511581612,development_2019_2021,frozen_step_1_v1,2026-07-22
2020-06-23,40.369998931884766,42.630001068115234,1.0321029209156587,-0.06424804413391749,0.8929972398622302,True,0.16154399717999932,0.0,-0.0,1.047051511581612,development_2019_2021,frozen_step_1_v1,2026-07-22
2020-06-24,38.0099983215332,40.310001373291016,1.0315481982124317,-0.056017216499228084,1.2732111837921303,True,0.16708834009023124,0.0,0.0,1.047051511581612,development_2019_2021,frozen_step_1_v1,2026-07-22
2020-06-25,38.720001220703125,41.04999923706055,1.0309153450073874,-0.05460299291890269,1.2812701911908209,True,0.17254801517556048,0.0,-0.0,1.047051511581612,development_2019_2021,frozen_step_1_v1,2026-07-22
2020-06-26,38.4900016784668,41.02000045776367,1.0303298902458047,-0.04705493328891519,1.4618735551988074,True,0.1785484889265981,0.0,0.0,1.047051511581612,development_2019_2021,frozen_step_1_v1,2026-07-22
2020-06-29,39.70000076293945,41.709999084472656,1.0296424454011972,-0.05973457280522165,1.0011492055166686,True,0.18446359439122892,0.0,-0.0,1.047051511581612,development_2019_2021,frozen_step_1_v1,2026-07-22
2020-06-30,39.27000045776367,41.150001525878906,1.0289537218149571,-0.0595104193021192,0.9440864952126717,True,0.18992591307120418,0.0,-0.0,1.047051511581612,development_2019_2021,frozen_step_1_v1,2026-07-22
2020-07-01,39.81999969482422,42.029998779296875,1.0283898556428854,-0.05058438330453807,1.1380380086262714,True,0.19655719889799805,0.0,0.0,1.047051511581612,development_2019_2021,frozen_step_1_v1,2026-07-22
2020-07-02,40.650001525878906,43.13999938964844,1.0279089449061214,-0.043950856156577345,1.2719488350947235,True,0.20279466073148114,0.0,0.0,1.047051511581612,development_2019_2021,frozen_step_1_v1,2026-07-22
2020-07-06,40.630001068115234,43.099998474121094,1.027390197036634,-0.042450944012467406,1.2472585064169814,True,0.20947240778276582,0.0,-0.0,1.047051511581612,development_2019_2021,frozen_step_1_v1,2026-07-22
2020-07-07,40.619998931884766,43.08000183105469,1.026896590738776,-0.04083361452652001,1.2316550885913766,True,0.21672200130594388,0.0,-0.0,1.047051511581612,development_2019_2021,frozen_step_1_v1,2026-07-22
2020-07-08,40.900001525878906,43.290000915527344,1.0264132750879675,-0.04123151798166402,1.158863564286726,True,0.22421114270712914,0.0,-0.0,1.047051511581612,development_2019_2021,frozen_step_1_v1,2026-07-22
2020-07-09,39.619998931884766,42.349998474121094,1.0260989196375858,-0.029392272002898512,1.5062462850653195,True,0.23196403741411104,0.0,0.0,1.047051511581612,development_2019_2021,frozen_step_1_v1,2026-07-22
2020-07-10,40.54999923706055,43.2400016784668,1.0257626341507782,-0.031156804418227768,1.3617518455362516,True,0.23835776665238131,0.0,-0.0,1.047051511581612,development_2019_2021,frozen_step_1_v1,2026-07-22
2020-07-13,40.099998474121094,42.720001220703125,1.0254212234200915,-0.03054837458910198,1.3325525709516979,True,0.2464927871227737,0.0,-0.0,1.047051511581612,development_2019_2021,frozen_step_1_v1,2026-07-22
2020-07-14,40.290000915527344,42.900001525878906,1.0250761370759855,-0.029915453972090056,1.638084101445989,True,0.2549746575799614,0.0,-0.0,1.047051511581612,development_2019_2021,frozen_step_1_v1,2026-07-22
2020-07-15,41.20000076293945,43.790000915527344,1.0247438790825938,-0.031041360202454182,1.4663831903778344,True,0.26374977819215256,0.0,-0.0,1.047051511581612,development_2019_2021,frozen_step_1_v1,2026-07-22
2020-07-16,40.75,43.369998931884766,1.024427527137581,-0.028251884602905175,1.5172270721859265,True,0.2727826546755713,0.0,0.0,1.047051511581612,development_2019_2021,frozen_step_1_v1,2026-07-22
2020-07-17,40.59000015258789,43.13999938964844,1.0241059459958484,-0.028348002726164,1.4362542118015114,True,0.28205002259629536,0.0,-0.0,1.047051511581612,development_2019_2021,frozen_step_1_v1,2026-07-22
2020-07-20,40.810001373291016,43.279998779296875,1.023771067107657,-0.029401733701255317,1.303413549644292,True,0.2917418548764386,0.0,-0.0,1.047051511581612,development_2019_2021,frozen_step_1_v1,2026-07-22
2020-07-21,41.959999084472656,44.31999969482422,1.0234295560603077,-0.032830341005706476,1.054476212266155,True,0.3017276379878424,0.0,-0.0,1.047051511581612,development_2019_2021,frozen_step_1_v1,2026-07-22
2020-07-22,41.900001525878906,44.290000915527344,1.0230748006824661,-0.0307179015276704,1.1139288192110084,True,0.3117582975181742,0.0,0.0,1.047051511581612,development_2019_2021,frozen_step_1_v1,2026-07-22
2020-07-23,41.06999969482422,43.310001373291016,1.022749435146445,-0.03141480770719696,1.0383057313483075,True,0.3224010112337975,0.0,-0.0,1.047051511581612,development_2019_2021,frozen_step_1_v1,2026-07-22
2020-07-24,41.290000915527344,43.34000015258789,1.0223527737871327,-0.03471054774334448,0.8056330554512867,True,0.33346402596202224,0.0,-0.0,1.047051511581612,development_2019_2021,frozen_step_1_v1,2026-07-22
2020-07-27,41.599998474121094,43.40999984741211,1.0219106366137094,-0.039095352011797146,0.4527237200574967,True,0.3445180469659927,0.0,-0.0,1.047051511581612,development_2019_2021,frozen_step_1_v1,2026-07-22
2020-07-28,41.040000915527344,43.220001220703125,1.021596235740703,-0.028464081349572012,1.186548948490311,True,0.35562281572709953,0.0,0.0,1.047051511581612,development_2019_2021,frozen_step_1_v1,2026-07-22
2020-07-29,41.27000045776367,43.75,1.0213715275408968,-0.02114922793073193,1.665501307358743,True,0.3631687512147225,0.0,0.0,1.047051511581612,development_2019_2021,frozen_step_1_v1,2026-07-22
2020-07-30,39.91999816894531,42.939998626708984,1.0213136286543842,-0.0056543810228188995,2.732720392076948,True,0.3733757974802039,-0.3733757974802039,-0.00018668789874010195,1.046856057980021,development_2019_2021,frozen_step_1_v1,2026-07-22
2020-07-31,40.27000045776367,43.29999923706055,1.0212492754957776,-0.005983135566811626,2.360740814342348,True,0.3754105586601445,-0.3754105586601445,0.00010364065039151475,1.0469645604452722,development_2019_2021,frozen_step_1_v1,2026-07-22
2020-08-03,41.0099983215332,44.150001525878906,1.021198449184898,-0.004950074470427168,2.18527033659737,True,0.3881118413219479,-0.3881118413219479,-0.00016316440733524657,1.04679374702898,development_2019_2021,frozen_step_1_v1,2026-07-22
2020-08-04,41.70000076293945,44.43000030517578,1.021033491605637,-0.01505168784652211,1.3622271194368323,True,0.40129725388343135,-0.40129725388343135,0.002051290267004399,1.0489432287055285,development_2019_2021,frozen_step_1_v1,2026-07-22
2020-08-05,42.189998626708984,45.16999816894531,1.0209281681160425,-0.01006712345294325,1.5999313879631265,True,0.4080326483316852,-0.4080326483316852,-0.0009148443225065475,1.0479840477656321,development_2019_2021,frozen_step_1_v1,2026-07-22
2020-08-06,41.95000076293945,45.09000015258789,1.0208636598378977,-0.005774570678411806,1.8038495159743397,True,0.4206033072352069,-0.4206033072352069,-0.0008243015492335152,1.047120548832135,development_2019_2021,frozen_step_1_v1,2026-07-22
2020-08-07,41.220001220703125,44.400001525878906,1.0208308716133907,-0.003152521429192756,1.8468780739404884,True,0.4339207751523396,-0.4339207751523396,-0.000527008296653556,1.0465688530022128,development_2019_2021,frozen_step_1_v1,2026-07-22
2020-08-10,41.939998626708984,44.9900016784668,1.0207534262610158,-0.007339493751529869,1.4431455113204106,True,0.4483412792951649,-0.4483412792951649,0.0009539642818130912,1.0475677186717691,development_2019_2021,frozen_step_1_v1,2026-07-22
2020-08-11,41.61000061035156,44.5,1.020648785528003,-0.009837052628609566,1.1843975057922083,True,0.4616435675402724,-0.4616435675402724,0.0006340370898574689,1.0482321260667522,development_2019_2021,frozen_step_1_v1,2026-07-22
2020-08-12,42.66999816894531,45.43000030517578,1.0205024950663242,-0.014279402133615005,0.8385932858137585,True,0.47655147593660896,-0.47655147593660896,0.0011329079349196157,1.0494203495068044,development_2019_2021,frozen_step_1_v1,2026-07-22
2020-08-13,42.2400016784668,44.959999084472656,1.0203546019477314,-0.013789252964937049,0.8370692316750454,True,0.49048061402189097,-0.49048061402189097,8.005131743989174e-06,1.0494287502885815,development_2019_2021,frozen_step_1_v1,2026-07-22
2020-08-14,42.0099983215332,44.79999923706055,1.020229890606032,-0.011316985594666207,0.9793914746606663,True,0.5072168270432567,-0.5072168270432567,-0.0004953900530790335,1.0489090024738514,development_2019_2021,frozen_step_1_v1,2026-07-22
2020-08-17,42.88999938964844,45.369998931884766,1.0200281251421945,-0.019066100098031225,0.3070419832064026,True,0.5239123617329243,-0.5239123617329243,0.0021276150791003845,1.0511430528409953,development_2019_2021,frozen_step_1_v1,2026-07-22
2020-08-18,42.88999938964844,45.459999084472656,1.019846110306355,-0.01640024394326467,0.47689987634787384,True,0.5333077615145281,-0.5333077615145281,-0.0005186766209405455,1.0505979908818897,development_2019_2021,frozen_step_1_v1,2026-07-22
2020-08-19,42.93000030517578,45.369998931884766,1.0196412478595198,-0.018562482894667998,0.24010661236311515,True,0.550606275932179,0.0,0.0005076079407434237,1.0511314181390925,development_2019_2021,frozen_step_1_v1,2026-07-22
2020-08-20,42.58000183105469,44.900001525878906,1.0194319754757477,-0.019843689274331666,0.0679365960519704,True,0.5686042188960786,0.0,-0.0,1.0511314181390925,development_2019_2021,frozen_step_1_v1,2026-07-22
2020-08-21,42.34000015258789,44.349998474121094,1.0191667787118153,-0.025413216479970746,-0.4743968855897601,True,0.5877564514487768,0.0,-0.0,1.0511314181390925,development_2019_2021,frozen_step_1_v1,2026-07-22
2020-08-24,42.619998931884766,45.130001068115234,1.0190221395416075,-0.014153587257754285,0.554223737392381,True,0.6020544642646564,0.0,0.0,1.0511314181390925,development_2019_2021,frozen_step_1_v1,2026-07-22
2020-08-25,43.349998474121094,45.86000061035156,1.018868510908756,-0.01483458127284587,0.4450511669633766,True,0.5975362786943397,0.0,-0.0,1.0511314181390925,development_2019_2021,frozen_step_1_v1,2026-07-22
2020-08-26,43.38999938964844,45.63999938964844,1.0186528360807454,-0.019769937380865965,-0.07114781263886445,True,0.6177734005545569,0.0,-0.0,1.0511314181390925,development_2019_2021,frozen_step_1_v1,2026-07-22
2020-08-27,43.040000915527344,45.09000015258789,1.0184141044491324,-0.022745694921436854,-0.40294375928934023,True,0.6331629881326696,0.0,-0.0,1.0511314181390925,development_2019_2021,frozen_step_1_v1,2026-07-22
2020-08-28,42.970001220703125,45.04999923706055,1.0181813434265319,-0.021100241506906148,-0.26234542091340296,True,0.6527064281479473,0.0,0.0,1.0511314181390925,development_2019_2021,frozen_step_1_v1,2026-07-22
2020-08-31,42.61000061035156,45.279998779296875,1.0181045487810112,-0.007153452902367352,1.1228834373682395,True,0.6743042361276069,0.0,0.0,1.0511314181390925,development_2019_2021,frozen_step_1_v1,2026-07-22
2020-09-01,42.7599983215332,45.58000183105469,1.018062316284681,-0.0039688729866647066,1.3751175957523287,True,0.6470596694202603,0.0,0.0,1.0511314181390925,development_2019_2021,frozen_step_1_v1,2026-07-22
2020-09-02,41.5099983215332,44.43000030517578,1.0180687143092308,0.0006577593943126736,1.7735139466957917,True,0.6669996964595394,0.0,0.0,1.0511314181390925,development_2019_2021,frozen_step_1_v1,2026-07-22
2020-09-03,41.369998931884766,44.06999969482422,1.0180277672846056,-0.003886055180065018,1.183400122813931,True,0.6847160333393221,0.0,-0.0,1.0511314181390925,development_2019_2021,frozen_step_1_v1,2026-07-22
2020-09-04,39.77000045776367,42.65999984741211,1.0180619048350588,0.003624804568588491,1.906661416888687,True,0.7003974179346804,-0.7003974179346804,-0.0003501987089673402,1.050763377720906,development_2019_2021,frozen_step_1_v1,2026-07-22
2020-09-08,36.7599983215332,39.779998779296875,1.0181719170622265,0.013454946757683217,2.8716761288344324,True,0.708200357758368,-0.708200357758368,-0.0035532149064461446,1.0470364148951536,development_2019_2021,frozen_step_1_v1,2026-07-22
2020-09-09,38.04999923706055,40.790000915527344,1.0182045718273751,0.0032912757206666754,1.6058963371204988,True,0.7055247953328317,-0.7055247953328317,0.003523516446999479,1.0507321721307261,development_2019_2021,frozen_step_1_v1,2026-07-22
2020-09-10,37.29999923706055,40.060001373291016,1.0182589206878647,0.005306146575157378,1.7453861983931345,True,0.6929586719512162,-0.6929586719512162,-0.0007794007844807449,1.0499135497104068,development_2019_2021,frozen_step_1_v1,2026-07-22
2020-09-11,37.33000183105469,39.83000183105469,1.01824567511094,-0.0012225450808358573,0.9046512690006157,True,0.7156047838770612,-0.7156047838770612,0.002246731279903909,1.0522750751869385,development_2019_2021,frozen_step_1_v1,2026-07-22
2020-09-14,37.2599983215332,39.61000061035156,1.0181952516928119,-0.0046676639124023644,0.5107852419878356,True,0.723646130298094,-0.723646130298094,0.0012821903333779482,1.0536251574626567,development_2019_2021,frozen_step_1_v1,2026-07-22
2020-09-15,38.279998779296875,40.529998779296875,1.0181060418705399,-0.008880334732536355,0.05549421318831539,True,0.7434402655489623,0.0,0.0012652673392103432,1.0549591186929912,development_2019_2021,frozen_step_1_v1,2026-07-22
2020-09-16,40.15999984741211,42.220001220703125,1.0179514613458995,-0.016269839728403124,-0.7218998894903871,True,0.7616420410160604,0.0,-0.0,1.0549591186929912,development_2019_2021,frozen_step_1_v1,2026-07-22
2020-09-17,40.970001220703125,43.29999923706055,1.0178389628218105,-0.010920720853389465,-0.14406681945282668,True,0.7662566717239057,0.0,0.0,1.0549591186929912,development_2019_2021,frozen_step_1_v1,2026-07-22
2020-09-18,41.11000061035156,43.150001525878906,1.0176437908097518,-0.017137725440994345,-0.8048664485545831,True,0.7798097198264562,0.0,-0.0,1.0549591186929912,development_2019_2021,frozen_step_1_v1,2026-07-22
2020-09-21,39.310001373291016,41.439998626708984,1.017532485599084,-0.011602561802163791,-0.1720713669371292,True,0.7897143122527596,0.0,0.0,1.0549591186929912,development_2019_2021,frozen_step_1_v1,2026-07-22
2020-09-22,39.599998474121094,41.720001220703125,1.0174003331076684,-0.011861271769591397,-0.1711817882974628,True,0.8017451832350571,0.0,-0.0,1.0549591186929912,development_2019_2021,frozen_step_1_v1,2026-07-22
2020-09-23,39.93000030517578,41.77000045776367,1.0171914035229084,-0.01833644331284079,-0.8487804765384049,True,0.8291484902041537,0.0,-0.0,1.0549591186929912,development_2019_2021,frozen_step_1_v1,2026-07-22
2020-09-24,40.310001373291016,41.939998626708984,1.0169345801083602,-0.022959980712083716,-1.2983031149132431,True,0.8359281462559472,0.0,-0.0,1.0549591186929912,development_2019_2021,frozen_step_1_v1,2026-07-22
2020-09-25,40.25,41.91999816894531,1.016696787965441,-0.02104347577503285,-1.038061327611104,True,0.8540237285069432,0.0,0.0,1.0549591186929912,development_2019_2021,frozen_step_1_v1,2026-07-22
2020-09-28,40.599998474121094,42.43000030517578,1.016514640692478,-0.017078760825402384,-0.5940630408767946,True,0.8806727844702672,0.0,0.0,1.0549591186929912,development_2019_2021,frozen_step_1_v1,2026-07-22
2020-09-29,39.290000915527344,41.029998779296875,1.016353020601102,-0.016698029135600923,-0.5327958896097907,True,0.8997258703269708,0.0,-0.0,1.0549591186929912,development_2019_2021,frozen_step_1_v1,2026-07-22
2020-09-30,40.220001220703125,40.95000076293945,1.0158957248475173,-0.04073718598753029,-2.982741865748793,True,0.9303359116629896,0.9303359116629896,-0.0004651679558314948,1.0544684996352418,development_2019_2021,frozen_step_1_v1,2026-07-22
2020-10-01,38.720001220703125,40.93000030517578,1.0158678184771468,-0.0025113939343768266,0.8608406582742455,True,0.697010194130262,0.0,0.01712894628730217,1.0726860119045074,development_2019_2021,frozen_step_1_v1,2026-07-22
2020-10-02,37.04999923706055,39.27000045776367,1.0158756099450914,0.0008455860544671623,1.1063075045597819,True,0.4711018352666129,0.0,0.0,1.0726860119045074,development_2019_2021,frozen_step_1_v1,2026-07-22
2020-10-05,39.220001220703125,41.290000915527344,1.0158155282549772,-0.00659661815050594,0.380576397656418,True,0.48617318307104557,0.0,-0.0,1.0726860119045074,development_2019_2021,frozen_step_1_v1,2026-07-22
2020-10-06,40.66999816894531,42.650001525878906,1.0157084924605064,-0.010671037511532422,-0.033668685889858704,True,0.4962654690387817,0.0,-0.0,1.0726860119045074,development_2019_2021,frozen_step_1_v1,2026-07-22
2020-10-07,39.95000076293945,41.9900016784668,1.015624113666947,-0.007813086475044972,0.21462201893808575,True,0.5111389834258948,0.0,0.0,1.0726860119045074,development_2019_2021,frozen_step_1_v1,2026-07-22
2020-10-08,41.189998626708984,43.34000015258789,1.015553609774982,-0.006950836965587293,0.27220671789954265,True,0.5275558719566436,0.0,0.0,1.0726860119045074,development_2019_2021,frozen_step_1_v1,2026-07-22
2020-10-09,40.599998474121094,42.849998474121094,1.0155145309009956,-0.00352464312686962,0.5518751537190627,True,0.5454244115775623,0.0,0.0,1.0726860119045074,development_2019_2021,frozen_step_1_v1,2026-07-22
2020-10-12,39.43000030517578,41.720001220703125,1.015509038182022,-0.0005346750929491328,0.7856348973323058,True,0.5623201627886312,0.0,0.0,1.0726860119045074,development_2019_2021,frozen_step_1_v1,2026-07-22
2020-10-13,40.20000076293945,42.45000076293945,1.0154797769855866,-0.0027203214740292303,0.5229005835901009,True,0.5801171146727385,0.0,-0.0,1.0726860119045074,development_2019_2021,frozen_step_1_v1,2026-07-22
2020-10-14,41.040000915527344,43.31999969482422,1.0154445480763588,-0.0033023112527454934,0.45119869513371696,True,0.5986950760878897,0.0,-0.0,1.0726860119045074,development_2019_2021,frozen_step_1_v1,2026-07-22
2020-10-15,40.959999084472656,43.15999984741211,1.015389261773089,-0.004815932586192062,0.30487211226648026,True,0.6189029158405008,0.0,-0.0,1.0726860119045074,development_2019_2021,frozen_step_1_v1,2026-07-22
2020-10-16,40.880001068115234,42.93000030517578,1.0153006277547345,-0.007845218922757358,0.03476475768406169,True,0.6392933412280227,0.0,-0.0,1.0726860119045074,development_2019_2021,frozen_step_1_v1,2026-07-22
2020-10-19,40.83000183105469,42.619998931884766,1.015152658791044,-0.013301080958473932,-0.4777717499520772,True,0.6585965919452542,0.0,-0.0,1.0726860119045074,development_2019_2021,frozen_step_1_v1,2026-07-22
2020-10-20,41.459999084472656,43.15999984741211,1.0149831839271177,-0.015623249029038888,-0.6607171185455436,True,0.6730489967351477,0.0,-0.0,1.0726860119045074,development_2019_2021,frozen_step_1_v1,2026-07-22
2020-10-21,40.029998779296875,41.72999954223633,1.0148531439782071,-0.013211451755854142,-0.3583880546029669,True,0.6946336230455308,0.0,0.0,1.0726860119045074,development_2019_2021,frozen_step_1_v1,2026-07-22
2020-10-22,40.63999938964844,42.459999084472656,1.014738491769892,-0.01079282201787013,-0.041134444376408646,True,0.7161911488634494,0.0,0.0,1.0726860119045074,development_2019_2021,frozen_step_1_v1,2026-07-22
2020-10-23,39.849998474121094,41.77000045776367,1.0146643154339636,-0.006983774279073707,0.46836861457325785,True,0.7384483078297525,0.0,0.0,1.0726860119045074,development_2019_2021,frozen_step_1_v1,2026-07-22
2020-10-26,38.560001373291016,40.459999084472656,1.0146122443304915,-0.005268761556982415,0.7067108349359219,True,0.7580936158460039,0.0,0.0,1.0726860119045074,development_2019_2021,frozen_step_1_v1,2026-07-22
2020-10-27,39.56999969482422,41.20000076293945,1.0144760066553737,-0.012876756672030254,-0.2052240942801479,True,0.782758795034347,0.0,-0.0,1.0726860119045074,development_2019_2021,frozen_step_1_v1,2026-07-22
2020-10-28,37.38999938964844,39.119998931884766,1.0144121456771975,-0.006961646323569326,0.5230969686418845,False,0.783856256157671,0.0,0.0,1.0726860119045074,development_2019_2021,frozen_step_1_v1,2026-07-22
2020-10-29,36.16999816894531,37.650001525878906,1.014303408700777,-0.011220920702278647,-0.027325015415656465,True,0.7945186135035112,0.0,-0.0,1.0726860119045074,development_2019_2021,frozen_step_1_v1,2026-07-22
2020-10-30,35.790000915527344,37.459999084472656,1.0142435283194404,-0.00535350109726096,0.682094160542807,True,0.8130882041951573,0.0,0.0,1.0726860119045074,development_2019_2021,frozen_step_1_v1,2026-07-22
2020-11-02,36.810001373291016,38.970001220703125,1.014296450090792,0.005472861069773849,1.9464960099024142,True,0.8237086958029616,-0.8237086958029616,-0.0004118543479014808,1.0722443124707313,development_2019_2021,frozen_step_1_v1,2026-07-22
2020-11-03,37.65999984741211,39.709999084472656,1.0143080866011664,0.0010862010572889602,1.2695980541920038,True,0.79736717981599,-0.79736717981599,0.0017634046497194767,1.0741367811806375,development_2019_2021,frozen_step_1_v1,2026-07-22
2020-11-04,39.150001525878906,41.22999954223633,1.014301256013626,-0.0006827586990256762,0.9932556812681141,True,0.8136835521605816,-0.8136835521605816,0.0007020037339789241,1.0748910939460417,development_2019_2021,frozen_step_1_v1,2026-07-22
2020-11-05,38.790000915527344,40.93000030517578,1.0143164637955586,0.0013288418444528105,1.1532560171630404,True,0.839212245482188,-0.839212245482188,-0.0008478298819552225,1.073980155371785,development_2019_2021,frozen_step_1_v1,2026-07-22
2020-11-06,37.13999938964844,39.45000076293945,1.0143989124678803,0.0082918568682806,1.8823233614240025,True,0.8658173106831123,-0.8658173106831123,-0.0030384255925532773,1.0707218990731644,development_2019_2021,frozen_step_1_v1,2026-07-22
2020-11-09,40.290000915527344,42.400001525878906,1.0143801624021236,-0.002105489725407139,0.5749038494246184,True,0.8688875647657226,-0.8688875647657226,0.004497179421152176,1.0755479712859854,development_2019_2021,frozen_step_1_v1,2026-07-22
2020-11-10,41.36000061035156,43.61000061035156,1.014374367791008,-0.0005336630975922851,0.7071886902295217,True,0.8342498377930866,-0.8342498377930866,-0.000686010545569273,1.0748103870596226,development_2019_2021,frozen_step_1_v1,2026-07-22
2020-11-11,41.45000076293945,43.79999923706055,1.0143929329693475,0.0015395952864611928,0.8962165739471353,True,0.8613764314316726,-0.8613764314316726,-0.0009008364654357577,1.0738425946463261,development_2019_2021,frozen_step_1_v1,2026-07-22
2020-11-12,41.119998931884766,43.529998779296875,1.0144320874380228,0.0033189573896081903,1.4028779704214236,True,0.8882851985851488,-0.8882851985851488,-0.0008365538819017299,1.0729446431000165,development_2019_2021,frozen_step_1_v1,2026-07-22
2020-11-13,40.130001068115234,42.779998779296875,1.0145453192209932,0.010243338973593197,2.49219776335491,True,0.9166175940394468,-0.9166175940394468,-0.0032518962655626866,1.0694612053807486,development_2019_2021,frozen_step_1_v1,2026-07-22
2020-11-16,41.34000015258789,43.81999969482422,1.0145880695964455,0.0039654460528733,1.273690308528534,True,0.9163877218232233,-0.9163877218232233,0.0027839298521288467,1.072442658508697,development_2019_2021,frozen_step_1_v1,2026-07-22
2020-11-17,41.43000030517578,43.75,1.0145898983934913,0.00015349093761418686,0.6157433798161454,True,0.9167731596315352,-0.9167731596315352,0.001730676188635775,1.0743003165200211,development_2019_2021,frozen_step_1_v1,2026-07-22
2020-11-18,41.81999969482422,44.34000015258789,1.0146333518360588,0.003880735599993912,1.1382863522062137,True,0.936421666861242,-0.936421666861242,-0.0017797944737669368,1.0723899832580792,development_2019_2021,frozen_step_1_v1,2026-07-22
2020-11-19,41.7400016784668,44.20000076293945,1.0146631048103796,0.0025500762599950377,0.8639839004895565,True,0.9579499772016296,-0.9579499772016296,0.0005561354248659072,1.072986543185719,development_2019_2021,frozen_step_1_v1,2026-07-22
2020-11-20,42.150001525878906,44.959999084472656,1.0147643902281203,0.009301415222604081,1.823508671500677,True,0.9885063931742969,-0.9885063931742969,-0.003405643271693375,1.0693385491933078,development_2019_2021,frozen_step_1_v1,2026-07-22
2020-11-23,43.060001373291016,46.060001373291016,1.0148846427089422,0.011345525233273257,1.9607880580690347,True,0.9841098123699048,-0.9841098123699048,-0.0012270942331249382,1.0680271747808754,development_2019_2021,frozen_step_1_v1,2026-07-22
2020-11-24,44.90999984741211,47.86000061035156,1.0149527404507166,0.006729510815177253,1.1752846791751803,True,1.014499999983875,-1.014499999983875,0.0021128142096968495,1.070286103279892,development_2019_2021,frozen_step_1_v1,2026-07-22
2020-11-25,45.709999084472656,48.61000061035156,1.0149997952271552,0.004178237920861694,0.773631068937409,True,1.0253971368607908,-1.0253971368607908,0.0011885249092717317,1.071558921211765,development_2019_2021,frozen_step_1_v1,2026-07-22
2020-11-27,45.529998779296875,48.18000030517578,1.014992036044342,-0.0006725810122678588,0.10401245960987601,True,1.0525776329269643,0.0,0.0019708727705979624,1.0736729100288838,development_2019_2021,frozen_step_1_v1,2026-07-22
2020-11-30,45.34000015258789,47.59000015258789,1.014897540238333,-0.008389033869815599,-0.9196071066323579,True,1.0622220644294909,0.0,-0.0,1.0736729100288838,development_2019_2021,frozen_step_1_v1,2026-07-22
2020-12-01,44.54999923706055,47.41999816894531,1.0149627509384431,0.0056241434196731,0.9076218608494759,True,1.0368682861293292,0.0,0.0,1.0736729100288838,development_2019_2021,frozen_step_1_v1,2026-07-22
2020-12-02,45.279998779296875,48.25,1.015030266457019,0.006222037818061743,0.9326432193160759,True,0.9067112666400181,0.0,0.0,1.0736729100288838,development_2019_2021,frozen_step_1_v1,2026-07-22
2020-12-03,45.63999938964844,48.709999084472656,1.0151129403571262,0.007356528960723363,1.0511833598810894,True,0.9372049923640497,0.0,0.0,1.0736729100288838,development_2019_2021,frozen_step_1_v1,2026-07-22
2020-12-04,46.2599983215332,49.25,1.0151629779234954,0.004492680185637532,0.5714185780340781,True,0.9680840328511784,0.0,-0.0,1.0736729100288838,development_2019_2021,frozen_step_1_v1,2026-07-22
2020-12-07,45.7599983215332,48.790000915527344,1.015228588269643,0.005889940797772386,0.7420077832857241,True,0.9930537059242772,0.0,0.0,1.0736729100288838,development_2019_2021,frozen_step_1_v1,2026-07-22
2020-12-08,45.599998474121094,48.84000015258789,1.0153439287855295,0.010029577852520788,1.3591790171584925,True,1.0250182939595942,0.0,0.0,1.0736729100288838,development_2019_2021,frozen_step_1_v1,2026-07-22
2020-12-09,45.52000045776367,48.86000061035156,1.0154777540500155,0.011710863962965057,1.5382374778531114,True,1.0433318128738016,0.0,0.0,1.0736729100288838,development_2019_2021,frozen_step_1_v1,2026-07-22
2020-12-10,46.779998779296875,50.25,1.0155948475139385,0.011585516067820212,1.4925542521978814,True,1.076078460072649,0.0,0.0,1.0736729100288838,development_2019_2021,frozen_step_1_v1,2026-07-22
2020-12-11,46.56999969482422,49.970001220703125,1.0157082529972137,0.010131582097966607,1.1553660449948246,True,1.1121433665931173,0.0,-0.0,1.0736729100288838,development_2019_2021,frozen_step_1_v1,2026-07-22
2020-12-14,46.9900016784668,50.290000915527344,1.0157870523102142,0.007092296704983347,0.5541205183923088,True,1.146059112806157,0.0,-0.0,1.0736729100288838,development_2019_2021,frozen_step_1_v1,2026-07-22
2020-12-15,47.619998931884766,50.7599983215332,1.0158171524360007,0.002750132419659046,-0.4123447069664353,True,1.1704570024801524,0.0,-0.0,1.0736729100288838,development_2019_2021,frozen_step_1_v1,2026-07-22
2020-12-16,47.81999969482422,51.08000183105469,1.015867846457581,0.004581104491193422,-0.006889286814032908,True,1.1814971879578973,0.0,0.0,1.0736729100288838,development_2019_2021,frozen_step_1_v1,2026-07-22
2020-12-17,48.36000061035156,51.5,1.0158821559730196,0.0013070791383986702,-0.7277574735828165,True,1.216088017035621,0.0,-0.0,1.0736729100288838,development_2019_2021,frozen_step_1_v1,2026-07-22
2020-12-18,49.099998474121094,52.2599983215332,1.0158875633040936,0.0005082928324635638,-0.9245257607110995,True,1.2392889529980944,0.0,-0.0,1.0736729100288838,development_2019_2021,frozen_step_1_v1,2026-07-22
2020-12-21,47.7400016784668,50.90999984741211,1.0159154140195432,0.0027643842673241714,-0.43005973508744955,True,1.2803236416255652,0.0,0.0,1.0736729100288838,development_2019_2021,frozen_step_1_v1,2026-07-22
2020-12-22,47.02000045776367,50.08000183105469,1.0159332266196461,0.0016966574404819745,-0.6242434169877419,True,1.3130790598689823,0.0,-0.0,1.0736729100288838,development_2019_2021,frozen_step_1_v1,2026-07-22
2020-12-23,48.119998931884766,51.20000076293945,1.0159364080500348,0.00030884813556042445,-0.9811739218266325,True,1.3551988803950774,0.0,-0.0,1.0736729100288838,development_2019_2021,frozen_step_1_v1,2026-07-22
2020-12-24,48.22999954223633,51.290000915527344,1.0159336480725802,-0.00024392610696244432,-1.1184495792083555,True,1.3969105044979964,0.0,-0.0,1.0736729100288838,development_2019_2021,frozen_step_1_v1,2026-07-22
2020-12-28,47.619998931884766,50.86000061035156,1.0159781433307995,0.004096346106683857,-0.12945913581231025,True,1.443694604463399,0.0,0.0,1.0736729100288838,development_2019_2021,frozen_step_1_v1,2026-07-22
2020-12-29,48.0,51.09000015258789,1.0159837878325884,0.0005113198058106505,-0.9310160977070373,True,1.439867139995643,0.0,-0.0,1.0736729100288838,development_2019_2021,frozen_step_1_v1,2026-07-22
2020-12-30,48.400001525878906,51.34000015258789,1.015951764776155,-0.0029145358144506694,-1.642105850938346,True,1.453213812252511,0.0,-0.0,1.0736729100288838,development_2019_2021,frozen_step_1_v1,2026-07-22
2020-12-31,48.52000045776367,51.79999923706055,1.0159877583425851,0.0033499453517542577,-0.17303060580846305,True,1.470788902600137,0.0,0.0,1.0736729100288838,development_2019_2021,frozen_step_1_v1,2026-07-22
2021-01-04,47.619998931884766,51.09000015258789,1.0160738334939519,0.008238685148931335,0.8688613062917069,True,1.4105994425637034,0.0,0.0,1.0736729100288838,development_2019_2021,frozen_step_1_v1,2026-07-22
2021-01-05,49.93000030517578,53.599998474121094,1.0161453961573694,0.007788467078104766,0.7298688751890636,True,1.399473455785859,0.0,-0.0,1.0736729100288838,development_2019_2021,frozen_step_1_v1,2026-07-22
2021-01-06,50.630001068115234,54.29999923706055,1.016214099184032,0.006346955164036938,0.37915155048883736,True,1.4456801349000366,0.0,-0.0,1.0736729100288838,development_2019_2021,frozen_step_1_v1,2026-07-22
2021-01-07,50.83000183105469,54.380001068115234,1.0162556579256363,0.003649554306521363,-0.18103397818736774,True,1.4876618000686734,0.0,-0.0,1.0736729100288838,development_2019_2021,frozen_step_1_v1,2026-07-22
2021-01-08,52.2400016784668,55.9900016784668,1.0163043042992903,0.004827258256021594,0.1369531717442889,True,1.5148536651335136,0.0,0.0,1.0736729100288838,development_2019_2021,frozen_step_1_v1,2026-07-22
2021-01-11,52.25,55.65999984741211,1.0162905742005217,-0.0012242988706372415,-1.2291459356520318,True,1.5616295230323365,0.0,-0.0,1.0736729100288838,development_2019_2021,frozen_step_1_v1,2026-07-22
2021-01-12,53.209999084472656,56.58000183105469,1.0162564049898288,-0.0031976910593245478,-1.5987294997173256,True,1.4960372324514073,0.0,-0.0,1.0736729100288838,development_2019_2021,frozen_step_1_v1,2026-07-22
2021-01-13,52.90999984741211,56.060001373291016,1.0161858919975082,-0.006404991023178042,-2.238232511872717,True,1.5360787357485866,1.5360787357485866,-0.0007680393678742933,1.072848603556193,development_2019_2021,frozen_step_1_v1,2026-07-22
2021-01-14,53.56999969482422,56.41999816894531,1.0160515478769672,-0.012066569885096357,-3.6175774514982466,True,1.5572437942454598,1.5572437942454598,-0.004731456927800986,1.0677844564428387,development_2019_2021,frozen_step_1_v1,2026-07-22
2021-01-15,52.36000061035156,55.099998474121094,1.0159283580548921,-0.012039982415592121,-2.910795355271757,True,1.5134706404044131,1.5134706404044131,-0.0003779853381732816,1.0673809258431037,development_2019_2021,frozen_step_1_v1,2026-07-22
2021-01-19,52.97999954223633,55.900001525878906,1.0158300315238893,-0.009193939035595733,-2.0051322454906133,True,1.5645392009658654,1.5645392009658654,0.0018180942234598783,1.0693232901041967,development_2019_2021,frozen_step_1_v1,2026-07-22
2021-01-20,53.2400016784668,56.08000183105469,1.0157121272575587,-0.010483470614496504,-2.0212225027451955,True,1.5826827855846761,1.5826827855846761,-0.0013736409075338963,1.0678554322751181,development_2019_2021,frozen_step_1_v1,2026-07-22
2021-01-21,53.130001068115234,56.099998474121094,1.0156252426181254,-0.007681029105287784,-1.4070596617710527,True,1.632215188927279,1.632215188927279,0.0019046169140692509,1.0698912258812634,development_2019_2021,frozen_step_1_v1,2026-07-22
2021-01-22,52.27000045776367,55.40999984741211,1.0155898362943203,-0.0033425020253048388,-0.6728577787435879,True,1.6511927468681804,1.6511927468681804,0.003390332311139419,1.0735246684823603,development_2019_2021,frozen_step_1_v1,2026-07-22
2021-01-25,52.77000045776367,55.880001068115234,1.01554260236141,-0.004377375389381655,-0.7768203873166241,True,1.626948023220188,1.626948023220188,-0.0010133620337765333,1.0724373503574982,development_2019_2021,frozen_step_1_v1,2026-07-22
2021-01-26,52.61000061035156,55.90999984741211,1.0155345228415829,-0.0007248323424970948,-0.1563274602680951,True,1.6783062280226253,0.0,0.0021090171547004984,1.0747015258800074,development_2019_2021,frozen_step_1_v1,2026-07-22
2021-01-27,52.849998474121094,55.810001373291016,1.0154591568440032,-0.006838144637795196,-1.1075126272746654,True,1.676416876672235,0.0,-0.0,1.0747015258800074,development_2019_2021,frozen_step_1_v1,2026-07-22
2021-01-28,52.34000015258789,55.529998779296875,1.0154382725525406,-0.0019384982188297428,-0.21207922034184182,True,1.5865953575621974,0.0,0.0,1.0747015258800074,development_2019_2021,frozen_step_1_v1,2026-07-22
2021-01-29,52.20000076293945,55.880001068115234,1.015510591687382,0.006778374104088769,1.3720506636013727,True,1.5526452035036276,0.0,0.0,1.0747015258800074,development_2019_2021,frozen_step_1_v1,2026-07-22
2021-02-01,53.54999923706055,56.349998474121094,1.015400867799818,-0.010338506669742564,-1.6319216257186149,True,1.3892719889784269,0.0,-0.0,1.0747015258800074,development_2019_2021,frozen_step_1_v1,2026-07-22
2021-02-02,54.7599983215332,57.459999084472656,1.0152689956696195,-0.012992110595135387,-1.9514138111866703,True,1.001380658469448,1.001380658469448,-0.000500690329234724,1.0741635679056016,development_2019_2021,frozen_step_1_v1,2026-07-22
2021-02-03,55.689998626708984,58.459999084472656,1.01514165578247,-0.01232426550932697,-1.664117401369148,True,1.0300265237286588,1.0300265237286588,6.317514232966627e-05,1.0742314304854808,development_2019_2021,frozen_step_1_v1,2026-07-22
2021-02-04,56.22999954223633,58.84000015258789,1.0149785576416883,-0.014983871129558679,-1.9367845845680292,True,1.064214911246813,1.064214911246813,-0.001712455658809317,1.0723934309889562,development_2019_2021,frozen_step_1_v1,2026-07-22
2021-02-05,56.849998474121094,59.34000015258789,1.0147962697789734,-0.016915663938243064,-2.0405752522751333,True,1.0937549177751504,1.0937549177751504,-0.001424044074936128,1.0708673823157313,development_2019_2021,frozen_step_1_v1,2026-07-22
2021-02-08,57.970001220703125,60.560001373291016,1.0146352084839505,-0.015708883014296404,-1.6774595050878658,True,1.1276727651613063,1.1276727651613063,0.0002831804237990042,1.071170673935986,development_2019_2021,frozen_step_1_v1,2026-07-22
2021-02-09,58.36000061035156,61.09000015258789,1.014491937419008,-0.013215903058522827,-1.213453207640388,True,1.1630083788798644,1.1630083788798644,0.0010516319979379635,1.072297743819455,development_2019_2021,frozen_step_1_v1,2026-07-22
2021-02-10,58.68000030517578,61.470001220703125,1.0143603195913706,-0.012026330149417674,-0.9807240120422241,True,1.1917479418692138,1.1917479418692138,0.0003629741648356827,1.072687030843765,development_2019_2021,frozen_step_1_v1,2026-07-22
2021-02-11,58.2400016784668,61.13999938964844,1.0142581314726222,-0.00935933435397196,-0.570233113881623,True,1.2294752428304607,1.2294752428304607,0.0013132679509425967,1.0740966817648534,development_2019_2021,frozen_step_1_v1,2026-07-22
2021-02-12,59.470001220703125,62.43000030517578,1.014163300545389,-0.009289838148823115,-0.5204995850618257,True,1.2578781070584528,1.2578781070584528,-0.00020826326309870253,1.0738730101771214,development_2019_2021,frozen_step_1_v1,2026-07-22
2021-02-16,60.04999923706055,63.349998474121094,1.014117747078952,-0.004317333834386261,0.15728953061073186,True,1.3006528483344917,0.0,0.002359968419874674,1.0764103093634576,development_2019_2021,frozen_step_1_v1,2026-07-22
2021-02-17,61.13999938964844,64.33999633789062,1.0140463768374866,-0.006759925523107668,-0.1311201306618793,True,1.2951070264876716,0.0,-0.0,1.0764103093634576,development_2019_2021,frozen_step_1_v1,2026-07-22
2021-02-18,60.52000045776367,63.93000030517578,1.0140168071847673,-0.002695750922917739,0.5117177514887541,True,1.3263945741699392,0.0,0.0,1.0764103093634576,development_2019_2021,frozen_step_1_v1,2026-07-22
2021-02-19,59.2400016784668,62.90999984741211,1.0140457556509952,0.002778999046602948,1.4427517590351002,True,1.3364879250323773,0.0,0.0,1.0764103093634576,development_2019_2021,frozen_step_1_v1,2026-07-22
2021-02-22,61.4900016784668,65.23999786376953,1.014058258766925,0.0012939529704310004,1.2754568629892347,True,1.3207569288189795,0.0,-0.0,1.0764103093634576,development_2019_2021,frozen_step_1_v1,2026-07-22
2021-02-23,61.66999816894531,65.37000274658203,1.014061729095481,0.0003063196628865228,1.1532830678800323,True,1.3592045311119334,0.0,-0.0,1.0764103093634576,development_2019_2021,frozen_step_1_v1,2026-07-22
2021-02-24,63.220001220703125,67.04000091552734,1.0140652573617726,0.0003454560397733175,1.2325074037439643,True,1.4021232720456598,0.0,0.0,1.0764103093634576,development_2019_2021,frozen_step_1_v1,2026-07-22
2021-02-25,63.529998779296875,66.87999725341797,1.0139893185368105,-0.00668911515469528,0.03911594606174691,True,1.449632815863822,0.0,-0.0,1.0764103093634576,development_2019_2021,frozen_step_1_v1,2026-07-22
2021-02-26,61.5,66.12999725341797,1.014143224694033,0.01432881705457767,3.5863828274457337,True,1.3691119754547354,-1.3691119754547354,-0.0006845559877273677,1.0756736983954214,development_2019_2021,frozen_step_1_v1,2026-07-22
2021-03-01,60.63999938964844,63.689998626708984,1.0140601282502015,-0.008643378430704729,-0.32209317698068957,False,0.8907439870370637,0.0,0.015162639693640408,1.0921080301768935,development_2019_2021,frozen_step_1_v1,2026-07-22
2021-03-02,59.75,62.70000076293945,1.013965763972401,-0.008930068530712987,-0.38198727025587753,False,0.6875805629272812,0.0,-0.0,1.0921080301768935,development_2019_2021,frozen_step_1_v1,2026-07-22
2021-03-03,61.279998779296875,64.06999969482422,1.0138371299155156,-0.012423339441514969,-0.9001700290412639,False,0.7109250773338582,0.0,-0.0,1.0921080301768935,development_2019_2021,frozen_step_1_v1,2026-07-22
2021-03-04,63.83000183105469,66.73999786376953,1.013716648860282,-0.012428342613876708,-0.876299058095575,False,0.7312518706264265,0.0,-0.0,1.0921080301768935,development_2019_2021,frozen_step_1_v1,2026-07-22
2021-03-05,66.08999633789062,69.36000061035156,1.0136285839750945,-0.008824685295549806,-0.3544526744738873,False,0.756088340639147,0.0,0.0,1.0921080301768935,development_2019_2021,frozen_step_1_v1,2026-07-22
2021-03-08,65.05000305175781,68.23999786376953,1.013533554307037,-0.008630083868871097,-0.32124793711731275,False,0.7759667777927867,0.0,-0.0,1.0921080301768935,development_2019_2021,frozen_step_1_v1,2026-07-22
2021-03-09,64.01000213623047,67.5199966430664,1.013502490928572,-0.0027729451132945115,0.5266348085487915,False,0.8022918144320654,0.0,0.0,1.0921080301768935,development_2019_2021,frozen_step_1_v1,2026-07-22
2021-03-10,64.44000244140625,67.9000015258789,1.0134595225888094,-0.00376733805465701,0.37808188529080655,False,0.8129333837558377,0.0,-0.0,1.0921080301768935,development_2019_2021,frozen_step_1_v1,2026-07-22
2021-03-11,66.0199966430664,69.62999725341797,1.0134279048066357,-0.003024558880243333,0.5008402557714537,False,0.839926003333883,0.0,0.0,1.0921080301768935,development_2019_2021,frozen_step_1_v1,2026-07-22
2021-03-12,65.61000061035156,69.22000122070312,1.0133994723077633,-0.0024980260739697613,0.5550366696791845,False,0.8681520261468071,0.0,0.0,1.0921080301768935,development_2019_2021,frozen_step_1_v1,2026-07-22
2021-03-15,65.38999938964844,68.87999725341797,1.0133559834758756,-0.003836455719017806,0.36975859017403473,False,0.8974765776703407,0.0,-0.0,1.0921080301768935,development_2019_2021,frozen_step_1_v1,2026-07-22
2021-03-16,64.80000305175781,68.38999938964844,1.0133369576551814,-0.0017115710947379625,0.7660760529831955,False,0.926555567972416,0.0,0.0,1.0921080301768935,development_2019_2021,frozen_step_1_v1,2026-07-22
2021-03-17,64.5999984741211,68.0,1.013291294031484,-0.004107644998145865,0.3613963620037859,False,0.9547184254038403,0.0,-0.0,1.0921080301768935,development_2019_2021,frozen_step_1_v1,2026-07-22
2021-03-18,60.0,63.279998779296875,1.0132815018710857,-0.0011543030172296298,0.7704038936382512,False,0.9820684410045422,0.0,0.0,1.0921080301768935,development_2019_2021,frozen_step_1_v1,2026-07-22
2021-03-19,61.41999816894531,64.52999877929688,1.0132279302503042,-0.005074389957169245,0.11933512429437217,False,1.0076889278850063,0.0,-0.0,1.0921080301768935,development_2019_2021,frozen_step_1_v1,2026-07-22
2021-03-22,61.54999923706055,64.62000274658203,1.013164206928474,-0.0055603931461734035,-0.00559686853893333,False,1.0267222681707815,0.0,-0.0,1.0921080301768935,development_2019_2021,frozen_step_1_v1,2026-07-22
2021-03-23,57.7599983215332,60.790000915527344,1.013144783652496,-0.0021902881738329327,0.4979783928734615,False,1.0613618015321358,0.0,0.0,1.0921080301768935,development_2019_2021,frozen_step_1_v1,2026-07-22
2021-03-24,61.18000030517578,64.41000366210938,1.013121553709623,-0.002531100887640747,0.38579830966348067,False,1.0844699969326852,0.0,-0.0,1.0921080301768935,development_2019_2021,frozen_step_1_v1,2026-07-22
2021-03-25,58.560001373291016,61.95000076293945,1.0131491518162183,0.0027579970441822255,1.3177072844800668,False,1.1211049455664077,0.0,0.0,1.0921080301768935,development_2019_2021,frozen_step_1_v1,2026-07-22
2021-03-26,60.970001220703125,64.56999969482422,1.0131811282132295,0.0031884703516711355,1.3187255910556213,False,1.124144274367073,0.0,0.0,1.0921080301768935,development_2019_2021,frozen_step_1_v1,2026-07-22
2021-03-29,61.560001373291016,64.9800033569336,1.01317844553967,-0.00022810750739576946,0.5949454310625226,False,1.1620989813062659,0.0,-0.0,1.0921080301768935,development_2019_2021,frozen_step_1_v1,2026-07-22
2021-03-30,60.54999923706055,64.13999938964844,1.0132163521028548,0.003365830157842531,1.2266389067005838,True,1.1829010905239368,0.0,0.0,1.0921080301768935,development_2019_2021,frozen_step_1_v1,2026-07-22
2021-03-31,59.15999984741211,63.540000915527344,1.013405568043853,0.016725997487531785,3.6171295791160967,True,1.2038648440942585,-1.2038648440942585,-0.0006019324220471292,1.0914508527531936,development_2019_2021,frozen_step_1_v1,2026-07-22
2021-04-01,61.45000076293945,64.86000061035156,1.0133931610359013,-0.0011487733220745255,0.14585364827339817,True,1.0276195310339415,0.0,0.010116384738320298,1.1025484285309168,development_2019_2021,frozen_step_1_v1,2026-07-22
2021-04-05,58.650001525878906,62.150001525878906,1.0134255418664757,0.003299971590287498,0.8287892332326368,False,0.8272671116847911,0.0,0.0,1.1025484285309168,development_2019_2021,frozen_step_1_v1,2026-07-22
2021-04-06,59.33000183105469,62.7400016784668,1.0134371035057648,0.00101887800826983,0.4707641377070915,False,0.8449558700277556,0.0,-0.0,1.1025484285309168,development_2019_2021,frozen_step_1_v1,2026-07-22
2021-04-07,59.77000045776367,63.15999984741211,1.0134393186307036,0.0001937316009232859,0.34455511724465243,False,0.8703355466479943,0.0,-0.0,1.1025484285309168,development_2019_2021,frozen_step_1_v1,2026-07-22
2021-04-08,59.599998474121094,63.20000076293945,1.013480631845383,0.0035445851956774632,0.8650073078861674,False,0.8993608240839921,0.0,0.0,1.1025484285309168,development_2019_2021,frozen_step_1_v1,2026-07-22
2021-04-09,59.31999969482422,62.95000076293945,1.013527846946422,0.004160784978505028,0.9343713755141068,False,0.9222149440810367,0.0,0.0,1.1025484285309168,development_2019_2021,frozen_step_1_v1,2026-07-22
2021-04-12,59.70000076293945,63.279998779296875,1.0135591267713047,0.0027894995429624814,0.6654953458944808,False,0.9531856134317614,0.0,-0.0,1.1025484285309168,development_2019_2021,frozen_step_1_v1,2026-07-22
2021-04-13,60.18000030517578,63.66999816894531,1.0135678138705648,0.0007814414781925905,0.46419991308901937,False,0.9836468018922673,0.0,-0.0,1.1025484285309168,development_2019_2021,frozen_step_1_v1,2026-07-22
2021-04-14,63.150001525878906,66.58000183105469,1.0135371010469687,-0.0032268399635775324,-0.2765437086245793,False,1.0130920010089566,0.0,-0.0,1.1025484285309168,development_2019_2021,frozen_step_1_v1,2026-07-22
2021-04-15,63.459999084472656,66.94000244140625,1.0135066703154396,-0.002671255934179939,-0.219073018052602,False,1.0319530324047275,0.0,0.0,1.1025484285309168,development_2019_2021,frozen_step_1_v1,2026-07-22
2021-04-16,63.130001068115234,66.7699966430664,1.0135074338362973,6.675611003803539e-05,0.2273683694110009,False,1.0666356636576557,0.0,0.0,1.1025484285309168,development_2019_2021,frozen_step_1_v1,2026-07-22
2021-04-19,63.380001068115234,67.05000305175781,1.01351008062259,0.0002349551181541898,0.1969472213179806,False,1.0939779520105055,0.0,0.0,1.1025484285309168,development_2019_2021,frozen_step_1_v1,2026-07-22
2021-04-20,62.439998626708984,66.56999969482422,1.0135962804103698,0.007838122323220453,1.8284103201896849,True,1.1310359869624222,-1.1310359869624222,-0.0005655179934812111,1.1019250938260063,development_2019_2021,frozen_step_1_v1,2026-07-22
2021-04-21,61.349998474121094,65.31999969482422,1.0136632104780552,0.006457211208399372,1.4108049452157037,False,1.097270347887261,-1.097270347887261,0.0006040125545022941,1.1025908714655834,development_2019_2021,frozen_step_1_v1,2026-07-22
2021-04-22,61.43000030517578,65.4000015258789,1.0137314549258336,0.006079226478717281,1.2277382171113405,False,1.131193707788888,-1.131193707788888,3.5873603356134545e-05,1.1026304260826496,development_2019_2021,frozen_step_1_v1,2026-07-22
2021-04-23,62.13999938964844,66.11000061035156,1.013785035368753,0.005006350693022021,0.9139216003908447,False,1.169003615580898,-1.169003615580898,0.00045948484964078223,1.1031371844731732,development_2019_2021,frozen_step_1_v1,2026-07-22
2021-04-26,61.90999984741211,65.6500015258789,1.0138035702859296,0.001706771393675588,0.1415365784398894,False,1.2063136287648675,0.0,0.0012865158677553353,1.1045573012708336,development_2019_2021,frozen_step_1_v1,2026-07-22
2021-04-27,62.939998626708984,66.41999816894531,1.0137693306391324,-0.0032187531693645965,-0.9640429204589847,False,1.2284364323061527,0.0,-0.0,1.1045573012708336,development_2019_2021,frozen_step_1_v1,2026-07-22
2021-04-28,63.86000061035156,67.2699966430664,1.0137163319006823,-0.004993458206384638,-1.3629632265117697,False,1.2293542059698248,0.0,-0.0,1.1045573012708336,development_2019_2021,frozen_step_1_v1,2026-07-22
2021-04-29,65.01000213623047,68.55999755859375,1.0136756819443586,-0.003921595250956145,-1.0773544628651655,False,1.2662606627855033,0.0,0.0,1.1045573012708336,development_2019_2021,frozen_step_1_v1,2026-07-22
2021-04-30,63.58000183105469,67.25,1.0136690658923189,-0.0006400142206901549,-0.3757270888338164,True,1.3065415384153998,0.0,0.0,1.1045573012708336,development_2019_2021,frozen_step_1_v1,2026-07-22
2021-05-03,64.48999786376953,67.55999755859375,1.0135584602785497,-0.009985546326531036,-2.389932396747005,True,1.3273660130612817,1.3273660130612817,-0.0006636830065306408,1.103824468571445,development_2019_2021,frozen_step_1_v1,2026-07-22
2021-05-04,65.69000244140625,68.87999725341797,1.0134658309456912,-0.008934709197727209,-1.9987050322046027,True,1.2122200641375818,1.2122200641375818,0.0003796100684737286,1.1042435709962597,development_2019_2021,frozen_step_1_v1,2026-07-22
2021-05-05,65.62999725341797,68.95999908447266,1.013392179565779,-0.006539573016024036,-1.4377556804379656,True,1.2508094447335125,1.2508094447335125,0.0012371828775844334,1.1056105676730572,development_2019_2021,frozen_step_1_v1,2026-07-22
2021-05-06,64.70999908447266,68.08999633789062,1.0133422112519217,-0.004721325847536484,-1.0262889194707046,True,1.2814158908105429,1.2814158908105429,0.00098482855457758,1.10669994086521,development_2019_2021,frozen_step_1_v1,2026-07-22
2021-05-07,64.9000015258789,68.27999877929688,1.013290356717818,-0.004689400933616028,-0.994969615446082,True,1.3175706810119567,1.3175706810119567,-0.00013547673687541373,1.1065500189242183,development_2019_2021,frozen_step_1_v1,2026-07-22
2021-05-10,64.91999816894531,68.31999969482422,1.0132434877562475,-0.004220306037270305,-0.8496962138726358,True,1.3623837060345632,1.3623837060345632,0.0001565841075811206,1.1067233006376527,development_2019_2021,frozen_step_1_v1,2026-07-22
2021-05-11,65.27999877929688,68.55000305175781,1.0131760712909774,-0.006180902009123024,-1.1580918255677524,True,1.4080573724610805,1.4080573724610805,-0.0015402311084056668,1.105020003054305,development_2019_2021,frozen_step_1_v1,2026-07-22
2021-05-12,66.08000183105469,69.31999969482422,1.0131020365344645,-0.007041577976450775,-1.2517848222817645,True,1.4464063200318629,1.4464063200318629,-0.0008381583576589596,1.1040942093384332,development_2019_2021,frozen_step_1_v1,2026-07-22
2021-05-13,63.81999969482422,67.05000305175781,1.013055424749112,-0.004887175784308084,-0.7887909056767981,True,1.494018919965691,1.494018919965691,0.0013849353463077252,1.1056243677752757,development_2019_2021,frozen_step_1_v1,2026-07-22
2021-05-14,65.37000274658203,68.70999908447266,1.0130098319770426,-0.004550667445602841,-0.7250485881552183,True,1.5286464919156975,1.5286464919156975,9.098858771366085e-05,1.1057249715518698,development_2019_2021,frozen_step_1_v1,2026-07-22
2021-05-17,66.2699966430664,69.45999908447266,1.0129324056115183,-0.00722133252499102,-1.255829449223903,True,1.5801242687304908,1.5801242687304908,-0.0023003741959305405,1.1031843137117547,development_2019_2021,frozen_step_1_v1,2026-07-22
2021-05-18,65.48999786376953,68.70999908447266,1.0128702167833865,-0.005824617338672233,-0.8812163709846894,True,1.608619388832314,1.608619388832314,0.0008780054061426751,1.1041533408464457,development_2019_2021,frozen_step_1_v1,2026-07-22
2021-05-19,63.36000061035156,66.66000366210938,1.0128455823596834,-0.002521802200902812,-0.1450233093433552,True,1.6547375409815983,0.0,0.0017535129223044967,1.1060911865199987,development_2019_2021,frozen_step_1_v1,2026-07-22
2021-05-20,62.04999923706055,65.11000061035156,1.0127983140410002,-0.004693021585434387,-0.5768063351095855,True,1.6641642886537378,0.0,-0.0,1.1060911865199987,development_2019_2021,frozen_step_1_v1,2026-07-22
2021-05-21,63.58000183105469,66.44000244140625,1.0127079668111838,-0.008766940473123874,-1.3897274266020812,True,1.700448461022542,0.0,-0.0,1.1060911865199987,development_2019_2021,frozen_step_1_v1,2026-07-22
2021-05-24,66.05000305175781,68.45999908447266,1.0125405768558495,-0.016712642154674384,-2.9823224110149202,True,1.6873516940420665,1.6873516940420665,-0.0008436758470210333,1.1051583976423813,development_2019_2021,frozen_step_1_v1,2026-07-22
2021-05-25,66.06999969482422,68.6500015258789,1.012386240060612,-0.01360082629016457,-1.961869200595155,True,1.5210210054520716,1.5210210054520716,0.0019835656210431423,1.107352727424839,development_2019_2021,frozen_step_1_v1,2026-07-22
2021-05-26,66.20999908447266,68.87000274658203,1.0122515782111356,-0.011979588660286922,-1.4877818099118831,True,1.537182913879726,1.537182913879726,0.0007905460832149992,1.1082284869047456,development_2019_2021,frozen_step_1_v1,2026-07-22
2021-05-27,66.8499984741211,69.45999908447266,1.0121138895314006,-0.012608277163017156,-1.49495051032203,True,1.5791155400127757,1.5791155400127757,-0.0009432512528186054,1.1071836418492358,development_2019_2021,frozen_step_1_v1,2026-07-22
2021-05-28,66.31999969482422,69.62999725341797,1.0120914179758291,-0.0020133867142408945,0.39687628986612844,True,1.6324649928490924,0.0,0.007451384227167715,1.1154645062108135,development_2019_2021,frozen_step_1_v1,2026-07-22
2021-06-01,67.72000122070312,70.25,1.0119434883324618,-0.013667627738177757,-1.5660861670551605,True,1.3494975340063315,0.0,-0.0,1.1154645062108135,development_2019_2021,frozen_step_1_v1,2026-07-22
2021-06-02,68.83000183105469,71.3499984741211,1.011796621192013,-0.013961451309280726,-1.49564088088528,True,1.154321934128116,0.0,-0.0,1.1154645062108135,development_2019_2021,frozen_step_1_v1,2026-07-22
2021-06-03,68.80999755859375,71.30999755859375,1.0116437908772484,-0.013581455370756501,-1.3765521001710836,True,1.1938159082623494,0.0,-0.0,1.1154645062108135,development_2019_2021,frozen_step_1_v1,2026-07-22
2021-06-04,69.62000274658203,71.88999938964844,1.0114646131036042,-0.01655970599097145,-1.8718496726784553,True,1.23428445648915,1.23428445648915,-0.000617142228244575,1.114776318336664,development_2019_2021,frozen_step_1_v1,2026-07-22
2021-06-07,69.2300033569336,71.48999786376953,1.0112932107362966,-0.015731032301028236,-1.6455121659685046,True,1.262377819988775,1.262377819988775,4.8768495271629214e-05,1.1148306856259684,development_2019_2021,frozen_step_1_v1,2026-07-22
2021-06-08,70.05000305175781,72.22000122070312,1.0111149766074312,-0.016722145747853467,-1.798990421867582,True,1.303723956512673,1.303723956512673,-0.0011180897276737275,1.113584901467292,development_2019_2021,frozen_step_1_v1,2026-07-22
2021-06-09,69.95999908447266,72.22000122070312,1.0109509515784323,-0.01472541037045172,-1.293914229061495,True,1.3470187890316747,1.3470187890316747,0.0008210699337864182,1.1144996080162402,development_2019_2021,frozen_step_1_v1,2026-07-22
2021-06-10,70.29000091552734,72.5199966430664,1.0107916726679922,-0.014660200743222163,-1.1944805185031002,True,1.3826554538135254,1.3826554538135254,-0.00042785829037152233,1.1140228621164503,development_2019_2021,frozen_step_1_v1,2026-07-22
2021-06-11,70.91000366210938,72.69000244140625,1.0105703074262307,-0.020252091702372965,-2.229853509044826,True,1.4299606971960646,1.4299606971960646,-0.0045173835234894625,1.1090017432927817,development_2019_2021,frozen_step_1_v1,2026-07-22
2021-06-14,70.87999725341797,72.86000061035156,1.0103885548217155,-0.016713977801713575,-1.3364568011334117,True,1.4014956522150936,1.4014956522150936,0.001951347527291834,1.1111679038810212,development_2019_2021,frozen_step_1_v1,2026-07-22
2021-06-15,72.12000274658203,73.98999786376953,1.010203384062596,-0.018054975145894048,-1.5240557461202335,True,1.4141734654099634,1.4141734654099634,-0.0014934631048153712,1.1095096541889045,development_2019_2021,frozen_step_1_v1,2026-07-22
2021-06-16,72.1500015258789,74.38999938964844,1.0100689426097544,-0.012508251439551366,-0.3891397796766543,True,1.4589463399689524,1.4589463399689524,0.0034750402295145545,1.113371951805316,development_2019_2021,frozen_step_1_v1,2026-07-22
2021-06-17,71.04000091552734,73.08000183105469,1.0099270908528994,-0.01400995670268479,-0.6450229110031656,True,1.421443947351063,1.421443947351063,-0.0015476554939510233,1.1116501682948217,development_2019_2021,frozen_step_1_v1,2026-07-22
2021-06-18,71.63999938964844,73.51000213623047,1.00975657238137,-0.015908785457297903,-0.9540725016207906,True,1.4643270279157403,1.4643270279157403,-0.0018794455005717138,1.1095628445078838,development_2019_2021,frozen_step_1_v1,2026-07-22
2021-06-21,73.66000366210938,74.9000015258789,1.0095105159647109,-0.024196132434110673,-2.4475201301917657,True,1.5043003255905314,1.5043003255905314,-0.0068290261810737985,1.102011424562508,development_2019_2021,frozen_step_1_v1,2026-07-22
2021-06-22,73.05999755859375,74.80999755859375,1.0093302646862703,-0.016368242161863833,-0.8022138520671106,True,1.3770280463189801,1.3770280463189801,0.005217206202084888,1.1077758694750668,development_2019_2021,frozen_step_1_v1,2026-07-22
2021-06-23,73.08000183105469,75.19000244140625,1.0092112183929989,-0.011066928813762367,0.20498504101159276,True,1.2862693133113257,0.0,0.002594441668143022,1.1106536608665138,development_2019_2021,frozen_step_1_v1,2026-07-22
2021-06-24,73.30000305175781,75.55999755859375,1.0091168746674113,-0.008786611406374156,0.6573323254403044,True,1.2754923518526644,0.0,0.0,1.1106536608665138,development_2019_2021,frozen_step_1_v1,2026-07-22
2021-06-25,74.05000305175781,76.18000030517578,1.0090067694873706,-0.010413422993826416,0.37301221735293344,True,1.3092587604241515,0.0,-0.0,1.1106536608665138,development_2019_2021,frozen_step_1_v1,2026-07-22
2021-06-28,72.91000366210938,74.68000030517578,1.0088661050256895,-0.01404225818705207,-0.27346153152891095,True,1.3476868752041646,0.0,-0.0,1.1106536608665138,development_2019_2021,frozen_step_1_v1,2026-07-22
2021-06-29,72.9800033569336,74.76000213623047,1.0087205993803938,-0.013315454656977366,-0.07718816327702685,True,1.363770922503544,0.0,0.0,1.1106536608665138,development_2019_2021,frozen_step_1_v1,2026-07-22
2021-06-30,73.47000122070312,75.12999725341797,1.0085658835017504,-0.014463815736895036,-0.2724186938649097,True,1.4090238297533197,0.0,-0.0,1.1106536608665138,development_2019_2021,frozen_step_1_v1,2026-07-22
2021-07-01,75.2300033569336,75.83999633789062,1.00827490393563,-0.027676459827925548,-3.037633584914331,True,1.4536813180548478,1.4536813180548478,-0.0007268406590274239,1.109846685934321,development_2019_2021,frozen_step_1_v1,2026-07-22
2021-07-02,75.16000366210938,76.16999816894531,1.008044898877844,-0.021402462765794716,-1.4518312843474845,True,1.1619866887346983,1.1619866887346983,0.0036763934044402578,1.1139344284411106,development_2019_2021,frozen_step_1_v1,2026-07-22
2021-07-06,73.37000274658203,74.52999877929688,1.0078658420168347,-0.018101301355055277,-0.6927447321302963,True,1.1422723797267718,1.1422723797267718,0.0014553359180092317,1.1155567574556293,development_2019_2021,frozen_step_1_v1,2026-07-22
2021-07-07,72.19999694824219,73.43000030517578,1.00770182036131,-0.01606690616610429,-0.20271603091371232,True,1.1642713724392215,0.0,0.00018690681299728866,1.1157652821006143,development_2019_2021,frozen_step_1_v1,2026-07-22
2021-07-08,72.94000244140625,74.12000274658203,1.0075310547802692,-0.016257273261579996,-0.2487361061053071,True,1.1973000122635022,0.0,-0.0,1.1157652821006143,development_2019_2021,frozen_step_1_v1,2026-07-22
2021-07-09,74.55999755859375,75.55000305175781,1.0073441711952558,-0.018474567433472977,-0.7090487094912333,True,1.2382171545680491,0.0,-0.0,1.1157652821006143,development_2019_2021,frozen_step_1_v1,2026-07-22
2021-07-12,74.0999984741211,75.16000366210938,1.0071646412131534,-0.01664304585538634,-0.26662686246194395,True,1.2723085358189752,0.0,0.0,1.1157652821006143,development_2019_2021,frozen_step_1_v1,2026-07-22
2021-07-13,75.25,76.48999786376953,1.0070216549472868,-0.013995196589475789,0.3370571820150956,True,1.308983090317388,0.0,0.0,1.1157652821006143,development_2019_2021,frozen_step_1_v1,2026-07-22
2021-07-14,73.12999725341797,74.76000213623047,1.006944206891746,-0.0077618237203456175,2.131115679576684,True,1.3385065131063638,-1.3385065131063638,-0.0006692532565531819,1.1150188023718766,development_2019_2021,frozen_step_1_v1,2026-07-22
2021-07-15,71.6500015258789,73.47000122070312,1.0068993600922709,-0.0043886386812594935,2.7686444750208614,True,1.303547182515136,-1.303547182515136,-0.0021394141311976023,1.112635865343018,development_2019_2021,frozen_step_1_v1,2026-07-22
2021-07-16,71.80999755859375,73.58999633789062,1.0068468640896637,-0.004778270394790063,2.3204185788100267,True,1.3265978450558134,-1.3265978450558134,0.0003872884430073502,1.1130668598091416,development_2019_2021,frozen_step_1_v1,2026-07-22
2021-07-19,66.41999816894531,68.62000274658203,1.0068777589784745,0.003726824861694844,3.789826936331898,True,1.370884279233212,-1.370884279233212,-0.005730009930717962,1.1067072134677483,development_2019_2021,frozen_step_1_v1,2026-07-22
2021-07-20,67.41999816894531,69.3499984741211,1.0068702401755705,-0.0007057386138349386,2.2765698012805253,True,1.2747237382502494,-1.2747237382502494,0.003001400673158869,1.1100338750680974,development_2019_2021,frozen_step_1_v1,2026-07-22
2021-07-21,70.30000305175781,72.2300033569336,1.006850796777902,-0.0020511993226275393,1.8220791207181661,True,1.2749015871108644,-1.2749015871108644,0.0009070427128415061,1.1110411799707096,development_2019_2021,frozen_step_1_v1,2026-07-22
2021-07-22,71.91000366210938,73.79000091552734,1.0068159538253738,-0.0033331884323910543,1.4771863042701177,True,1.3133179045168022,-1.3133179045168022,0.0008898427856347095,1.1120302719521662,development_2019_2021,frozen_step_1_v1,2026-07-22
2021-07-23,72.06999969482422,74.0999984741211,1.0068010936193108,-0.0013149685793774069,1.6581915627627979,True,1.353314633170971,-1.353314633170971,-0.0012991795146984723,1.1105864830766639,development_2019_2021,frozen_step_1_v1,2026-07-22
2021-07-26,71.91000366210938,74.5,1.0068682092647174,0.006019289766168612,2.518687703563118,True,1.391283489129389,-1.391283489129389,-0.005158451964370853,1.104872326822668,development_2019_2021,frozen_step_1_v1,2026-07-22
2021-07-27,71.6500015258789,74.4800033569336,1.0069698051774507,0.008963936277865514,2.588920978499625,True,1.3228189125084644,-1.3228189125084644,-0.0023765139246988225,1.1022496999419533,development_2019_2021,frozen_step_1_v1,2026-07-22
2021-07-28,72.38999938964844,74.73999786376953,1.0069920800557342,0.0020066722236178336,1.4689395250915365,True,1.3522495798500613,-1.3522495798500613,0.004508036632840769,1.1072298989935834,development_2019_2021,frozen_step_1_v1,2026-07-22
2021-07-29,73.62000274658203,76.05000305175781,1.0070161668362643,0.0023123763349151005,1.39612981797852,True,1.2865590118338686,-1.2865590118338686,-0.00030858614826757656,1.106888275896595,development_2019_2021,frozen_step_1_v1,2026-07-22
2021-07-30,73.94999694824219,76.33000183105469,1.0070318801590152,0.0014160051445273325,1.2047992834695433,True,1.3300727024726193,-1.3300727024726193,0.0005094977763863999,1.107452376703723,development_2019_2021,frozen_step_1_v1,2026-07-22
2021-08-02,71.26000213623047,72.88999938964844,1.006966294213955,-0.007104289285114973,0.22554840097922768,True,1.3724354916431043,0.0,0.005166849508859894,1.1131892244240658,development_2019_2021,frozen_step_1_v1,2026-07-22
2021-08-03,70.55999755859375,72.41000366210938,1.0069268389903312,-0.0036027516041423624,0.5697496799560643,True,1.2647207651237617,0.0,0.0,1.1131892244240658,development_2019_2021,frozen_step_1_v1,2026-07-22
2021-08-04,68.1500015258789,70.37999725341797,1.0069548528420826,0.0028365323334762493,1.2378636325822154,True,1.2845572765263151,0.0,0.0,1.1131892244240658,development_2019_2021,frozen_step_1_v1,2026-07-22
2021-08-05,69.08999633789062,71.29000091552734,1.0069740822696502,0.001808031042565439,1.0416438189138553,True,1.2531232137990038,0.0,-0.0,1.1131892244240658,development_2019_2021,frozen_step_1_v1,2026-07-22
2021-08-06,68.27999877929688,70.69999694824219,1.0070296493138933,0.005138104186316994,1.3422700148164193,True,1.2928033777877257,0.0,0.0,1.1131892244240658,development_2019_2021,frozen_step_1_v1,2026-07-22
2021-08-09,66.4800033569336,69.04000091552734,1.0071094512339378,0.00794719457094839,1.5529302299299996,True,1.3162503471411575,0.0,0.0,1.1131892244240658,development_2019_2021,frozen_step_1_v1,2026-07-22
2021-08-10,68.29000091552734,70.62999725341797,1.0071452117353132,0.003511904653276332,0.9830990495046436,True,1.3465793970522277,0.0,-0.0,1.1131892244240658,development_2019_2021,frozen_step_1_v1,2026-07-22
2021-08-11,69.25,71.44000244140625,1.0071540279658755,0.0008180357835652075,0.645827918008166,True,1.343490525873388,0.0,-0.0,1.1131892244240658,development_2019_2021,frozen_step_1_v1,2026-07-22
2021-08-12,69.08999633789062,71.30999755859375,1.007168235413468,0.0012661707173711179,0.6466294979808123,True,1.3707680821349484,0.0,0.0,1.1131892244240658,development_2019_2021,frozen_step_1_v1,2026-07-22
2021-08-13,68.44000244140625,70.58999633789062,1.0071747753700733,0.0006106591564138952,0.5313960631245261,True,1.4168666208289726,0.0,-0.0,1.1131892244240658,development_2019_2021,frozen_step_1_v1,2026-07-22
2021-08-16,67.29000091552734,69.51000213623047,1.0071973154122371,0.0021654226145466637,0.6638204887627672,True,1.4634001568730222,0.0,0.0,1.1131892244240658,development_2019_2021,frozen_step_1_v1,2026-07-22
2021-08-17,66.58999633789062,69.02999877929688,1.0072568326250577,0.005518607638168582,1.0347830682179804,True,1.5064184313117606,0.0,0.0,1.1131892244240658,development_2019_2021,frozen_step_1_v1,2026-07-22
2021-08-18,65.45999908447266,68.2300033569336,1.0073683818417165,0.010634703861188477,1.6563284776518388,True,1.5239175378271461,0.0,0.0,1.1131892244240658,development_2019_2021,frozen_step_1_v1,2026-07-22
2021-08-19,63.689998626708984,66.44999694824219,1.0074796900691458,0.011351357853468969,1.664046115936682,True,1.4990042656130156,0.0,0.0,1.1131892244240658,development_2019_2021,frozen_step_1_v1,2026-07-22
2021-08-20,62.31999969482422,65.18000030517578,1.0076153185884051,0.013401634478017677,1.872418229939482,True,1.5488620893380571,-1.5488620893380571,-0.0007744310446690286,1.1123274698578944,development_2019_2021,frozen_step_1_v1,2026-07-22
2021-08-23,65.63999938964844,68.75,1.007740021908539,0.013905794065286692,1.9132903564081094,True,1.5900966128203229,-1.5900966128203229,-0.0008121243278550003,1.1114244883753261,development_2019_2021,frozen_step_1_v1,2026-07-22
2021-08-24,67.54000091552734,71.05000305175781,1.0079129397783242,0.017328869094047405,2.421032856041509,True,1.6434278177493091,-1.6434278177493091,-0.003314607809261873,1.1077466507486629,development_2019_2021,frozen_step_1_v1,2026-07-22
2021-08-25,68.36000061035156,72.25,1.0081391294833373,0.02095836432608511,2.8826872651837347,True,1.6593572708615343,-1.6593572708615343,-0.0037607563388216956,1.1035885092892919,development_2019_2021,frozen_step_1_v1,2026-07-22
2021-08-26,67.41999816894531,71.06999969482422,1.0083291714722116,0.017649964563547726,2.0419246633704358,True,1.669094382186776,-1.669094382186776,0.0020676507093950313,1.1058727054995823,development_2019_2021,frozen_step_1_v1,2026-07-22
2021-08-27,68.73999786376953,72.69999694824219,1.0085381789685475,0.01989077699103703,2.1800686470626287,True,1.6683087560542011,-1.6683087560542011,-0.0025975229345739357,1.1030039032871126,development_2019_2021,frozen_step_1_v1,2026-07-22
2021-08-30,69.20999908447266,73.41000366210938,1.0087803216762001,0.02171136924190442,2.226921258894695,True,1.708016549402114,-1.708016549402114,-0.002384252324337107,1.1003771962774216,development_2019_2021,frozen_step_1_v1,2026-07-22
2021-08-31,68.5,72.98999786376953,1.0090639864811644,0.025176707002680487,2.4294612284587274,True,1.7541513442362981,-1.7541513442362981,-0.003989042562650798,1.0959964880313104,development_2019_2021,frozen_step_1_v1,2026-07-22
2021-09-01,68.58999633789062,71.58999633789062,1.0091093105421909,0.004293148843128591,-0.30619923642587105,True,1.7629222520440664,0.0,0.017189427908061,1.1149988929902768,development_2019_2021,frozen_step_1_v1,2026-07-22
2021-09-02,69.98999786376953,73.02999877929688,1.0091479541440698,0.0036542223050117784,-0.4135824650276984,False,0.9627321317221973,0.0,-0.0,1.1149988929902768,development_2019_2021,frozen_step_1_v1,2026-07-22
2021-09-03,69.29000091552734,72.61000061035156,1.0092340877452448,0.00766521323290803,0.03960965759736744,False,0.995096492467354,0.0,0.0,1.1149988929902768,development_2019_2021,frozen_step_1_v1,2026-07-22
2021-09-07,68.3499984741211,71.69000244140625,1.0093238689093598,0.008319757158479213,0.08492964650946565,False,1.0132772079155443,0.0,0.0,1.1149988929902768,development_2019_2021,frozen_step_1_v1,2026-07-22
2021-09-08,69.30000305175781,72.5999984741211,1.0093961888904257,0.0066947212263110956,-0.1283313819089813,False,1.0471643634188148,0.0,-0.0,1.1149988929902768,development_2019_2021,frozen_step_1_v1,2026-07-22
2021-09-09,68.13999938964844,71.44999694824219,1.0094749312784381,0.007434425780039611,-0.026130407375539084,False,1.079716846820975,0.0,0.0,1.1149988929902768,development_2019_2021,frozen_step_1_v1,2026-07-22
2021-09-10,69.72000122070312,72.91999816894531,1.0095215060256812,0.0044617757254599155,-0.42529858699260603,False,1.1155963331080314,0.0,-0.0,1.1149988929902768,development_2019_2021,frozen_step_1_v1,2026-07-22
2021-09-13,70.44999694824219,73.51000213623047,1.0095426929660678,0.001915050629301085,-0.7605731607151319,False,1.1418962340831436,0.0,-0.0,1.1149988929902768,development_2019_2021,frozen_step_1_v1,2026-07-22
2021-09-14,70.45999908447266,73.5999984741211,1.0095751366290093,0.002857206314430094,-0.643986027034239,False,1.1720110399483799,0.0,0.0,1.1149988929902768,development_2019_2021,frozen_step_1_v1,2026-07-22
2021-09-15,72.61000061035156,75.45999908447266,1.009550360132213,-0.0024242330181740712,-1.4437364748708044,False,1.209987457414999,0.0,-0.0,1.1149988929902768,development_2019_2021,frozen_step_1_v1,2026-07-22
2021-09-16,72.61000061035156,75.66999816894531,1.0095541882415213,0.00033841724542860163,-1.0843249815563696,False,1.2080371524497675,0.0,0.0,1.1149988929902768,development_2019_2021,frozen_step_1_v1,2026-07-22
2021-09-17,71.97000122070312,75.33999633789062,1.0096062638580985,0.004682991283990745,-0.47497048292680677,False,1.2345988543977036,0.0,0.0,1.1149988929902768,development_2019_2021,frozen_step_1_v1,2026-07-22
2021-09-20,70.29000091552734,73.91999816894531,1.009700199889732,0.009102491617006159,0.10991902763931947,False,1.241992586333902,0.0,0.0,1.1149988929902768,development_2019_2021,frozen_step_1_v1,2026-07-22
2021-09-21,70.55999755859375,74.36000061035156,1.0098170494610614,0.010668882461030371,0.30635022652419486,False,1.2496603402143016,0.0,0.0,1.1149988929902768,development_2019_2021,frozen_step_1_v1,2026-07-22
2021-09-22,72.2300033569336,76.19000244140625,1.0099272622809805,0.010887485732975044,0.32336035248426587,False,1.2876355636470591,0.0,0.0,1.1149988929902768,development_2019_2021,frozen_step_1_v1,2026-07-22
2021-09-23,73.30000305175781,77.25,1.0100278790813653,0.009420930340378497,0.09020886982313785,False,1.33107998297588,0.0,-0.0,1.1149988929902768,development_2019_2021,frozen_step_1_v1,2026-07-22
2021-09-24,73.9800033569336,78.08999633789062,1.0101408015277895,0.010423199792621851,0.192697525883337,False,1.3706063450320911,0.0,0.0,1.1149988929902768,development_2019_2021,frozen_step_1_v1,2026-07-22
2021-09-27,75.44999694824219,79.52999877929688,1.0102294542275905,0.008437408903399835,-0.13192194319645598,False,1.4146353155386633,0.0,-0.0,1.1149988929902768,development_2019_2021,frozen_step_1_v1,2026-07-22
2021-09-28,75.29000091552734,79.08999633789062,1.0102828672225355,0.004803221327445151,-0.7107896868161486,False,1.4510997786295396,0.0,-0.0,1.1149988929902768,development_2019_2021,frozen_step_1_v1,2026-07-22
2021-09-29,74.83000183105469,78.63999938964844,1.010338554992902,0.005048441626588129,-0.6961456567721643,False,1.4629158235056252,0.0,0.0,1.1149988929902768,development_2019_2021,frozen_step_1_v1,2026-07-22
2021-09-30,75.02999877929688,78.5199966430664,1.010347355890359,0.000786585357966274,-1.3287523702644621,False,1.5121341469354102,0.0,-0.0,1.1149988929902768,development_2019_2021,frozen_step_1_v1,2026-07-22
2021-10-01,75.87999725341797,79.27999877929688,1.0103374796646,-0.0009197664739444278,-1.491973111797369,True,1.5079654283614154,0.0,-0.0,1.1149988929902768,development_2019_2021,frozen_step_1_v1,2026-07-22
2021-10-04,77.62000274658203,81.26000213623047,1.0103456218554163,0.0008064180227114193,-1.1426714666900706,True,1.5510371107215053,0.0,0.0,1.1149988929902768,development_2019_2021,frozen_step_1_v1,2026-07-22
2021-10-05,78.93000030517578,82.55999755859375,1.0103432794259615,-0.00022136654604221206,-1.2111075361483452,True,1.591237611747271,0.0,-0.0,1.1149988929902768,development_2019_2021,frozen_step_1_v1,2026-07-22
2021-10-06,77.43000030517578,81.08000183105469,1.0103540285317467,0.0010284921640746347,-0.9601041496796788,True,1.6419673458465838,0.0,0.0,1.1149988929902768,development_2019_2021,frozen_step_1_v1,2026-07-22
2021-10-07,78.30000305175781,81.94999694824219,1.0103582907306243,0.000393805758336363,-0.9870348345051901,True,1.6897490945481923,0.0,-0.0,1.1149988929902768,development_2019_2021,frozen_step_1_v1,2026-07-22
2021-10-08,79.3499984741211,82.38999938964844,1.0102767663603154,-0.007353588745941053,-2.066288662774797,True,1.7456727140948696,1.7456727140948696,-0.0008728363570474348,1.1140261060220833,development_2019_2021,frozen_step_1_v1,2026-07-22
2021-10-11,80.5199966430664,83.6500015258789,1.0102062952068507,-0.006654496659731279,-1.8017566552932107,True,1.565311216221218,1.565311216221218,0.0002483367752521493,1.1143027940272812,development_2019_2021,frozen_step_1_v1,2026-07-22
2021-10-12,80.63999938964844,83.41999816894531,1.0100898606441022,-0.010401165662827339,-2.2540746339476536,True,1.6152686619205745,1.6152686619205745,-0.003340462987935616,1.1105867169509929,development_2019_2021,frozen_step_1_v1,2026-07-22
2021-10-13,80.44000244140625,83.18000030517578,1.0099758005079666,-0.01027359767212932,-2.1343841512111945,True,1.6216727991300377,1.6216727991300377,-0.0003028348152199244,1.110250443547996,development_2019_2021,frozen_step_1_v1,2026-07-22
2021-10-14,81.30999755859375,84.0,1.009859827939812,-0.010818356728251821,-2.3051089442833232,True,1.6762664485906618,1.6762664485906618,-0.0008783525694831544,1.1092756803736747,development_2019_2021,frozen_step_1_v1,2026-07-22
2021-10-15,82.27999877929688,84.86000061035156,1.009730896705006,-0.012039703492061626,-2.23925454898196,True,1.7329378952502754,1.7329378952502754,-0.0015211926478259229,1.1075895411607128,development_2019_2021,frozen_step_1_v1,2026-07-22
2021-10-18,82.44000244140625,84.33000183105469,1.0095204415679446,-0.019337952445368067,-3.0512775835168693,True,1.7872422289679153,1.7872422289679153,-0.007120897647709445,1.0997305242390123,development_2019_2021,frozen_step_1_v1,2026-07-22
2021-10-19,82.95999908447266,85.08000183105469,1.009348047163495,-0.016069565169507527,-2.1666050424153758,True,1.6248519436863569,1.6248519436863569,0.00214822076217562,1.1020955275490758,development_2019_2021,frozen_step_1_v1,2026-07-22
2021-10-20,83.87000274658203,85.81999969482422,1.0091592098981625,-0.01758453317012787,-2.13152607572575,True,1.6283411238305312,1.6283411238305312,-0.0019031784984573834,1.1000000377158996,development_2019_2021,frozen_step_1_v1,2026-07-22
2021-10-21,82.5,84.61000061035156,1.009008071312428,-0.014496624904293931,-1.5671313441934418,True,1.6775650594676215,1.6775650594676215,0.0019374801860638248,1.1021333319339477,development_2019_2021,frozen_step_1_v1,2026-07-22
2021-10-22,83.76000213623047,85.52999877929688,1.0088155983751277,-0.01812349286855497,-1.851575598993203,True,1.6847917234720513,1.6847917234720513,-0.0037437831168187575,1.0980148978456736,development_2019_2021,frozen_step_1_v1,2026-07-22
2021-10-25,83.76000213623047,85.98999786376953,1.0086832828147774,-0.012173797183625545,-1.0588536110409945,True,1.69169806570884,1.69169806570884,0.004495167692491713,1.1029617691183826,development_2019_2021,frozen_step_1_v1,2026-07-22
2021-10-26,84.6500015258789,86.4000015258789,1.0084956552245343,-0.017245612315306857,-1.523575070658883,True,1.5944200276733937,1.5944200276733937,-0.005021453191730453,1.097437180562438,development_2019_2021,frozen_step_1_v1,2026-07-22
2021-10-27,82.66000366210938,84.58000183105469,1.0083557574552746,-0.013926461713740679,-1.07378783977021,True,1.5615733559511744,1.5615733559511744,0.00212816070770591,1.099775190196989,development_2019_2021,frozen_step_1_v1,2026-07-22
2021-10-28,82.80999755859375,84.31999969482422,1.008159496747191,-0.017966531937322117,-1.4170252510360757,True,1.5700517030934091,1.5700517030934091,-0.003819514409065222,1.0955825949473212,development_2019_2021,frozen_step_1_v1,2026-07-22
2021-10-29,83.56999969482422,84.37999725341797,1.0078816604884933,-0.02523596966477193,-2.018572413470092,True,1.5700559237113259,1.5700559237113259,-0.006644869340217765,1.0883267256024787,development_2019_2021,frozen_step_1_v1,2026-07-22
2021-11-01,84.05000305175781,84.70999908447266,1.0076023367449667,-0.025867334018070842,-1.8866718970064855,True,1.4650830187356956,1.4650830187356956,-0.0015140717451218096,1.086680167675749,development_2019_2021,frozen_step_1_v1,2026-07-22
2021-11-02,83.91000366210938,84.72000122070312,1.007351191536071,-0.022957026594721874,-1.475801171542346,True,1.515002974446936,1.515002974446936,0.0012870148142010186,1.0880796415284615,development_2019_2021,frozen_step_1_v1,2026-07-22
2021-11-03,80.86000061035156,81.98999786376953,1.0071846831850588,-0.017682305496062867,-0.9109264777754899,True,1.5335872004457378,1.5335872004457378,0.003419658424928883,1.091806871536152,development_2019_2021,frozen_step_1_v1,2026-07-22
2021-11-04,78.80999755859375,80.54000091552734,1.0070915561158995,-0.009255002833903347,-0.06707882080728648,True,1.487080885005208,0.0,0.005361346774368258,1.0976761463349687,development_2019_2021,frozen_step_1_v1,2026-07-22
2021-11-05,81.2699966430664,82.73999786376953,1.006967115205819,-0.012713586580393788,-0.351428449952746,True,1.3482843206538804,0.0,-0.0,1.0976761463349687,development_2019_2021,frozen_step_1_v1,2026-07-22
2021-11-08,81.93000030517578,83.43000030517578,1.0068386590043714,-0.011987477219388865,-0.2180663800123839,True,1.367411554399437,0.0,0.0,1.0976761463349687,development_2019_2021,frozen_step_1_v1,2026-07-22
2021-11-09,84.1500015258789,84.77999877929688,1.0066114931272196,-0.021847397886032738,-1.2824117324891493,True,1.4128354340496232,0.0,-0.0,1.0976761463349687,development_2019_2021,frozen_step_1_v1,2026-07-22
2021-11-10,81.33999633789062,82.63999938964844,1.0064853440376529,-0.012670717820798316,-0.13756395476959016,True,1.2553109545450858,0.0,0.0,1.0976761463349687,development_2019_2021,frozen_step_1_v1,2026-07-22
2021-11-11,81.58999633789062,82.87000274658203,1.0063485875681342,-0.012378132735985758,-0.036048251045813925,False,1.1576891753276273,0.0,-0.0,1.0976761463349687,development_2019_2021,frozen_step_1_v1,2026-07-22
2021-11-12,80.79000091552734,82.16999816894531,1.006236895753626,-0.01045448778063296,0.27673381149290666,False,1.197266080071427,0.0,0.0,1.0976761463349687,development_2019_2021,frozen_step_1_v1,2026-07-22
2021-11-15,80.87999725341797,82.05000305175781,1.0061000620574572,-0.012435054538435963,0.05770175080541016,False,1.232210444095468,0.0,-0.0,1.0976761463349687,development_2019_2021,frozen_step_1_v1,2026-07-22
2021-11-16,80.76000213623047,82.43000030517578,1.0060350083253922,-0.006034997212730708,1.079961507771839,True,1.267151385170425,0.0,0.0,1.0976761463349687,development_2019_2021,frozen_step_1_v1,2026-07-22
2021-11-17,78.36000061035156,80.27999877929688,1.0060152638978057,-0.0020275443931376813,1.7886379328403283,False,1.2373610455377004,0.0,0.0,1.0976761463349687,development_2019_2021,frozen_step_1_v1,2026-07-22
2021-11-18,79.01000213623047,81.23999786376953,1.0060307372044042,0.0014815014189908382,2.4352634587511117,False,1.2528215349248848,0.0,0.0,1.0976761463349687,development_2019_2021,frozen_step_1_v1,2026-07-22
2021-11-19,76.0999984741211,78.88999938964844,1.0061223211698742,0.009484033875430065,3.670890641457946,False,1.2751279079212838,0.0,0.0,1.0976761463349687,development_2019_2021,frozen_step_1_v1,2026-07-22
2021-11-22,76.75,79.69999694824219,1.0062348890550996,0.010653292235939027,3.158785249438578,False,1.2143227522068374,0.0,0.0,1.0976761463349687,development_2019_2021,frozen_step_1_v1,2026-07-22
2021-11-23,78.5,82.30999755859375,1.0064222718229763,0.019372947176230504,3.7057934705973454,False,1.2540968506431378,0.0,0.0,1.0976761463349687,development_2019_2021,frozen_step_1_v1,2026-07-22
2021-11-24,78.38999938964844,82.25,1.0066363430778213,0.01912131578194476,2.94911730832618,False,1.1846190919473067,0.0,0.0,1.0976761463349687,development_2019_2021,frozen_step_1_v1,2026-07-22
2021-11-26,68.1500015258789,72.72000122070312,1.0068921122565406,0.035808778752099535,3.931622669412928,False,1.2234416228122666,0.0,0.0,1.0976761463349687,development_2019_2021,frozen_step_1_v1,2026-07-22
2021-11-29,69.94999694824219,73.44000244140625,1.007095103416985,0.018549679014481235,1.894920713938668,False,0.9766577985384027,0.0,-0.0,1.0976761463349687,development_2019_2021,frozen_step_1_v1,2026-07-22
2021-11-30,66.18000030517578,70.56999969482422,1.0074116870033394,0.03315421777168215,2.6806413889617295,False,0.8050723277018237,0.0,0.0,1.0976761463349687,development_2019_2021,frozen_step_1_v1,2026-07-22
2021-12-01,65.56999969482422,68.87000274658203,1.0075893543019288,0.01735527318092256,1.3916175659494479,False,0.7482026877114422,0.0,-0.0,1.0976761463349687,development_2019_2021,frozen_step_1_v1,2026-07-22
2021-12-02,66.5,69.66999816894531,1.007742356146214,0.014071602802014027,1.1034891378330087,False,0.6832978960944489,0.0,-0.0,1.0976761463349687,development_2019_2021,frozen_step_1_v1,2026-07-22
2021-12-03,66.26000213623047,69.87999725341797,1.0079651074208533,0.019790650463210824,1.3598611012276005,False,0.7023337098788897,0.0,0.0,1.0976761463349687,development_2019_2021,frozen_step_1_v1,2026-07-22
2021-12-06,69.48999786376953,73.08000183105469,1.008116326107023,0.015949107080538205,1.0500638095817747,False,0.7157884596316932,0.0,-0.0,1.0976761463349687,development_2019_2021,frozen_step_1_v1,2026-07-22
2021-12-07,72.05000305175781,75.44000244140625,1.0082265294357697,0.01078947493734983,0.6946362754613832,False,0.7335679113492409,0.0,-0.0,1.0976761463349687,development_2019_2021,frozen_step_1_v1,2026-07-22
2021-12-08,72.36000061035156,75.81999969482422,1.0083527995674044,0.010944642187278752,0.6596455516722796,False,0.7475408103721825,0.0,0.0,1.0976761463349687,development_2019_2021,frozen_step_1_v1,2026-07-22
2021-12-09,70.94000244140625,74.41999816894531,1.0084789559588154,0.011754307662011243,0.6578145893297814,False,0.7725922909166628,0.0,0.0,1.0976761463349687,development_2019_2021,frozen_step_1_v1,2026-07-22
2021-12-10,71.66999816894531,75.1500015258789,1.0085981619723583,0.010681943102513358,0.5519543218545846,False,0.7982561997266734,0.0,-0.0,1.0976761463349687,development_2019_2021,frozen_step_1_v1,2026-07-22
2021-12-13,71.29000091552734,74.38999938964844,1.0086603108698358,0.005614003985665583,0.21580082479585982,False,0.8243912599497959,0.0,-0.0,1.0976761463349687,development_2019_2021,frozen_step_1_v1,2026-07-22
2021-12-14,70.7300033569336,73.69999694824219,1.008705115445343,0.004058945493296662,0.07087745697191718,False,0.8385206853115129,0.0,-0.0,1.0976761463349687,development_2019_2021,frozen_step_1_v1,2026-07-22
2021-12-15,70.87000274658203,73.87999725341797,1.0087538128902365,0.004296206983213757,0.026798685828310027,False,0.8655673401265503,0.0,0.0,1.0976761463349687,development_2019_2021,frozen_step_1_v1,2026-07-22
2021-12-16,72.37999725341797,75.0199966430664,1.0087368899161966,-0.0015860311481112888,-0.42578975387809787,False,0.8947293494999833,0.0,-0.0,1.0976761463349687,development_2019_2021,frozen_step_1_v1,2026-07-22
2021-12-17,70.86000061035156,73.5199966430664,1.0087331628640577,-0.00035811602101532003,-0.3941960459376374,False,0.9028552943569088,0.0,0.0,1.0976761463349687,development_2019_2021,frozen_step_1_v1,2026-07-22
2021-12-20,68.2300033569336,71.5199966430664,1.008831503115447,0.0097982671656629,0.2950643574595107,False,0.9320981604300247,0.0,0.0,1.0976761463349687,development_2019_2021,frozen_step_1_v1,2026-07-22
2021-12-21,71.12000274658203,73.9800033569336,1.0088482949720143,0.001693810449815203,-0.33935301719071514,False,0.8912864814753013,0.0,-0.0,1.0976761463349687,development_2019_2021,frozen_step_1_v1,2026-07-22
2021-12-22,72.76000213623047,75.29000091552734,1.0088096951485277,-0.0035876758731676617,-0.7792952477383297,False,0.8793987061565609,0.0,-0.0,1.0976761463349687,development_2019_2021,frozen_step_1_v1,2026-07-22
2021-12-23,73.79000091552734,76.8499984741211,1.0088375904721205,0.002619767185197297,-0.3883401059431187,False,0.8924195924569052,0.0,0.0,1.0976761463349687,development_2019_2021,frozen_step_1_v1,2026-07-22
2021-12-27,75.56999969482422,78.5999984741211,1.0088486503550667,0.001041366853406167,-0.582973739298239,False,0.8960528955276571,0.0,-0.0,1.0976761463349687,development_2019_2021,frozen_step_1_v1,2026-07-22
2021-12-28,75.9800033569336,78.94000244140625,1.0088475425091763,-9.610988713948387e-05,-0.7521162566924772,False,0.9248287716277723,0.0,-0.0,1.0976761463349687,development_2019_2021,frozen_step_1_v1,2026-07-22
2021-12-29,76.55999755859375,79.2300033569336,1.0088027156199952,-0.003906495965965817,-1.1668150620418327,False,0.955361667239399,0.0,-0.0,1.0976761463349687,development_2019_2021,frozen_step_1_v1,2026-07-22
2021-12-30,76.98999786376953,79.31999969482422,1.0087103258129315,-0.008020044704940332,-1.644671879709225,False,0.9766067082891007,0.0,-0.0,1.0976761463349687,development_2019_2021,frozen_step_1_v1,2026-07-22
2021-12-31,75.20999908447266,77.77999877929688,1.0086699369422658,-0.003856467120465723,-1.2238981826556623,True,0.9963255176531189,0.0,0.0,1.0976761463349687,development_2019_2021,frozen_step_1_v1,2026-07-22
2022-01-03,76.08000183105469,78.9800033569336,1.0086684336741076,-0.00014053873961472618,-0.8571120103930457,True,1.0123403885546451,0.0,,1.0,validation_2022_2023,frozen_step_1_v1,2026-07-22
2022-01-04,76.98999786376953,80.0,1.0086756576811937,0.000666877279744682,-0.7721574299759347,True,1.032225004624753,0.0,0.0,1.0,validation_2022_2023,frozen_step_1_v1,2026-07-22
2022-01-05,77.8499984741211,80.80000305175781,1.0086695054696562,-0.0005606980388197513,-0.8520961220129902,True,1.0664087636095998,0.0,-0.0,1.0,validation_2022_2023,frozen_step_1_v1,2026-07-22
2022-01-06,79.45999908447266,81.98999786376953,1.008601825311816,-0.006291644667854257,-1.3386954138173428,True,1.1009708025074485,0.0,-0.0,1.0,validation_2022_2023,frozen_step_1_v1,2026-07-22
2022-01-07,78.9000015258789,81.75,1.0085793281771187,-0.001991497870658776,-0.8536290389825477,True,1.0997525736448033,0.0,0.0,1.0,validation_2022_2023,frozen_step_1_v1,2026-07-22
2022-01-10,78.2300033569336,80.87000274658203,1.0085358601817636,-0.004023678108496576,-0.9852578093530571,True,1.1126108180532581,0.0,-0.0,1.0,validation_2022_2023,frozen_step_1_v1,2026-07-22
2022-01-11,81.22000122070312,83.72000122070312,1.0084678630986608,-0.00691818704960756,-1.2922141770263236,True,1.1454910436015382,0.0,-0.0,1.0,validation_2022_2023,frozen_step_1_v1,2026-07-22
2022-01-12,82.63999938964844,84.66999816894531,1.00833037232035,-0.012506868502349278,-1.811521258976252,True,1.1738249369462643,1.1738249369462643,-0.0005869124684731322,0.9994132597309594,validation_2022_2023,frozen_step_1_v1,2026-07-22
2022-01-13,82.12000274658203,84.47000122070312,1.0082381855952023,-0.008100587774989343,-1.3503635256115638,True,1.17078882371863,1.17078882371863,0.0023363383942401218,1.0017509570640426,validation_2022_2023,frozen_step_1_v1,2026-07-22
2022-01-14,83.81999969482422,86.05999755859375,1.0081362839120847,-0.009659869621408745,-1.4800101726288546,True,1.17912747762916,1.17912747762916,-0.0011763181304144073,1.0005732720530027,validation_2022_2023,frozen_step_1_v1,2026-07-22
2022-01-18,85.43000030517578,87.51000213623047,1.0080124473201024,-0.01158117433502781,-1.6342976324211846,True,1.2164205972359308,1.2164205972359308,-0.0014701974786545274,0.9991033125813499,validation_2022_2023,frozen_step_1_v1,2026-07-22
2022-01-19,86.95999908447266,88.44000244140625,1.0078139063640144,-0.01801644305076522,-2.469293984796941,True,1.2528986298120681,1.2528986298120681,-0.0044536899721053,0.9946635102672832,validation_2022_2023,frozen_step_1_v1,2026-07-22
2022-01-20,86.9000015258789,88.37999725341797,1.0076175068254614,-0.017122706123354092,-2.1631573499903154,True,1.2281174871957576,1.2281174871957576,-1.8694240827604215e-06,0.9946616508211009,validation_2022_2023,frozen_step_1_v1,2026-07-22
2022-01-21,85.13999938964844,87.88999938964844,1.0075957326442495,-0.0019686190475445287,-0.016850325866798143,True,1.2681598427107557,0.0,0.008596935486851549,1.0032495548003593,validation_2022_2023,frozen_step_1_v1,2026-07-22
2022-01-24,83.30999755859375,86.2699966430664,1.0076088050008438,0.0012628517137143191,0.4814471353873316,True,1.0038411287748887,0.0,0.0,1.0032495548003593,validation_2022_2023,frozen_step_1_v1,2026-07-22
2022-01-25,85.5999984741211,88.19999694824219,1.007570149096684,-0.0037631178014976285,-0.16634468802253086,True,1.0281292076025952,0.0,-0.0,1.0032495548003593,validation_2022_2023,frozen_step_1_v1,2026-07-22
2022-01-26,87.3499984741211,89.95999908447266,1.0075262060956824,-0.004199464071104941,-0.17159811565730412,True,1.0369840619618287,0.0,-0.0,1.0032495548003593,validation_2022_2023,frozen_step_1_v1,2026-07-22
2022-01-27,86.61000061035156,89.33999633789062,1.0074993781028563,-0.0024238545858112914,0.1620225355130951,True,1.0720744442479322,0.0,0.0,1.0032495548003593,validation_2022_2023,frozen_step_1_v1,2026-07-22
2022-01-28,86.81999969482422,90.02999877929688,1.007528983335696,0.002697773771008549,1.0509243496713443,True,1.1047678952969244,0.0,0.0,1.0032495548003593,validation_2022_2023,frozen_step_1_v1,2026-07-22
2022-01-31,88.1500015258789,91.20999908447266,1.007533090589169,0.000383590484361207,0.6836808202954006,True,1.1100134979624356,0.0,-0.0,1.0032495548003593,validation_2022_2023,frozen_step_1_v1,2026-07-22
2022-02-01,88.19999694824219,89.16000366210938,1.0073078161857376,-0.021910522838386015,-3.045176153033518,True,1.1400111375364383,1.1400111375364383,-0.0005700055687682192,1.0026778599173714,validation_2022_2023,frozen_step_1_v1,2026-07-22
2022-02-02,88.26000213623047,89.47000122070312,1.0071037858035679,-0.018210640227753316,-2.029391158624064,False,0.795615327458437,0.795615327458437,0.0014099244023142452,1.0040925569733248,validation_2022_2023,frozen_step_1_v1,2026-07-22
2022-02-03,90.2699966430664,91.11000061035156,1.0068763508424665,-0.02170043563002988,-2.4345764903606457,False,0.8151171212924468,0.8151171212924468,-0.001799055797055843,1.0022877623877855,validation_2022_2023,frozen_step_1_v1,2026-07-22
2022-02-04,92.30999755859375,93.2699966430664,1.006671624939321,-0.019844094756968467,-1.9027097141337834,False,0.8376812164919794,0.8376812164919794,0.0003664182269532046,1.0026550861855341,validation_2022_2023,frozen_step_1_v1,2026-07-22
2022-02-07,91.31999969482422,92.69000244140625,1.00651022389332,-0.014498758347054164,-1.0321469669225278,False,0.8635857469112513,0.8635857469112513,0.001914285460531377,1.0045762925209376,validation_2022_2023,frozen_step_1_v1,2026-07-22
2022-02-08,89.36000061035156,90.77999877929688,1.0063768593802276,-0.012883323002498948,-0.7535837779277099,False,0.8745635556711866,0.8745635556711866,0.0004319064079483852,1.005010269170852,validation_2022_2023,frozen_step_1_v1,2026-07-22
2022-02-09,89.66000366210938,91.55000305175781,1.0062954048748205,-0.007443771431479007,0.026167078475323083,False,0.902364014290129,0.0,0.0017741420568100524,1.0067948827678317,validation_2022_2023,frozen_step_1_v1,2026-07-22
2022-02-10,89.87999725341797,91.41000366210938,1.006172917662659,-0.010889213385767427,-0.40919692533508856,False,0.9123267901795856,0.0,-0.0,1.0067948827678317,validation_2022_2023,frozen_step_1_v1,2026-07-22
2022-02-11,93.0999984741211,94.44000244140625,1.0060438474607665,-0.013110264932196358,-0.6818031616084129,False,0.9347020781246882,0.0,-0.0,1.0067948827678317,validation_2022_2023,frozen_step_1_v1,2026-07-22
2022-02-14,95.45999908447266,96.4800033569336,1.0058747220241038,-0.01615267240252294,-1.0658609104883912,False,0.9630415141657007,0.0,-0.0,1.0067948827678317,validation_2022_2023,frozen_step_1_v1,2026-07-22
2022-02-15,92.06999969482422,93.27999877929688,1.0057462022141386,-0.012930926431586443,-0.5671169079916921,False,0.9885681652972916,0.0,0.0,1.0067948827678317,validation_2022_2023,frozen_step_1_v1,2026-07-22
2022-02-16,93.66000366210938,94.80999755859375,1.0056035906203753,-0.013234838872129728,-0.5613643078593527,False,1.0117924069121098,0.0,-0.0,1.0067948827678317,validation_2022_2023,frozen_step_1_v1,2026-07-22
2022-02-17,91.76000213623047,92.97000122070312,1.0054801877156778,-0.011665558022818878,-0.2919759219146677,True,1.0462598391667686,0.0,0.0,1.0067948827678317,validation_2022_2023,frozen_step_1_v1,2026-07-22
2022-02-18,91.06999969482422,93.54000091552734,1.0055018821213269,0.0019382760142043765,1.7185989933515686,True,1.0790163089454896,0.0,0.0,1.0067948827678317,validation_2022_2023,frozen_step_1_v1,2026-07-22
2022-02-22,92.3499984741211,96.83999633789062,1.0057154601031466,0.021608599676041784,4.32920683593155,True,0.9427482440713083,-0.9427482440713083,-0.00047137412203565414,1.0063204175479956,validation_2022_2023,frozen_step_1_v1,2026-07-22
2022-02-23,92.0999984741211,96.83999633789062,1.0059831276449658,0.023124229551522824,3.5077765118602855,False,0.7665176207664407,-0.7665176207664407,-0.0013695401984960781,1.004943164600503,validation_2022_2023,frozen_step_1_v1,2026-07-22
2022-02-24,92.80999755859375,99.08000183105469,1.0063623474879595,0.03654829560834294,4.117394282029228,False,0.791911816912056,-0.791911816912056,-0.0057987471556483405,0.9991326165146381,validation_2022_2023,frozen_step_1_v1,2026-07-22
2022-02-25,91.58999633789062,97.93000030517578,1.0067589355137798,0.03639859695016323,3.1724583020631174,False,0.7502970274421019,-0.7502970274421019,-0.0006688331244443065,0.9984645869500538,validation_2022_2023,frozen_step_1_v1,2026-07-22
2022-02-28,95.72000122070312,100.98999786376953,1.0069789980129966,0.021760013198360184,1.7116477899378006,False,0.7752792567596538,-0.7752792567596538,0.0050853500975024165,1.0035550613866884,validation_2022_2023,frozen_step_1_v1,2026-07-22
2022-03-01,103.41000366210938,104.97000122070312,1.0068121338562586,-0.016626554864664023,-0.7793662931261279,False,0.7129555502721566,0.0,0.014739774138234752,1.01845679059219,validation_2022_2023,frozen_step_1_v1,2026-07-22
2022-03-02,110.5999984741211,112.93000030517578,1.006714896489071,-0.010751681045364059,-0.40160143645442503,False,0.4748237595820896,0.0,0.0,1.01845679059219,validation_2022_2023,frozen_step_1_v1,2026-07-22
2022-03-03,107.66999816894531,110.45999908447266,1.006652582946272,-0.0055454284215255,-0.08670694162635745,False,0.48701564359971616,0.0,0.0,1.01845679059219,validation_2022_2023,frozen_step_1_v1,2026-07-22
2022-03-04,115.68000030517578,118.11000061035156,1.0065539742740162,-0.01034816518334214,-0.40949024531873524,False,0.5004047259760805,0.0,-0.0,1.01845679059219,validation_2022_2023,frozen_step_1_v1,2026-07-22
2022-03-07,119.4000015258789,123.20999908447266,1.0065546551970128,6.34932349612427e-05,0.22037995811254538,False,0.5148393031174896,0.0,0.0,1.01845679059219,validation_2022_2023,frozen_step_1_v1,2026-07-22
2022-03-08,123.69999694824219,127.9800033569336,1.006580159139177,0.002312492607385863,0.3558243939261858,False,0.5182726748484553,0.0,0.0,1.01845679059219,validation_2022_2023,frozen_step_1_v1,2026-07-22
2022-03-09,108.69999694824219,111.13999938964844,1.006513504549394,-0.008340267490507536,-0.3083319588922172,False,0.5351712373271488,0.0,-0.0,1.01845679059219,validation_2022_2023,frozen_step_1_v1,2026-07-22
2022-03-10,106.0199966430664,109.33000183105469,1.0065177517267982,0.0003467566473362993,0.24038359135205353,False,0.5374639254500965,0.0,0.0,1.01845679059219,validation_2022_2023,frozen_step_1_v1,2026-07-22
2022-03-11,109.33000183105469,112.66999816894531,1.0065122603631396,-0.00047863747433840587,0.17962910328624393,False,0.5445148621003361,0.0,-0.0,1.01845679059219,validation_2022_2023,frozen_step_1_v1,2026-07-22
2022-03-14,103.01000213623047,106.9000015258789,1.0065807075045106,0.00656730582788434,0.6118981979320993,False,0.5628620997123388,0.0,0.0,1.01845679059219,validation_2022_2023,frozen_step_1_v1,2026-07-22
2022-03-15,96.44000244140625,99.91000366210938,1.0066304786296725,0.0050546051982482965,0.5081790957322581,False,0.5737013540888638,0.0,-0.0,1.01845679059219,validation_2022_2023,frozen_step_1_v1,2026-07-22
2022-03-16,95.04000091552734,98.0199966430664,1.0066381032961154,0.0006417403157668033,0.22556727527238768,False,0.5926208499185105,0.0,-0.0,1.01845679059219,validation_2022_2023,frozen_step_1_v1,2026-07-22
2022-03-17,102.9800033569336,106.63999938964844,1.0066752836880706,0.0039870081971544735,0.39433742902491564,False,0.6086779617129536,0.0,0.0,1.01845679059219,validation_2022_2023,frozen_step_1_v1,2026-07-22
2022-03-18,104.69999694824219,107.93000030517578,1.0066673431348576,-0.0006266906428411545,0.05820378205032754,False,0.626974877526521,0.0,-0.0,1.01845679059219,validation_2022_2023,frozen_step_1_v1,2026-07-22
2022-03-21,112.12000274658203,115.62000274658203,1.006660333934217,-0.0006946859499281643,0.0091887001125871,False,0.6430819014561947,0.0,-0.0,1.01845679059219,validation_2022_2023,frozen_step_1_v1,2026-07-22
2022-03-22,111.76000213623047,115.4800033569336,1.0066771690999676,0.0012517583833719925,0.09827464962965392,False,0.6648890435608457,0.0,0.0,1.01845679059219,validation_2022_2023,frozen_step_1_v1,2026-07-22
2022-03-23,114.93000030517578,121.5999984741211,1.006928863447006,0.023540938999779826,1.6030588859147623,False,0.6863405152063846,0.0,0.0,1.01845679059219,validation_2022_2023,frozen_step_1_v1,2026-07-22
2022-03-24,112.33999633789062,119.02999877929688,1.0072165811673803,0.023772293267613875,1.4963159108209965,False,0.5926817648633463,0.0,0.0,1.01845679059219,validation_2022_2023,frozen_step_1_v1,2026-07-22
2022-03-25,113.9000015258789,120.6500015258789,1.0074904503042648,0.022103235113178243,1.2764884769082776,False,0.6127531798825683,0.0,-0.0,1.01845679059219,validation_2022_2023,frozen_step_1_v1,2026-07-22
2022-03-28,105.95999908447266,112.4800033569336,1.0077222820034073,0.02370432503843034,1.2937989181882432,False,0.6327277845765061,0.0,0.0,1.01845679059219,validation_2022_2023,frozen_step_1_v1,2026-07-22
2022-03-29,104.23999786376953,110.2300033569336,1.0079467855842756,0.018946914015358196,0.9022857889757232,False,0.6538241488865048,0.0,-0.0,1.01845679059219,validation_2022_2023,frozen_step_1_v1,2026-07-22
2022-03-30,107.81999969482422,113.44999694824219,1.0080949238091919,0.0130110244030055,0.45491704478189227,True,0.6693416175176355,0.0,-0.0,1.01845679059219,validation_2022_2023,frozen_step_1_v1,2026-07-22
2022-03-31,100.27999877929688,107.91000366210938,1.0084509990348793,0.03438940076973829,1.8482129290678744,True,0.6814071100366319,-0.6814071100366319,-0.00034070355501831595,1.0181098578469683,validation_2022_2023,frozen_step_1_v1,2026-07-22
2022-04-01,99.2699966430664,104.38999938964844,1.0085714702467812,0.010880225084455297,0.1548281226854455,False,0.5982039533533972,0.0,0.007447329502325023,1.0257203612161543,validation_2022_2023,frozen_step_1_v1,2026-07-22
2022-04-04,103.27999877929688,107.52999877929688,1.0085776431042537,0.0005477950587176039,-0.5953707584840833,False,0.5261334142238389,0.0,-0.0,1.0257203612161543,validation_2022_2023,frozen_step_1_v1,2026-07-22
2022-04-05,101.95999908447266,106.63999938964844,1.0086381755392575,0.004930160854676124,-0.2930542580597881,False,0.529508947068382,0.0,0.0,1.0257203612161543,validation_2022_2023,frozen_step_1_v1,2026-07-22
2022-04-06,96.2300033569336,101.06999969482422,1.0087304299365205,0.009202534779686466,0.03579763832370523,False,0.5445254732132349,0.0,0.0,1.0257203612161543,validation_2022_2023,frozen_step_1_v1,2026-07-22
2022-04-07,96.02999877929688,100.58000183105469,1.00880524640122,0.006099857426026034,-0.1484103716726129,False,0.5601272633318628,0.0,-0.0,1.0257203612161543,validation_2022_2023,frozen_step_1_v1,2026-07-22
2022-04-08,98.26000213623047,102.77999877929688,1.0088543589960688,0.004353312922399155,-0.21534024325690967,False,0.5774604226499275,0.0,-0.0,1.0257203612161543,validation_2022_2023,frozen_step_1_v1,2026-07-22
2022-04-11,94.29000091552734,98.4800033569336,1.0088860305200127,0.0030791384452735215,-0.2539001541946894,False,0.5964631263812677,0.0,-0.0,1.0257203612161543,validation_2022_2023,frozen_step_1_v1,2026-07-22
2022-04-12,100.5999984741211,104.63999938964844,1.0088710890116872,-0.0015323026114772986,-0.6032509048147604,False,0.616356002729737,0.0,-0.0,1.0257203612161543,validation_2022_2023,frozen_step_1_v1,2026-07-22
2022-04-13,104.25,108.77999877929688,1.008884653385168,0.0012504870589911121,-0.43332895557716805,False,0.6326931040380981,0.0,0.0,1.0257203612161543,validation_2022_2023,frozen_step_1_v1,2026-07-22
2022-04-14,106.94999694824219,111.69999694824219,1.0089058377537734,0.0018439791424755825,-0.4322808283049819,False,0.6520732746483084,0.0,0.0,1.0257203612161543,validation_2022_2023,frozen_step_1_v1,2026-07-22
2022-04-18,108.20999908447266,113.16000366210938,1.0089404362972185,0.002851340474729014,-0.36741015790208026,False,0.6740433522041744,0.0,0.0,1.0257203612161543,validation_2022_2023,frozen_step_1_v1,2026-07-22
2022-04-19,102.55999755859375,107.25,1.0089725773454965,0.0031675358909808438,-0.3976528791948102,True,0.69652065576236,0.0,0.0,1.0257203612161543,validation_2022_2023,frozen_step_1_v1,2026-07-22
2022-04-20,102.75,106.80000305175781,1.0089383903347224,-0.0027461935743042787,-1.0119546016338217,True,0.720071065671095,0.0,-0.0,1.0257203612161543,validation_2022_2023,frozen_step_1_v1,2026-07-22
2022-04-21,103.79000091552734,108.33000183105469,1.0089530471928971,0.0012491506257088503,-0.5808942733115143,False,0.732374130289013,0.0,0.0,1.0257203612161543,validation_2022_2023,frozen_step_1_v1,2026-07-22
2022-04-22,102.06999969482422,106.6500015258789,1.0089801751301677,0.002354383238919233,-0.5210373160643894,True,0.7508340532730012,0.0,0.0,1.0257203612161543,validation_2022_2023,frozen_step_1_v1,2026-07-22
2022-04-25,98.54000091552734,102.31999969482422,1.0089450896608918,-0.0034195113601889204,-1.1345978021110414,True,0.7757135630228413,0.0,-0.0,1.0257203612161543,validation_2022_2023,frozen_step_1_v1,2026-07-22
2022-04-26,101.69999694824219,104.98999786376953,1.0088454490926801,-0.009046092815919948,-1.6956390946860063,True,0.787749391651074,0.0,-0.0,1.0257203612161543,validation_2022_2023,frozen_step_1_v1,2026-07-22
2022-04-27,102.0199966430664,105.31999969482422,1.0087410864845945,-0.008594508692323366,-1.5235615271549252,True,0.8007095374735974,0.0,-0.0,1.0257203612161543,validation_2022_2023,frozen_step_1_v1,2026-07-22
2022-04-28,105.36000061035156,107.58999633789062,1.008531998711777,-0.018792176955568785,-2.3969950237771473,True,0.8277596443323944,0.8277596443323944,-0.0004138798221661972,1.0252959240945008,validation_2022_2023,frozen_step_1_v1,2026-07-22
2022-04-29,104.69000244140625,109.33999633789062,1.008572615087921,0.003587370467154294,-0.1852941137858473,True,0.806078452218887,0.0,0.008887070197952431,1.0344484100998654,validation_2022_2023,frozen_step_1_v1,2026-07-22
2022-05-02,105.16999816894531,107.58000183105469,1.0083877826241836,-0.016393274106495603,-1.9344096369382446,True,0.6540520126145851,0.6540520126145851,-0.0003270260063072926,1.0341101738766145,validation_2022_2023,frozen_step_1_v1,2026-07-22
2022-05-03,102.41000366210938,104.97000122070312,1.008242675763895,-0.013465010693930246,-1.5445193199176717,True,0.5888342177707512,0.5888342177707512,0.000702264895245618,1.034836648208398,validation_2022_2023,frozen_step_1_v1,2026-07-22
2022-05-04,107.80999755859375,110.13999938964844,1.008079990656993,-0.01643546668301976,-1.6948736527979382,True,0.6068353524431219,0.6068353524431219,-0.0011032209855476151,1.0336956242180144,validation_2022_2023,frozen_step_1_v1,2026-07-22
2022-05-05,108.26000213623047,110.9000015258789,1.0079250301314626,-0.013031940044506918,-1.3147830735827537,True,0.6259649965823927,0.6259649965823927,0.0007995999096788709,1.0345224976856937,validation_2022_2023,frozen_step_1_v1,2026-07-22
2022-05-06,109.7699966430664,112.38999938964844,1.0077767445031827,-0.012950434138264022,-1.2309504080273939,True,0.6442551912463006,0.6442551912463006,-0.00020093116045890176,1.0343146507618741,validation_2022_2023,frozen_step_1_v1,2026-07-22
2022-05-09,103.08999633789062,105.94000244140625,1.0076972077112292,-0.008410632636307369,-0.8032804139948022,True,0.6661700300166387,0.6661700300166387,0.0013274648914709723,1.0356885788663985,validation_2022_2023,frozen_step_1_v1,2026-07-22
2022-05-10,99.76000213623047,102.45999908447266,1.0076100845695577,-0.00832230179027782,-0.743927636923584,True,0.6824559880455193,0.6824559880455193,-0.00011189161609247095,1.0355727004805715,validation_2022_2023,frozen_step_1_v1,2026-07-22
2022-05-11,105.70999908447266,107.51000213623047,1.0074324459004254,-0.017755997548785096,-1.5237615484907105,True,0.7056511124674278,0.7056511124674278,-0.0034998752338350194,1.0319546602711378,validation_2022_2023,frozen_step_1_v1,2026-07-22
2022-05-12,106.12999725341797,107.44999694824219,1.007171756142924,-0.02109297515309816,-1.7361304056244649,True,0.7022926933707879,0.7022926933707879,-0.0016021490594109586,1.0303026388285084,validation_2022_2023,frozen_step_1_v1,2026-07-22
2022-05-13,110.48999786376953,111.55000305175781,1.0069303009610342,-0.023058597802277703,-1.7791915867039052,True,0.7228764037320373,0.7228764037320373,-0.0010955337872468412,1.0291745255325278,validation_2022_2023,frozen_step_1_v1,2026-07-22
2022-05-16,114.19999694824219,114.23999786376953,1.006584676562976,-0.030847667294586323,-2.7113466075584145,True,0.7466522777868498,0.7466522777868498,-0.0034072634114058068,1.0256738241204133,validation_2022_2023,frozen_step_1_v1,2026-07-22
2022-05-17,112.4000015258789,111.93000030517578,1.0062059523441005,-0.03349517625327891,-2.657886610346053,True,0.7504128098241691,0.7504128098241691,-0.0016524717843940393,1.0239803266797958,validation_2022_2023,frozen_step_1_v1,2026-07-22
2022-05-18,109.58999633789062,109.11000061035156,1.0058562989196402,-0.03189509188610007,-2.169208746126226,True,0.7740942334484539,0.7740942334484539,-2.7606362056607073e-05,1.0239520586983486,validation_2022_2023,frozen_step_1_v1,2026-07-22
2022-05-19,112.20999908447266,112.04000091552734,1.0055532293827383,-0.02772945803930771,-1.6086948904940137,True,0.7990300948255938,0.7990300948255938,0.0010430280013659732,1.0250206265438442,validation_2022_2023,frozen_step_1_v1,2026-07-22
2022-05-20,113.2300033569336,112.55000305175781,1.0051856657206184,-0.030548780786537222,-1.7372609898931965,True,0.816726203607981,0.816726203607981,-0.001824670399761972,1.0231520070732143,validation_2022_2023,frozen_step_1_v1,2026-07-22
2022-05-23,110.29000091552734,113.41999816894531,1.0052253326407545,0.0034091265470346244,1.1657130850323976,True,0.8409970204600768,0.0,0.013498917424826066,1.0370570921785816,validation_2022_2023,frozen_step_1_v1,2026-07-22
2022-05-24,109.7699966430664,113.55999755859375,1.0053307673875465,0.008898063530553557,1.6218821546254327,False,0.5452151372674059,0.0,0.0,1.0370570921785816,validation_2022_2023,frozen_step_1_v1,2026-07-22
2022-05-25,110.33000183105469,114.02999877929688,1.005417494253217,0.007504615984150753,1.4591501986568634,False,0.5593713933925158,0.0,-0.0,1.0370570921785816,validation_2022_2023,frozen_step_1_v1,2026-07-22
2022-05-26,114.08999633789062,117.4000015258789,1.0054464724625891,0.0027994694794282182,1.0302882869855787,False,0.5777957151926868,0.0,-0.0,1.0370570921785816,validation_2022_2023,frozen_step_1_v1,2026-07-22
2022-05-27,115.06999969482422,119.43000030517578,1.0055646024754432,0.010782744880902584,1.6429102577590964,False,0.5927824688395801,0.0,0.0,1.0370570921785816,validation_2022_2023,frozen_step_1_v1,2026-07-22
2022-05-31,114.66999816894531,122.83999633789062,1.0059862451147177,0.040437119615521766,3.8101431167595154,False,0.6010003618569568,0.0,0.0,1.0370570921785816,validation_2022_2023,frozen_step_1_v1,2026-07-22
2022-06-01,115.26000213623047,116.29000091552734,1.005807926296554,-0.018674717698553778,-0.6173912173393407,False,0.4949105778896842,0.0,-0.0,1.0370570921785816,validation_2022_2023,frozen_step_1_v1,2026-07-22
2022-06-02,116.87000274658203,117.61000061035156,1.005575595527728,-0.02023391566740429,-0.6721106837690998,False,0.31579268884011086,0.0,-0.0,1.0370570921785816,validation_2022_2023,frozen_step_1_v1,2026-07-22
2022-06-03,118.87000274658203,119.72000122070312,1.0053696646442027,-0.018531210266126585,-0.5265988191940363,False,0.3264648138247518,0.0,0.0,1.0370570921785816,validation_2022_2023,frozen_step_1_v1,2026-07-22
2022-06-06,118.5,119.51000213623047,1.0051769356683689,-0.01623231004044534,-0.3433519166067276,False,0.33743497173443965,0.0,0.0,1.0370570921785816,validation_2022_2023,frozen_step_1_v1,2026-07-22
2022-06-07,119.41000366210938,120.56999969482422,1.005014203787479,-0.014313231024790873,-0.18587491889879598,False,0.3486839177697444,0.0,0.0,1.0370570921785816,validation_2022_2023,frozen_step_1_v1,2026-07-22
2022-06-08,122.11000061035156,123.58000183105469,1.0048919795564395,-0.011539129971666284,0.013295184727662489,False,0.360358359237805,0.0,0.0,1.0370570921785816,validation_2022_2023,frozen_step_1_v1,2026-07-22
2022-06-09,121.51000213623047,123.06999969482422,1.004774264683412,-0.010159738956224018,0.10655495629628708,False,0.3722162596585111,0.0,0.0,1.0370570921785816,validation_2022_2023,frozen_step_1_v1,2026-07-22
2022-06-10,120.66999816894531,122.01000213623047,1.0046481635569235,-0.01123543045794495,0.041314972795966645,False,0.3847544757394738,0.0,-0.0,1.0370570921785816,validation_2022_2023,frozen_step_1_v1,2026-07-22
2022-06-13,120.93000030517578,122.2699966430664,1.0045255276697878,-0.010681045612328077,0.0608237938138528,False,0.3977533920629066,0.0,-0.0,1.0370570921785816,validation_2022_2023,frozen_step_1_v1,2026-07-22
2022-06-14,118.93000030517578,121.16999816894531,1.0044945665289222,-0.002818028033868991,0.6048938351526679,False,0.411236016164989,0.0,0.0,1.0370570921785816,validation_2022_2023,frozen_step_1_v1,2026-07-22
2022-06-15,115.30999755859375,118.51000213623047,1.0045537580323616,0.005753699087109432,1.128543317616386,False,0.4210733615311323,0.0,0.0,1.0370570921785816,validation_2022_2023,frozen_step_1_v1,2026-07-22
2022-06-16,117.58999633789062,119.80999755859375,1.004522716004436,-0.002857542094369947,0.5180711446981212,False,0.4302793389103663,0.0,-0.0,1.0370570921785816,validation_2022_2023,frozen_step_1_v1,2026-07-22
2022-06-17,109.55999755859375,113.12000274658203,1.0046150538603933,0.010302431596985073,1.3223928432947119,False,0.4390295929309172,0.0,0.0,1.0370570921785816,validation_2022_2023,frozen_step_1_v1,2026-07-22
2022-06-21,110.6500015258789,114.6500015258789,1.0047571400728947,0.013123071104645945,1.412223960019895,False,0.44072711971363393,0.0,0.0,1.0370570921785816,validation_2022_2023,frozen_step_1_v1,2026-07-22
2022-06-22,106.19000244140625,111.73999786376953,1.005036928718151,0.027446328716921542,2.172740342827255,False,0.45508799022365654,0.0,0.0,1.0370570921785816,validation_2022_2023,frozen_step_1_v1,2026-07-22
2022-06-23,104.2699966430664,110.05000305175781,1.005346964682247,0.029103921605385885,2.04521581133673,False,0.4537463709872098,0.0,0.0,1.0370570921785816,validation_2022_2023,frozen_step_1_v1,2026-07-22
2022-06-24,107.62000274658203,113.12000274658203,1.0055880199867493,0.02369855004868704,1.569964224945137,False,0.4688929236145185,0.0,-0.0,1.0370570921785816,validation_2022_2023,frozen_step_1_v1,2026-07-22
2022-06-27,109.56999969482422,115.08999633789062,1.0058218898838194,0.02180791134950777,1.35453871401462,False,0.48118743297516336,0.0,-0.0,1.0370570921785816,validation_2022_2023,frozen_step_1_v1,2026-07-22
2022-06-28,111.76000213623047,117.9800033569336,1.0060872649956183,0.0254517179728726,1.440670255509773,False,0.4968397118205564,0.0,0.0,1.0370570921785816,validation_2022_2023,frozen_step_1_v1,2026-07-22
2022-06-29,109.77999877929688,116.26000213623047,1.0063850575244764,0.027350674090556026,1.4310867214082508,False,0.5122936273806196,0.0,0.0,1.0370570921785816,validation_2022_2023,frozen_step_1_v1,2026-07-22
2022-06-30,105.76000213623047,114.80999755859375,1.0069266576500782,0.04981982510156069,2.4384630947571946,False,0.5292046362075387,0.0,0.0,1.0370570921785816,validation_2022_2023,frozen_step_1_v1,2026-07-22
2022-07-01,108.43000030517578,111.62999725341797,1.006893713250843,-0.0032196626743017376,-0.275228608984369,True,0.4883189199375014,0.0,-0.0,1.0370570921785816,validation_2022_2023,frozen_step_1_v1,2026-07-22
2022-07-05,99.5,102.7699966430664,1.0068987585749372,0.0006004278141622521,-0.1482604100375127,False,0.33446812059704006,0.0,0.0,1.0370570921785816,validation_2022_2023,frozen_step_1_v1,2026-07-22
2022-07-06,98.52999877929688,100.69000244140625,1.0067965711495082,-0.00951325930320479,-0.719704195753807,False,0.34523130091565485,0.0,-0.0,1.0370570921785816,validation_2022_2023,frozen_step_1_v1,2026-07-22
2022-07-07,102.7300033569336,104.6500015258789,1.0066721225793676,-0.012388723588243167,-0.948334952438042,False,0.3530982963241673,0.0,-0.0,1.0370570921785816,validation_2022_2023,frozen_step_1_v1,2026-07-22
2022-07-08,104.79000091552734,107.0199966430664,1.0065688087496991,-0.009500479461419076,-0.7538445094768597,False,0.36483466776479284,0.0,0.0,1.0370570921785816,validation_2022_2023,frozen_step_1_v1,2026-07-22
2022-07-11,104.08999633789062,107.0999984741211,1.0065461260395756,-0.0019013415783080134,-0.31673632958400727,False,0.3767614629490614,0.0,0.0,1.0370570921785816,validation_2022_2023,frozen_step_1_v1,2026-07-22
2022-07-12,95.83999633789062,99.48999786376953,1.0066096456669977,0.007219320245519079,0.1780104417735261,False,0.3864338030907874,0.0,0.0,1.0370570921785816,validation_2022_2023,frozen_step_1_v1,2026-07-22
2022-07-13,96.30000305175781,99.56999969482422,1.0066457668661577,0.003038231014926396,-0.04880460382680127,False,0.3949552360441686,0.0,-0.0,1.0370570921785816,validation_2022_2023,frozen_step_1_v1,2026-07-22
2022-07-14,95.77999877929688,99.0999984741211,1.0066868698028297,0.0035696834254164145,-0.0074602445724974995,False,0.4072839282939558,0.0,0.0,1.0370570921785816,validation_2022_2023,frozen_step_1_v1,2026-07-22
2022-07-15,97.58999633789062,101.16000366210938,1.0067408388834205,0.005050200195245935,0.14471362373252133,False,0.4210569920749698,0.0,0.0,1.0370570921785816,validation_2022_2023,frozen_step_1_v1,2026-07-22
2022-07-18,102.5999984741211,106.2699966430664,1.0067770755605059,0.0037615374535011625,0.028218156227539964,False,0.4351542292262962,0.0,-0.0,1.0370570921785816,validation_2022_2023,frozen_step_1_v1,2026-07-22
2022-07-19,104.22000122070312,107.3499984741211,1.0067563128552819,-0.0018027862038509923,-0.35169935673821806,False,0.44975459927644923,0.0,-0.0,1.0370570921785816,validation_2022_2023,frozen_step_1_v1,2026-07-22
2022-07-20,102.26000213623047,106.91999816894531,1.0069037541412125,0.012615012832146277,0.4928493345860063,True,0.4623381204560212,0.0,0.0,1.0370570921785816,validation_2022_2023,frozen_step_1_v1,2026-07-22
2022-07-21,96.3499984741211,103.86000061035156,1.0073311142775787,0.04156802777514823,2.2814385235391716,False,0.45902811341857647,0.0,0.0,1.0370570921785816,validation_2022_2023,frozen_step_1_v1,2026-07-22
2022-07-22,94.69999694824219,103.19999694824219,1.0078966955002615,0.05001925299584631,2.5619158081386315,False,0.4126477425219709,0.0,0.0,1.0370570921785816,validation_2022_2023,frozen_step_1_v1,2026-07-22
2022-07-25,96.69999694824219,105.1500015258789,1.0083821938913906,0.04545439608857649,2.004177116878132,False,0.4222065623178943,0.0,-0.0,1.0370570921785816,validation_2022_2023,frozen_step_1_v1,2026-07-22
2022-07-26,94.9800033569336,104.4000015258789,1.008982685484382,0.0536591587211257,2.2629689000545303,False,0.4342003212696058,0.0,0.0,1.0370570921785816,validation_2022_2023,frozen_step_1_v1,2026-07-22
2022-07-27,97.26000213623047,106.62000274658203,1.0094922920548957,0.04843340811349339,1.7708409819695927,False,0.4440652931253299,0.0,-0.0,1.0370570921785816,validation_2022_2023,frozen_step_1_v1,2026-07-22
2022-07-28,96.41999816894531,107.13999938964844,1.0101584434784205,0.059011735589661996,2.158605259494203,False,0.4557933330122986,0.0,0.0,1.0370570921785816,validation_2022_2023,frozen_step_1_v1,2026-07-22
2022-07-29,98.62000274658203,110.01000213623047,1.0107723240760957,0.05983848890319976,1.980594580812684,False,0.4618728729821087,0.0,0.0,1.0370570921785816,validation_2022_2023,frozen_step_1_v1,2026-07-22
2022-08-01,93.88999938964844,100.02999877929688,1.0108857231113042,0.013901948153328014,-0.24180686595702008,False,0.47715119462438366,0.0,-0.0,1.0370570921785816,validation_2022_2023,frozen_step_1_v1,2026-07-22
2022-08-02,94.41999816894531,100.54000091552734,1.0110325905709696,0.012629275928565775,-0.32826090435934163,True,0.3556145228599631,0.0,-0.0,1.0370570921785816,validation_2022_2023,frozen_step_1_v1,2026-07-22
2022-08-03,90.66000366210938,96.77999877929688,1.0111815478897643,0.014927526249811862,-0.22855463401048157,True,0.3676091599960438,0.0,0.0,1.0370570921785816,validation_2022_2023,frozen_step_1_v1,2026-07-22
2022-08-04,88.54000091552734,94.12000274658203,1.011290850129719,0.01049414327773679,-0.4315565568651309,True,0.3797905163543117,0.0,-0.0,1.0370570921785816,validation_2022_2023,frozen_step_1_v1,2026-07-22
2022-08-05,89.01000213623047,94.91999816894531,1.0114376082490546,0.01294511561003997,-0.29513703867279334,True,0.39166567282644243,0.0,0.0,1.0370570921785816,validation_2022_2023,frozen_step_1_v1,2026-07-22
2022-08-08,90.76000213623047,96.6500015258789,1.0115545442824982,0.010787125580144163,-0.3689166260652328,True,0.4045325755079514,0.0,-0.0,1.0370570921785816,validation_2022_2023,frozen_step_1_v1,2026-07-22
2022-08-09,90.5,96.30999755859375,1.0116659907849908,0.009662909675940412,-0.399726815610667,True,0.41797280596559394,0.0,-0.0,1.0370570921785816,validation_2022_2023,frozen_step_1_v1,2026-07-22
2022-08-10,91.93000030517578,97.4000015258789,1.0117193084611709,0.004815490208880391,-0.5988850232117372,True,0.43207056238585473,0.0,-0.0,1.0370570921785816,validation_2022_2023,frozen_step_1_v1,2026-07-22
2022-08-11,94.33999633789062,99.5999984741211,1.011729093212211,0.0009258348568064179,-0.7402388066179734,True,0.44502579921148877,0.0,-0.0,1.0370570921785816,validation_2022_2023,frozen_step_1_v1,2026-07-22
2022-08-12,92.08999633789062,98.1500015258789,1.0118399547328127,0.010181267806731675,-0.2840816253332135,True,0.45898668876630955,0.0,0.0,1.0370570921785816,validation_2022_2023,frozen_step_1_v1,2026-07-22
2022-08-15,89.41000366210938,95.0999984741211,1.0119219119308447,0.008128456771990145,-0.32964136307416636,True,0.46633020948977283,0.0,-0.0,1.0370570921785816,validation_2022_2023,frozen_step_1_v1,2026-07-22
2022-08-16,86.52999877929688,92.33999633789062,1.0120367280889448,0.011296497666288374,-0.2022994312621281,True,0.48174763057604414,0.0,0.0,1.0370570921785816,validation_2022_2023,frozen_step_1_v1,2026-07-22
2022-08-17,88.11000061035156,93.6500015258789,1.012110317664945,0.00674130473377943,-0.4364609397698596,True,0.4969291882320485,0.0,-0.0,1.0370570921785816,validation_2022_2023,frozen_step_1_v1,2026-07-22
2022-08-18,90.5,96.58999633789062,1.01221336375292,0.010099851010528127,-0.3100550445274934,True,0.5114132227626679,0.0,0.0,1.0370570921785816,validation_2022_2023,frozen_step_1_v1,2026-07-22
2022-08-19,90.7699966430664,96.72000122070312,1.0123068296090074,0.008008187038956116,-0.46307485291591993,True,0.5271974597278809,0.0,-0.0,1.0370570921785816,validation_2022_2023,frozen_step_1_v1,2026-07-22
2022-08-22,90.2300033569336,96.4800033569336,1.0124329219702703,0.010996249094541888,-0.35253561361499974,True,0.544500966737104,0.0,0.0,1.0370570921785816,validation_2022_2023,frozen_step_1_v1,2026-07-22
2022-08-23,93.73999786376953,100.22000122070312,1.0125309192852925,0.009945860097905879,-0.43584429245474743,True,0.5614376552709822,0.0,-0.0,1.0370570921785816,validation_2022_2023,frozen_step_1_v1,2026-07-22
2022-08-24,94.88999938964844,101.22000122070312,1.0126113486140433,0.007162140422936503,-0.5879077231534553,True,0.5802661999525907,0.0,-0.0,1.0370570921785816,validation_2022_2023,frozen_step_1_v1,2026-07-22
2022-08-25,92.5199966430664,99.33999633789062,1.012754467849422,0.013378577668846425,-0.27007406179417875,True,0.5985563345960208,0.0,0.0,1.0370570921785816,validation_2022_2023,frozen_step_1_v1,2026-07-22
2022-08-26,93.05999755859375,100.98999786376953,1.0130010778352367,0.022839997150891023,0.21423282290017048,True,0.6107809055399832,0.0,0.0,1.0370570921785816,validation_2022_2023,frozen_step_1_v1,2026-07-22
2022-08-29,97.01000213623047,105.08999633789062,1.0131952281416363,0.019637287439573825,0.012001018294747057,True,0.6128125963645966,0.0,-0.0,1.0370570921785816,validation_2022_2023,frozen_step_1_v1,2026-07-22
2022-08-30,91.63999938964844,99.30999755859375,1.0133817500120865,0.01992141723787988,-0.0011973327788868714,True,0.6309189473817968,0.0,0.0,1.0370570921785816,validation_2022_2023,frozen_step_1_v1,2026-07-22
2022-08-31,89.55000305175781,96.48999786376953,1.0135268583940824,0.013841706578942237,-0.3815944532036258,True,0.6522453436282922,0.0,-0.0,1.0370570921785816,validation_2022_2023,frozen_step_1_v1,2026-07-22
2022-09-01,86.61000061035156,92.36000061035156,1.0135640182276588,0.0037639833981693016,-0.9482061835241111,True,0.6643419307448487,0.0,-0.0,1.0370570921785816,validation_2022_2023,frozen_step_1_v1,2026-07-22
2022-09-02,86.87000274658203,93.0199966430664,1.0136502204433429,0.0074614892231084085,-0.677977823108866,True,0.6600451613340313,0.0,0.0,1.0370570921785816,validation_2022_2023,frozen_step_1_v1,2026-07-22
2022-09-06,86.87999725341797,92.83000183105469,1.01370922727071,0.005036831961078292,-0.7720237260088145,True,0.6782380625347493,0.0,-0.0,1.0370570921785816,validation_2022_2023,frozen_step_1_v1,2026-07-22
2022-09-07,81.94000244140625,88.0,1.0138074217662492,0.010514187590172419,-0.3816266738097398,True,0.6996693088742811,0.0,0.0,1.0370570921785816,validation_2022_2023,frozen_step_1_v1,2026-07-22
2022-09-08,83.54000091552734,89.1500015258789,1.0138486994042324,0.003709787811647658,-0.7898309552897619,True,0.7134699172630593,0.0,-0.0,1.0370570921785816,validation_2022_2023,frozen_step_1_v1,2026-07-22
2022-09-09,86.79000091552734,92.83999633789062,1.0139018597017457,0.005335292280102877,-0.6317258867565749,True,0.722291816438343,0.0,0.0,1.0370570921785816,validation_2022_2023,frozen_step_1_v1,2026-07-22
2022-09-12,87.77999877929688,94.0,1.0139693298571026,0.0059506843194681025,-0.5838843611334907,True,0.7456365934937298,0.0,0.0,1.0370570921785816,validation_2022_2023,frozen_step_1_v1,2026-07-22
2022-09-13,87.30999755859375,93.16999816894531,1.0139967980942461,0.0024025870928658932,-1.554578760790183,True,0.7706691666093456,0.0,-0.0,1.0370570921785816,validation_2022_2023,frozen_step_1_v1,2026-07-22
2022-09-14,88.4800033569336,94.0999984741211,1.0139842689822294,-0.0011068987602440572,-2.1198309660523806,True,0.7916768793708162,0.7916768793708162,-0.0003958384396854081,1.0366466663538672,validation_2022_2023,frozen_step_1_v1,2026-07-22
2022-09-15,85.0999984741211,90.83999633789062,1.0140144182177244,0.002995008962054513,-1.1561562598076576,True,0.8132619696399357,0.8132619696399357,0.0016542913542568912,1.0383630012389946,validation_2022_2023,frozen_step_1_v1,2026-07-22
2022-09-16,85.11000061035156,91.3499984741211,1.0141067726037376,0.008064006305023241,-0.15759765465940795,True,0.8314347995314972,0.0,0.0018059648570256691,1.0402399426630549,validation_2022_2023,frozen_step_1_v1,2026-07-22
2022-09-19,85.7300033569336,92.0,1.0141906023825633,0.007420465264721621,-0.26036261423847135,True,0.8450054464558516,0.0,-0.0,1.0402399426630549,validation_2022_2023,frozen_step_1_v1,2026-07-22
2022-09-20,84.44999694824219,90.62000274658203,1.0142685634555462,0.007217737577748018,-0.2661671755448869,True,0.873400415600689,0.0,0.0,1.0402399426630549,validation_2022_2023,frozen_step_1_v1,2026-07-22
2022-09-21,82.94000244140625,89.83000183105469,1.0144449226748224,0.015982165942291182,1.3710850205897647,True,0.9029518235549443,0.0,0.0,1.0402399426630549,validation_2022_2023,frozen_step_1_v1,2026-07-22
2022-09-22,83.48999786376953,90.45999908447266,1.0146167537939343,0.015505772504142534,1.2076703270099454,True,0.8832522883637112,0.0,0.0,1.0402399426630549,validation_2022_2023,frozen_step_1_v1,2026-07-22
2022-09-23,78.73999786376953,86.1500015258789,1.014848602481431,0.025107477890848884,2.8212004323650186,True,0.9128510750654357,-0.9128510750654357,-0.0004564255375327179,1.0397652589251927,validation_2022_2023,frozen_step_1_v1,2026-07-22
2022-09-26,76.70999908447266,84.05999755859375,1.0151134707886917,0.025905786645040507,2.5940404785181643,True,0.8863592751043343,-0.8863592751043343,-0.0008957405152144524,1.0388343160603268,validation_2022_2023,frozen_step_1_v1,2026-07-22
2022-09-27,78.5,86.2699966430664,1.0153922733695273,0.027225242617226364,2.4608350806790615,True,0.9159670977691382,-0.9159670977691382,-0.0011302337600696776,1.0376608537134948,validation_2022_2023,frozen_step_1_v1,2026-07-22
2022-09-28,82.1500015258789,89.31999969482422,1.0155442437438857,0.01515103350201219,0.5460324495115693,True,0.9460084599583215,-0.9460084599583215,0.0051680443236154896,1.0430374121778656,validation_2022_2023,frozen_step_1_v1,2026-07-22
2022-09-29,81.2300033569336,88.48999786376953,1.015728923901034,0.01644029267162672,0.698209558892131,True,0.87304699858506,-0.87304699858506,-0.001022762851369535,1.0419711776056013,validation_2022_2023,frozen_step_1_v1,2026-07-22
2022-09-30,79.48999786376953,87.95999908447266,1.0160772895107146,0.030902664961348414,2.5812541966450993,True,0.901299004743914,-0.901299004743914,-0.006938238198208219,1.0347667552800008,validation_2022_2023,frozen_step_1_v1,2026-07-22
2022-10-03,83.62999725341797,88.86000061035156,1.0159660276048763,-0.010012231080692047,-2.6828112679601546,True,0.8126900210455442,0.0,0.01806076173201608,1.053625217573264,validation_2022_2023,frozen_step_1_v1,2026-07-22
2022-10-04,86.5199966430664,91.80000305175781,1.015849875279284,-0.011459627776342352,-2.50721629601041,True,0.47915678089902736,0.47915678089902736,-0.00023957839044951368,1.0533728219749736,validation_2022_2023,frozen_step_1_v1,2026-07-22
2022-10-05,87.76000213623047,93.37000274658203,1.0157565557005843,-0.008540092557749013,-1.9172751652036832,True,0.49539083112879484,0.49539083112879484,0.0005865871808195709,1.0539908982290491,validation_2022_2023,frozen_step_1_v1,2026-07-22
2022-10-06,88.44999694824219,94.41999816894531,1.0156999143863894,-0.0050583735818499065,-1.4275861837650508,True,0.5109423044872551,0.5109423044872551,0.0007854928292556372,1.0548191257625184,validation_2022_2023,frozen_step_1_v1,2026-07-22
2022-10-07,92.63999938964844,97.91999816894531,1.0155482368474884,-0.014983834008447161,-2.2419984537525486,True,0.5264356289095381,0.5264356289095381,-0.002697783279075422,1.0519772874181539,validation_2022_2023,frozen_step_1_v1,2026-07-22
2022-10-10,91.12999725341797,96.19000244140625,1.0153794318334544,-0.015358011589043485,-2.0317519345844897,True,0.5319825755267709,0.5319825755267709,-0.00029944941847036304,1.0516623205918625,validation_2022_2023,frozen_step_1_v1,2026-07-22
2022-10-11,89.3499984741211,94.29000091552734,1.0152218185861546,-0.014571027287561655,-1.7860417754261833,True,0.550161904190952,0.550161904190952,1.1736142517838215e-05,1.0516746631231644,validation_2022_2023,frozen_step_1_v1,2026-07-22
2022-10-12,87.2699966430664,92.44999694824219,1.0151154127200688,-0.009889678948350245,-1.2744316052793125,True,0.5687226983692995,0.5687226983692995,0.0011389216584357987,1.0528731205196187,validation_2022_2023,frozen_step_1_v1,2026-07-22
2022-10-13,89.11000061035156,94.56999969482422,1.015030055017931,-0.008014287371216788,-1.0448817575746723,True,0.5836466164541043,0.5836466164541043,0.00041366407379840234,1.0533087463990216,validation_2022_2023,frozen_step_1_v1,2026-07-22
2022-10-14,85.61000061035156,91.62999725341797,1.015040574776691,0.0010290118035580775,-0.28641803848686936,True,0.6026405492009795,0.0,0.0023410962072119975,1.0557775322152325,validation_2022_2023,frozen_step_1_v1,2026-07-22
2022-10-17,85.45999908447266,91.62000274658203,1.0150706818527544,0.0025660763376498252,-0.16154775210262537,True,0.6058746590185595,0.0,0.0,1.0557775322152325,validation_2022_2023,frozen_step_1_v1,2026-07-22
2022-10-18,82.81999969482422,90.02999877929688,1.0152430118587512,0.01615001342966149,0.8899896752780512,True,0.6258537408908387,0.0,0.0,1.0557775322152325,validation_2022_2023,frozen_step_1_v1,2026-07-22
2022-10-19,85.55000305175781,92.41000366210938,1.0153351955560088,0.008906367082802014,0.3035551733154626,True,0.6076312868727181,0.0,-0.0,1.0557775322152325,validation_2022_2023,frozen_step_1_v1,2026-07-22
2022-10-20,85.9800033569336,92.37999725341797,1.0153738377290893,0.003318887764828915,-0.11445709951866621,True,0.616388149633664,0.0,-0.0,1.0557775322152325,validation_2022_2023,frozen_step_1_v1,2026-07-22
2022-10-21,85.05000305175781,93.5,1.0156483756559929,0.025192603018635573,1.540488073917029,True,0.6301709669125515,0.0,0.0,1.0557775322152325,validation_2022_2023,frozen_step_1_v1,2026-07-22
2022-10-24,84.58000183105469,93.26000213623047,1.0159528893534076,0.026899357749401887,1.5589439218313133,True,0.5601646352910854,0.0,0.0,1.0557775322152325,validation_2022_2023,frozen_step_1_v1,2026-07-22
2022-10-25,85.31999969482422,93.5199966430664,1.0161758932428182,0.019841755723161825,0.9563977224507509,True,0.5785842872595655,0.0,-0.0,1.0557775322152325,validation_2022_2023,frozen_step_1_v1,2026-07-22
2022-10-26,87.91000366210938,95.69000244140625,1.016297730405976,0.01184646742892781,0.3512237463892203,True,0.5880591377742125,0.0,-0.0,1.0557775322152325,validation_2022_2023,frozen_step_1_v1,2026-07-22
2022-10-27,89.08000183105469,96.95999908447266,1.0164171297065718,0.01105837376721297,0.2678942890982066,True,0.5950270398335615,0.0,-0.0,1.0557775322152325,validation_2022_2023,frozen_step_1_v1,2026-07-22
2022-10-28,87.9000015258789,95.7699966430664,1.0165433453412962,0.011698306958271232,0.2937334420113856,True,0.6149368818832356,0.0,0.0,1.0557775322152325,validation_2022_2023,frozen_step_1_v1,2026-07-22
2022-10-31,86.52999877929688,94.83000183105469,1.0167274818568073,0.01698188873317985,0.6507142421946336,True,0.6355875335948854,0.0,0.0,1.0557775322152325,validation_2022_2023,frozen_step_1_v1,2026-07-22
2022-11-01,88.37000274658203,94.6500015258789,1.0166598775022802,-0.006008466582590799,-0.9562655400725002,True,0.6503726660452388,0.0,-0.0,1.0557775322152325,validation_2022_2023,frozen_step_1_v1,2026-07-22
2022-11-02,90.0,96.16000366210938,1.0165717167903883,-0.008365732927231306,-1.0717877322075642,True,0.564440447410783,0.0,-0.0,1.0557775322152325,validation_2022_2023,frozen_step_1_v1,2026-07-22
2022-11-03,88.16999816894531,94.66999816894531,1.01654059423681,-0.002959341294848983,-0.6427060441452732,True,0.5829116684154021,0.0,0.0,1.0557775322152325,validation_2022_2023,frozen_step_1_v1,2026-07-22
2022-11-04,92.61000061035156,98.56999969482422,1.0164252710221326,-0.01201033140948482,-1.2067336999594382,True,0.5966304520749093,0.0,-0.0,1.0557775322152325,validation_2022_2023,frozen_step_1_v1,2026-07-22
2022-11-07,91.79000091552734,97.91999816894531,1.016323175011896,-0.009125213603020654,-0.9371383744700719,True,0.6017813121202992,0.0,0.0,1.0557775322152325,validation_2022_2023,frozen_step_1_v1,2026-07-22
2022-11-08,88.91000366210938,95.36000061035156,1.0162919048665267,-0.0030774076959767527,-0.46210590127001683,True,0.6201746073996095,0.0,0.0,1.0557775322152325,validation_2022_2023,frozen_step_1_v1,2026-07-22
2022-11-09,85.83000183105469,92.6500015258789,1.016329627108159,0.003754832872298941,0.08204763449339951,True,0.6323440616912168,0.0,0.0,1.0557775322152325,validation_2022_2023,frozen_step_1_v1,2026-07-22
2022-11-10,86.47000122070312,93.66999816894531,1.0164039615233005,0.006822053219534219,0.3357664046702918,True,0.6423813262383125,0.0,0.0,1.0557775322152325,validation_2022_2023,frozen_step_1_v1,2026-07-22
2022-11-11,88.95999908447266,95.98999786376953,1.0164279499629347,0.0023254684031774886,0.03038177461430927,True,0.6617080863328187,0.0,-0.0,1.0557775322152325,validation_2022_2023,frozen_step_1_v1,2026-07-22
2022-11-14,85.87000274658203,93.13999938964844,1.016506226536324,0.007769678410269876,0.5553643796449507,True,0.6784234477111127,0.0,0.0,1.0557775322152325,validation_2022_2023,frozen_step_1_v1,2026-07-22
2022-11-15,86.91999816894531,93.86000061035156,1.016539333275228,0.002968255723311941,0.11624027227565466,True,0.6926388309084317,0.0,-0.0,1.0557775322152325,validation_2022_2023,frozen_step_1_v1,2026-07-22
2022-11-16,85.58999633789062,92.86000061035156,1.0166218493957009,0.007564522052437184,0.4650440208257932,True,0.7086581674909633,0.0,0.0,1.0557775322152325,validation_2022_2023,frozen_step_1_v1,2026-07-22
2022-11-17,81.63999938964844,89.77999877929688,1.0168273322410664,0.020963599286659473,1.5648539569670665,True,0.7254246455251093,0.0,0.0,1.0557775322152325,validation_2022_2023,frozen_step_1_v1,2026-07-22
2022-11-18,80.08000183105469,87.62000274658203,1.016986091096704,0.01553267426313365,0.9973112193680007,True,0.6930203734239024,0.0,-0.0,1.0557775322152325,validation_2022_2023,frozen_step_1_v1,2026-07-22
2022-11-21,79.7300033569336,87.44999694824219,1.0171801487114362,0.017195409053672783,1.0793706537668415,True,0.7058642717200732,0.0,0.0,1.0557775322152325,validation_2022_2023,frozen_step_1_v1,2026-07-22
2022-11-22,80.94999694824219,88.36000061035156,1.0173051205709682,0.011551956694432874,0.5267278814512036,True,0.7287502174092991,0.0,-0.0,1.0557775322152325,validation_2022_2023,frozen_step_1_v1,2026-07-22
2022-11-23,77.94000244140625,85.41000366210938,1.017455784925643,0.01548756148495567,0.8402875044813604,True,0.7408967971137939,0.0,0.0,1.0557775322152325,validation_2022_2023,frozen_step_1_v1,2026-07-22
2022-11-25,76.27999877929688,83.62999725341797,1.0176166313271877,0.015633793359244308,0.8001287785500694,True,0.7603243221208379,0.0,0.0,1.0557775322152325,validation_2022_2023,frozen_step_1_v1,2026-07-22
2022-11-28,77.23999786376953,83.19000244140625,1.0175916112040317,-0.0022595336230031293,-1.0148919611105394,True,0.7858237161302896,0.0,-0.0,1.0557775322152325,validation_2022_2023,frozen_step_1_v1,2026-07-22
2022-11-29,78.19999694824219,83.02999877929688,1.0174125491781942,-0.015973631393712218,-2.3321284831407065,True,0.6938911092187187,0.6938911092187187,-0.00034694555460935934,1.0554112984290396,validation_2022_2023,frozen_step_1_v1,2026-07-22
2022-11-30,80.55000305175781,85.43000030517578,1.0172441499605849,-0.01686328970811335,-2.1765363344233815,True,0.665539793697038,0.665539793697038,-0.0005743831206068428,1.0548052620591166,validation_2022_2023,frozen_step_1_v1,2026-07-22
2022-12-01,81.22000122070312,86.87999725341797,1.017158584565202,-0.00808278080003344,-1.210248394078024,True,0.6882779610344779,0.6882779610344779,0.0027614098866822123,1.057722037090535,validation_2022_2023,frozen_step_1_v1,2026-07-22
2022-12-02,79.9800033569336,85.56999969482422,1.0170810652555013,-0.007287307342211058,-1.0705084665570654,True,0.6866251624793952,0.6866251624793952,0.0001546982547500897,1.0578856775008,validation_2022_2023,frozen_step_1_v1,2026-07-22
2022-12-05,76.93000030517578,82.68000030517578,1.017061397843792,-0.002014058042988154,-0.5941408260044351,True,0.7096610208238818,0.7096610208238818,0.0017544490637969364,1.0597433131243383,validation_2022_2023,frozen_step_1_v1,2026-07-22
2022-12-06,74.25,79.3499984741211,1.0169966831961992,-0.0067815052347341975,-0.9480276934285059,True,0.7236715319639954,0.7236715319639954,-0.0017824061027541898,1.0578561025631177,validation_2022_2023,frozen_step_1_v1,2026-07-22
2022-12-07,72.01000213623047,77.16999816894531,1.0169629590300755,-0.0033415396528946317,-0.592701889201019,True,0.7406506393943414,0.7406506393943414,0.0011739758510197747,1.0590987293455802,validation_2022_2023,frozen_step_1_v1,2026-07-22
2022-12-08,71.45999908447266,76.1500015258789,1.0168719437247535,-0.008461393790585525,-1.0178989551919209,True,0.7607447374827566,0.7607447374827566,-0.0020327952244427847,1.056947985258127,validation_2022_2023,frozen_step_1_v1,2026-07-22
2022-12-09,71.0199966430664,76.0999984741211,1.0168412484530898,-0.002706828865631117,-0.4194782491282836,True,0.7763307301066243,0.7763307301066243,0.0021134172507559596,1.0591841194733222,validation_2022_2023,frozen_step_1_v1,2026-07-22
2022-12-12,73.16999816894531,77.98999786376953,1.0167581938115935,-0.00814422091619349,-0.889887811867358,True,0.7873708372029101,0.7873708372029101,-0.0022357422933077607,1.056818701958309,validation_2022_2023,frozen_step_1_v1,2026-07-22
2022-12-13,75.38999938964844,80.68000030517578,1.0167141701768054,-0.004433834679473669,-0.4828972839611814,True,0.8012237607479639,0.8012237607479639,0.0013673649006646319,1.0582647471681608,validation_2022_2023,frozen_step_1_v1,2026-07-22
2022-12-14,77.27999877929688,82.69999694824219,1.0166653503904568,-0.004667139456628888,-0.4557066372083479,True,0.8210917391446652,0.8210917391446652,-0.0001869455624555923,1.0580669277610808,validation_2022_2023,frozen_step_1_v1,2026-07-22
2022-12-15,76.11000061035156,81.20999908447266,1.0165899022500393,-0.007011726537756502,-0.6911868153599694,True,0.8489860954882998,0.8489860954882998,-0.0011016333140734633,1.056901967782117,validation_2022_2023,frozen_step_1_v1,2026-07-22
2022-12-16,74.29000091552734,79.04000091552734,1.0164961860784647,-0.009087480211417365,-0.90239743175244,True,0.8749158711005094,0.8749158711005094,-0.0010568284209641079,1.0557855937561966,validation_2022_2023,frozen_step_1_v1,2026-07-22
2022-12-19,75.19000244140625,79.80000305175781,1.0163709808869255,-0.011217669786689477,-1.078819594412254,True,0.9023395499861121,0.9023395499861121,-0.0011726373091965271,1.0545482657887004,validation_2022_2023,frozen_step_1_v1,2026-07-22
2022-12-20,76.08999633789062,79.98999786376953,1.016141726724628,-0.019939819117936963,-1.93545175681982,True,0.9303554528434094,0.9303554528434094,-0.004361651702401346,1.049958709848175,validation_2022_2023,frozen_step_1_v1,2026-07-22
2022-12-21,78.29000091552734,82.19999694824219,1.015928518406886,-0.020719656199000624,-1.8833927946461035,True,0.9101840523949856,0.9101840523949856,-0.0007989471482487451,1.049120183344946,validation_2022_2023,frozen_step_1_v1,2026-07-22
2022-12-22,77.48999786376953,80.9800033569336,1.0156664550861687,-0.02409802801209171,-2.027287152237958,True,0.9412374312791147,0.9412374312791147,-0.0020555608915345407,1.046965867847443,validation_2022_2023,frozen_step_1_v1,2026-07-22
2022-12-23,79.55999755859375,83.91999816894531,1.0155206777982244,-0.014573904711705055,-1.0429225649061455,True,0.9662348261032595,0.9662348261032595,0.004136975361246269,1.0513061113969933,validation_2022_2023,frozen_step_1_v1,2026-07-22
2022-12-27,79.52999877929688,84.33000183105469,1.0154186660244189,-0.008870751471894422,-0.507799692487974,True,0.9234320763907252,0.9234320763907252,0.0024986627794224173,1.0539362554003817,validation_2022_2023,frozen_step_1_v1,2026-07-22
2022-12-28,78.95999908447266,83.26000213623047,1.0152682918730551,-0.013679388326240272,-0.871252068075852,True,0.9301454262192482,0.9301454262192482,-0.002507611585364635,1.0512967035047114,validation_2022_2023,frozen_step_1_v1,2026-07-22
2022-12-29,78.4000015258789,82.26000213623047,1.015074294268724,-0.017690375770293976,-1.1443803321181696,True,0.9447902168568397,0.9447902168568397,-0.0022491456104431692,1.0489348412204988,validation_2022_2023,frozen_step_1_v1,2026-07-22
2022-12-30,80.26000213623047,85.91000366210938,1.015092101407097,0.0018459272846103048,0.5112376082572071,True,0.9650550559458991,0.0,0.008724032984978569,1.058125816266403,validation_2022_2023,frozen_step_1_v1,2026-07-22
2023-01-03,76.93000030517578,82.0999984741211,1.0150874442636777,-0.00048112372264963454,0.34232158867502327,True,0.772289554695222,0.0,-0.0,1.058125816266403,validation_2022_2023,frozen_step_1_v1,2026-07-22
2023-01-04,72.83999633789062,77.83999633789062,1.015102749209746,0.0016255923180903409,0.6228138740951468,True,0.7957288665890717,0.0,0.0,1.058125816266403,validation_2022_2023,frozen_step_1_v1,2026-07-22
2023-01-05,73.66999816894531,78.69000244140625,1.0151133508265995,0.0009391804756493372,0.6383578791040991,True,0.8208524432023653,0.0,-0.0,1.058125816266403,validation_2022_2023,frozen_step_1_v1,2026-07-22
2023-01-06,73.7699966430664,78.56999969482422,1.0150914655524714,-0.001869826537988395,0.46095461731458554,True,0.8483115919816308,0.0,-0.0,1.058125816266403,validation_2022_2023,frozen_step_1_v1,2026-07-22
2023-01-09,74.62999725341797,79.6500015258789,1.015091643293079,1.6167558215762767e-05,0.7419075097463408,True,0.87205629935345,0.0,0.0,1.058125816266403,validation_2022_2023,frozen_step_1_v1,2026-07-22
2023-01-10,75.12000274658203,80.0999984741211,1.0150808800860882,-0.0009466676278861996,0.768653614502977,True,0.8995496903641317,0.0,-0.0,1.058125816266403,validation_2022_2023,frozen_step_1_v1,2026-07-22
2023-01-11,77.41000366210938,82.66999816894531,1.0150823620714389,0.0001457961089563753,1.1139365561981023,True,0.929261114419795,0.0,0.0,1.058125816266403,validation_2022_2023,frozen_step_1_v1,2026-07-22
2023-01-12,78.38999938964844,84.02999877929688,1.0151209116734308,0.0035246775864408164,1.55432943895953,True,0.9599838896316094,0.0,0.0,1.058125816266403,validation_2022_2023,frozen_step_1_v1,2026-07-22
2023-01-13,79.86000061035156,85.27999877929688,1.0151149263840453,-0.0005426989929722126,0.8934286862429652,True,0.9835515753591647,0.0,-0.0,1.058125816266403,validation_2022_2023,frozen_step_1_v1,2026-07-22
2023-01-17,80.18000030517578,85.91999816894531,1.01514602765273,0.002738161506237624,1.2869441494198344,True,1.001111364531886,0.0,0.0,1.058125816266403,validation_2022_2023,frozen_step_1_v1,2026-07-22
2023-01-18,79.4800033569336,84.9800033569336,1.0151527816476407,0.0006094354372505606,0.9203879841693892,True,1.0252603014805861,0.0,-0.0,1.058125816266403,validation_2022_2023,frozen_step_1_v1,2026-07-22
2023-01-19,80.33000183105469,86.16000366210938,1.0151902926349992,0.0034361040352761663,1.24707292684958,True,1.0548505845238412,0.0,0.0,1.058125816266403,validation_2022_2023,frozen_step_1_v1,2026-07-22
2023-01-20,81.30999755859375,87.62999725341797,1.015272989351396,0.0076796782318986345,1.7466413832116545,True,1.0822344734890574,0.0,0.0,1.058125816266403,validation_2022_2023,frozen_step_1_v1,2026-07-22
2023-01-23,81.62000274658203,88.19000244140625,1.0153824199840575,0.00970468529267876,1.8552736823268656,True,1.098987453449488,-1.098987453449488,-0.0005494937267247439,1.057544542486053,validation_2022_2023,frozen_step_1_v1,2026-07-22
2023-01-24,80.12999725341797,86.12999725341797,1.0154297939517474,0.004568648798611186,1.1066744550067065,True,1.131980657115954,-1.131980657115954,0.0026709397341763415,1.0603729558045263,validation_2022_2023,frozen_step_1_v1,2026-07-22
2023-01-25,80.1500015258789,86.12000274658203,1.0154758035166704,0.0039974328356642275,0.9729015544935713,True,1.1324246920882541,-1.1324246920882541,0.00020731853872338907,1.060592813565733,validation_2022_2023,frozen_step_1_v1,2026-07-22
2023-01-26,81.01000213623047,87.47000122070312,1.0155645556075052,0.00832369110092035,1.423201224957916,True,1.170224074238489,-1.170224074238489,-0.0026688141463533832,1.057766062176227,validation_2022_2023,frozen_step_1_v1,2026-07-22
2023-01-27,79.68000030517578,86.66000366210938,1.0157294832122676,0.015109871122991336,2.069588521014615,True,1.183522991973056,-1.183522991973056,-0.004365884031087574,1.0531580445714113,validation_2022_2023,frozen_step_1_v1,2026-07-22
2023-01-30,77.9000015258789,84.9000015258789,1.0159026985335309,0.016785112600386398,2.0419895002939814,True,1.1597518833788056,-1.1597518833788056,-0.0014384499563053186,1.0516442184707855,validation_2022_2023,frozen_step_1_v1,2026-07-22
2023-01-31,78.87000274658203,84.48999786376953,1.0158960544217468,-0.0005986051521693625,0.16653819338956688,True,1.1964154448020112,0.0,0.009437698617369674,1.06161630240096,validation_2022_2023,frozen_step_1_v1,2026-07-22
2023-02-01,76.41000366210938,82.83999633789062,1.0160128495137664,0.01136383177268474,1.3057299856568927,True,0.9153798754320536,0.0,0.0,1.06161630240096,validation_2022_2023,frozen_step_1_v1,2026-07-22
2023-02-02,75.87999725341797,82.16999816894531,1.0161194020009492,0.00985378150339411,1.0728536012416467,True,0.8560601388265675,0.0,-0.0,1.06161630240096,validation_2022_2023,frozen_step_1_v1,2026-07-22
2023-02-03,73.38999938964844,79.94000244140625,1.016273221598444,0.015582400755366876,1.546864957361156,True,0.8833112326573203,0.0,0.0,1.06161630240096,validation_2022_2023,frozen_step_1_v1,2026-07-22
2023-02-06,74.11000061035156,80.98999786376953,1.0164624127085022,0.017895430677230983,1.6925634039203759,True,0.8937784021450517,0.0,0.0,1.06161630240096,validation_2022_2023,frozen_step_1_v1,2026-07-22
2023-02-07,77.13999938964844,83.69000244140625,1.01655618932036,0.009550640715033865,0.7826684132727492,True,0.9211071970161953,0.0,-0.0,1.06161630240096,validation_2022_2023,frozen_step_1_v1,2026-07-22
2023-02-08,78.47000122070312,85.08999633789062,1.0166453614035458,0.008374083920307918,0.6266853880704871,True,0.9009104469283981,0.0,-0.0,1.06161630240096,validation_2022_2023,frozen_step_1_v1,2026-07-22
2023-02-09,78.05999755859375,84.5,1.016716714584974,0.006431092355926538,0.34147753555202753,True,0.9302355975534712,0.0,-0.0,1.06161630240096,validation_2022_2023,frozen_step_1_v1,2026-07-22
2023-02-10,79.72000122070312,86.38999938964844,1.016787762814244,0.006845846838531955,0.3439414529101569,True,0.9586616274748255,0.0,0.0,1.06161630240096,validation_2022_2023,frozen_step_1_v1,2026-07-22
2023-02-13,80.13999938964844,86.61000061035156,1.0168315333184892,0.0038545351822660834,-0.13679335336050652,True,0.990955110122308,0.0,-0.0,1.06161630240096,validation_2022_2023,frozen_step_1_v1,2026-07-22
2023-02-14,79.05999755859375,85.58000183105469,1.016890030040634,0.0054316774267606505,-0.019928792445049876,True,1.0162342435323326,0.0,0.0,1.06161630240096,validation_2022_2023,frozen_step_1_v1,2026-07-22
2023-02-15,78.58999633789062,85.37999725341797,1.0169877729862378,0.008728637446264287,0.5407929852580932,True,1.0480181399329795,0.0,0.0,1.06161630240096,validation_2022_2023,frozen_step_1_v1,2026-07-22
2023-02-16,78.48999786376953,85.13999938964844,1.0170640299385751,0.0068758811154028265,0.16230503834116988,True,1.071554123393978,0.0,-0.0,1.06161630240096,validation_2022_2023,frozen_step_1_v1,2026-07-22
2023-02-17,76.33999633789062,83.0,1.017156253725844,0.00926786877825947,0.56638350017157,True,1.103545912466805,0.0,0.0,1.06161630240096,validation_2022_2023,frozen_step_1_v1,2026-07-22
2023-02-21,76.16000366210938,83.05000305175781,1.0172866019407085,0.011706415450091434,0.9694504202282097,True,1.1338981289368653,0.0,0.0,1.06161630240096,validation_2022_2023,frozen_step_1_v1,2026-07-22
2023-02-22,73.94999694824219,80.5999984741211,1.017395795778799,0.011248603918752487,0.8252259756994749,True,1.1643032424304376,0.0,0.0,1.06161630240096,validation_2022_2023,frozen_step_1_v1,2026-07-22
2023-02-23,75.38999938964844,82.20999908447266,1.017507606653657,0.010922618748873347,0.7071251583308408,True,1.2030205914229886,0.0,0.0,1.06161630240096,validation_2022_2023,frozen_step_1_v1,2026-07-22
2023-02-24,76.31999969482422,83.16000366210938,1.0176090309325838,0.009497478972085638,0.37052370062545803,True,1.243293517318248,0.0,-0.0,1.06161630240096,validation_2022_2023,frozen_step_1_v1,2026-07-22
2023-02-27,75.68000030517578,82.44999694824219,1.017706838109198,0.009069201502070356,0.2314399903574662,True,1.2811173613708189,0.0,-0.0,1.06161630240096,validation_2022_2023,frozen_step_1_v1,2026-07-22
2023-02-28,77.05000305175781,83.88999938964844,1.01778762153029,0.0077742940042018205,-0.07815315896288606,True,1.3239234822925336,0.0,-0.0,1.06161630240096,validation_2022_2023,frozen_step_1_v1,2026-07-22
2023-03-01,77.69000244140625,84.30999755859375,1.0178333263029204,0.004150279174345073,-0.9629979931264535,True,1.364689633387625,0.0,-0.0,1.06161630240096,validation_2022_2023,frozen_step_1_v1,2026-07-22
2023-03-02,78.16000366210938,84.75,1.0178669703526366,0.0030698907363753136,-1.2325850020136637,True,1.380079953143557,0.0,-0.0,1.06161630240096,validation_2022_2023,frozen_step_1_v1,2026-07-22
2023-03-03,79.68000030517578,85.83000183105469,1.0178277538459948,-0.003700238281681756,-2.883535706050123,True,1.424247095548897,1.424247095548897,-0.0007121235477744486,1.0608605695528348,validation_2022_2023,frozen_step_1_v1,2026-07-22
2023-03-06,80.45999908447266,86.18000030517578,1.0177273269329268,-0.009105278187631072,-3.691414616566667,True,1.3631417907045245,1.3631417907045245,-0.004156626211315876,1.0564601205494577,validation_2022_2023,frozen_step_1_v1,2026-07-22
2023-03-07,77.58000183105469,83.29000091552734,1.0176708640763954,-0.0058725826834633565,-2.3942187492782674,True,1.3483820527467352,1.3483820527467352,0.002010591318887154,1.0585863668865232,validation_2022_2023,frozen_step_1_v1,2026-07-22
2023-03-08,76.66000366210938,82.66000366210938,1.0176571907568739,-0.001265516664989974,-1.3719100550503986,True,1.3654709319736689,1.3654709319736689,0.003030643322205215,1.0617994309566106,validation_2022_2023,frozen_step_1_v1,2026-07-22
2023-03-09,75.72000122070312,81.58999633789062,1.017639739342681,-0.001663580951764665,-1.3660481837789247,True,1.358473313279263,1.358473313279263,-0.0003239972732199848,1.0614554665610463,validation_2022_2023,frozen_step_1_v1,2026-07-22
2023-03-10,76.68000030517578,82.77999877929688,1.0176396935029388,-4.386362737918148e-06,-1.0472711927680634,True,1.4043972917980625,1.4043972917980625,0.0010940368923424858,1.0626173734696622,validation_2022_2023,frozen_step_1_v1,2026-07-22
2023-03-13,74.80000305175781,80.7699966430664,1.0176461626337499,0.0006476632599117238,-0.8901377211095222,True,1.4437807420587048,1.4437807420587048,0.00045360280788576013,1.0630994890301957,validation_2022_2023,frozen_step_1_v1,2026-07-22
2023-03-14,71.33000183105469,77.44999694824219,1.0177089589047745,0.006745763724261167,0.10019324615137969,True,1.4912143424716955,0.0,0.0038335229684763788,1.0671827269317395,validation_2022_2023,frozen_step_1_v1,2026-07-22
2023-03-15,67.61000061035156,73.69000244140625,1.0178094421661785,0.01106658559569862,0.8534821512197265,True,1.4356172882259108,0.0,0.0,1.0671827269317395,validation_2022_2023,frozen_step_1_v1,2026-07-22
2023-03-16,68.3499984741211,74.69999694824219,1.017948007392863,0.013014612832494166,1.1123706267977214,True,1.437208897804151,0.0,0.0,1.0671827269317395,validation_2022_2023,frozen_step_1_v1,2026-07-22
2023-03-17,66.73999786376953,72.97000122070312,1.018083014875339,0.013280763990694666,1.1363968169589476,True,1.4763999010989817,0.0,0.0,1.0671827269317395,validation_2022_2023,frozen_step_1_v1,2026-07-22
2023-03-20,67.63999938964844,73.79000091552734,1.0181945307900564,0.010348335639393191,0.6372330643973322,True,1.5258322200623855,0.0,-0.0,1.0671827269317395,validation_2022_2023,frozen_step_1_v1,2026-07-22
2023-03-21,69.33000183105469,75.31999969482422,1.0182516683732203,0.00550136959860037,-0.10400872297198024,True,1.545309422667209,0.0,-0.0,1.0671827269317395,validation_2022_2023,frozen_step_1_v1,2026-07-22
2023-03-22,70.9000015258789,76.69000244140625,1.0182590133961782,0.0006943042281895018,-0.8797069106430344,True,1.5175124423827984,0.0,-0.0,1.0671827269317395,validation_2022_2023,frozen_step_1_v1,2026-07-22
2023-03-23,69.95999908447266,75.91000366210938,1.018301408175227,0.003881854828391873,-0.2697092690231045,True,1.4974542597900817,0.0,0.0,1.0671827269317395,validation_2022_2023,frozen_step_1_v1,2026-07-22
2023-03-24,69.26000213623047,74.98999786376953,1.0183212593663593,0.001844102101594025,-0.6005511271994062,True,1.5144893033832443,0.0,-0.0,1.0671827269317395,validation_2022_2023,frozen_step_1_v1,2026-07-22
2023-03-27,72.80999755859375,78.12000274658203,1.0182456411974357,-0.007841766069073053,-2.2544925462747427,True,1.5525886310997288,1.5525886310997288,-0.0007762943155498644,1.066354600523669,validation_2022_2023,frozen_step_1_v1,2026-07-22
2023-03-28,73.19999694824219,78.6500015258789,1.0181754806952268,-0.006218620108299433,-1.7487348737700965,True,1.353657772190565,1.353657772190565,0.0009174665245702512,1.0673333941094878,validation_2022_2023,frozen_step_1_v1,2026-07-22
2023-03-29,72.97000122070312,78.27999877929688,1.0180921612547613,-0.007372535278531878,-1.7914658125312115,True,1.3917492030943546,1.3917492030943546,-0.0010327651336548577,1.0662316584091014,validation_2022_2023,frozen_step_1_v1,2026-07-22
2023-03-30,74.37000274658203,79.2699966430664,1.0179450895358562,-0.013519303152975226,-2.5389032411168078,True,1.4370656073259045,1.4370656073259045,-0.004698741044305146,1.0612334637600809,validation_2022_2023,frozen_step_1_v1,2026-07-22
2023-03-31,75.66999816894531,79.7699966430664,1.0176794066697377,-0.023722167150003415,-3.5889359809922445,True,1.3961727993749695,1.3961727993749695,-0.0081049149228016,1.052667018870429,validation_2022_2023,frozen_step_1_v1,2026-07-22
2023-04-03,80.41999816894531,84.93000030517578,1.0174805011209669,-0.022127040984399216,-2.7220432108551353,True,1.2420368364502357,1.2420368364502357,0.00042286291348325326,1.0531122468415204,validation_2022_2023,frozen_step_1_v1,2026-07-22
2023-04-04,80.70999908447266,84.94000244140625,1.0171904719871445,-0.024398316689219435,-2.590024748216288,True,1.2756479097264137,1.2756479097264137,-0.0021990891939652445,1.0507989036357577,validation_2022_2023,frozen_step_1_v1,2026-07-22
2023-04-05,80.61000061035156,84.98999786376953,1.0169393724745928,-0.02144659574954222,-1.9991327022832646,True,1.3124116792946412,1.3124116792946412,0.0011512134376595934,1.052009294029067,validation_2022_2023,frozen_step_1_v1,2026-07-22
2023-04-06,80.69999694824219,85.12000274658203,1.016708348235511,-0.020038468094267792,-1.6921843042894318,True,1.334772882934899,1.334772882934899,0.0002450373346249557,1.052267107168109,validation_2022_2023,frozen_step_1_v1,2026-07-22
2023-04-10,79.73999786376953,84.18000030517578,1.016510740549343,-0.018110705305125485,-1.3924870593005176,True,1.3743353540602512,1.3743353540602512,0.0006834313672600727,1.0529865053175127,validation_2022_2023,frozen_step_1_v1,2026-07-22
2023-04-11,81.52999877929688,85.61000061035156,1.0162681997935867,-0.02276480591313579,-1.7007030348927967,True,1.4095102150075036,1.4095102150075036,-0.003917036514646604,1.0488699862678406,validation_2022_2023,frozen_step_1_v1,2026-07-22
2023-04-12,83.26000213623047,87.33000183105469,1.0160238441986773,-0.023131130600156702,-1.5993437938432522,True,1.4094740614563166,1.4094740614563166,-0.0010114709420571521,1.0478096211094103,validation_2022_2023,frozen_step_1_v1,2026-07-22
2023-04-13,82.16000366210938,86.08999633789062,1.0157770615939985,-0.02283122827203421,-1.4546088831337691,True,1.4583000428659307,1.4583000428659307,-0.0005753880586943969,1.0472068973822852,validation_2022_2023,frozen_step_1_v1,2026-07-22
2023-04-14,82.5199966430664,86.30999755859375,1.0155094664124542,-0.02353911527727437,-1.406597850425937,True,1.5077582437975054,1.5077582437975054,-0.0013911651474908702,1.0457510725256287,validation_2022_2023,frozen_step_1_v1,2026-07-22
2023-04-17,80.83000183105469,84.76000213623047,1.0153024471810563,-0.019738124224753406,-1.0053193672396556,True,1.5593378163735867,1.5593378163735867,0.0021374201944961506,1.047988672480241,validation_2022_2023,frozen_step_1_v1,2026-07-22
2023-04-18,80.86000061035156,84.7699966430664,1.015086066027429,-0.01904645771479707,-0.8945572298909243,True,1.555429727006682,1.555429727006682,-0.0002022274298643578,1.0477767618522713,validation_2022_2023,frozen_step_1_v1,2026-07-22
2023-04-19,79.16000366210938,83.12000274658203,1.0149172669928668,-0.016396189711640474,-0.6531788106197197,True,1.6067643233855544,1.6067643233855544,0.0014504750443558425,1.0492976386276534,validation_2022_2023,frozen_step_1_v1,2026-07-22
2023-04-20,77.29000091552734,81.0999984741211,1.0147558357719135,-0.016033599799114562,-0.5943207524148769,True,1.630848455790926,1.630848455790926,-0.00028256590021020844,1.0490011847816525,validation_2022_2023,frozen_step_1_v1,2026-07-22
2023-04-21,77.87000274658203,81.66000366210938,1.0145812681446928,-0.015978491879771184,-0.5521915447813812,True,1.6859502421158932,1.6859502421158932,-0.000598328974557201,1.0483737247109421,validation_2022_2023,frozen_step_1_v1,2026-07-22
2023-04-24,78.76000213623047,82.7300033569336,1.014434255973545,-0.013848758623812074,-0.3528480655092728,True,1.7440575283801232,1.7440575283801232,0.0012160626794606236,1.0496493883579614,validation_2022_2023,frozen_step_1_v1,2026-07-22
2023-04-25,77.06999969482422,80.7699966430664,1.0142812144204574,-0.015156321535749306,-0.42064851017677857,True,1.7795507204715826,1.7795507204715826,-0.0017254850287933556,1.04783979571435,validation_2022_2023,frozen_step_1_v1,2026-07-22
2023-04-26,74.30000305175781,77.69000244140625,1.0141267376061853,-0.016243965983433917,-0.4680397861053902,True,1.8327024761239115,1.8327024761239115,-0.0015754237978631673,1.0461903036295404,validation_2022_2023,frozen_step_1_v1,2026-07-22
2023-04-27,74.76000213623047,78.37000274658203,1.0139833727116647,-0.013170002379434997,-0.174170838673493,True,1.8905135743247339,0.0,0.001317919070799698,1.0475700067512057,validation_2022_2023,frozen_step_1_v1,2026-07-22
2023-04-28,76.77999877929688,79.54000091552734,1.013725540578781,-0.024265927790104058,-1.0587802886949058,True,1.8945925758434223,0.0,-0.0,1.0475700067512057,validation_2022_2023,frozen_step_1_v1,2026-07-22
2023-05-01,75.66000366210938,79.30999755859375,1.0135949413069008,-0.01170058460503931,0.1223062022660449,True,1.456435043168269,0.0,0.0,1.0475700067512057,validation_2022_2023,frozen_step_1_v1,2026-07-22
2023-05-02,71.66000366210938,75.31999969482422,1.0135230509434638,-0.007956627624372992,0.6028620672385443,True,1.1768934088507277,0.0,0.0,1.0475700067512057,validation_2022_2023,frozen_step_1_v1,2026-07-22
2023-05-03,68.5999984741211,72.33000183105469,1.0134844510393068,-0.004069709676752353,1.1867092335458933,True,1.1955145609681235,0.0,0.0,1.0475700067512057,validation_2022_2023,frozen_step_1_v1,2026-07-22
2023-05-04,68.55999755859375,72.5,1.0134723272674375,-0.0010797592741820239,1.677835910355963,True,1.2133091365854298,0.0,0.0,1.0475700067512057,validation_2022_2023,frozen_step_1_v1,2026-07-22
2023-05-05,71.33999633789062,75.30000305175781,1.013440102356219,-0.003332013872848094,1.4290549001231394,True,1.241302216351591,0.0,-0.0,1.0475700067512057,validation_2022_2023,frozen_step_1_v1,2026-07-22
2023-05-08,73.16000366210938,77.01000213623047,1.0133758260147852,-0.006131286763578991,1.1831305673351646,True,1.2725694820799516,0.0,-0.0,1.0475700067512057,validation_2022_2023,frozen_step_1_v1,2026-07-22
2023-05-09,73.70999908447266,77.44000244140625,1.0132877583277589,-0.00777418895511417,1.0708763458187855,True,1.2990782194208925,0.0,-0.0,1.0475700067512057,validation_2022_2023,frozen_step_1_v1,2026-07-22
2023-05-10,72.55999755859375,76.41000366210938,1.0132336329944989,-0.00499850603093055,1.4611820963617828,True,1.3370239263803285,0.0,0.0,1.0475700067512057,validation_2022_2023,frozen_step_1_v1,2026-07-22
2023-05-11,70.87000274658203,74.9800033569336,1.0132335095434957,-1.1758265686445668e-05,2.140572986084846,True,1.3661333521854664,-1.3661333521854664,-0.0006830666760927332,1.0468546909207357,validation_2022_2023,frozen_step_1_v1,2026-07-22
2023-05-12,70.04000091552734,74.16999816894531,1.0132445310458318,0.0010163171256314385,2.1315773287336373,True,1.3581433243148797,-1.3581433243148797,-0.0007334015118105103,1.0460872075788912,validation_2022_2023,frozen_step_1_v1,2026-07-22
2023-05-15,71.11000061035156,75.2300033569336,1.0132429408038799,-0.00014876903043958833,1.7833395103357812,True,1.4025472697710748,-1.4025472697710748,0.0007683446995343766,1.0468912719998462,validation_2022_2023,frozen_step_1_v1,2026-07-22
2023-05-16,70.86000061035156,74.91000366210938,1.0132339668106993,-0.000804709428319228,1.5620988742362907,True,1.4451335927958506,-1.4451335927958506,0.0004623119500622744,1.0473753742398106,validation_2022_2023,frozen_step_1_v1,2026-07-22
2023-05-17,72.83000183105469,76.95999908447266,1.0132185550460313,-0.0015250447026282643,1.361794210998898,True,1.4921792787064863,-1.4921792787064863,0.0005409848896280598,1.0479421417835586,validation_2022_2023,frozen_step_1_v1,2026-07-22
2023-05-18,71.86000061035156,75.86000061035156,1.0131946528182543,-0.0022336893992092044,1.1918915134406383,True,1.540469816464559,-1.540469816464559,0.0005768271558906567,1.048546797642936,validation_2022_2023,frozen_step_1_v1,2026-07-22
2023-05-19,71.55000305175781,75.58000183105469,1.0131780873519054,-0.001480485251953212,1.2031789165259452,True,1.590396974224798,-1.590396974224798,-0.0005471752327689986,1.0479732157440818,validation_2022_2023,frozen_step_1_v1,2026-07-22
2023-05-22,71.98999786376953,75.98999786376953,1.013154024605492,-0.0021790101314573818,1.0422999873633843,True,1.6428206537341181,-1.6428206537341181,0.0006069122968747479,1.0486094366211203,validation_2022_2023,frozen_step_1_v1,2026-07-22
2023-05-23,72.91000366210938,76.83999633789062,1.0131137681430222,-0.00374847716770077,0.7924074681700747,True,1.6958605087502205,-1.6958605087502205,0.0013951383882067133,1.0500734128876723,validation_2022_2023,frozen_step_1_v1,2026-07-22
2023-05-24,74.33999633789062,78.36000061035156,1.0130756362466429,-0.0036738432921694653,0.7476454901010277,True,1.740918569667366,-1.740918569667366,5.300375322346898e-05,1.0501290721947787,validation_2022_2023,frozen_step_1_v1,2026-07-22
2023-05-25,71.83000183105469,76.26000213623047,1.0131136900365048,0.0037944661452735673,1.6248833429393084,True,1.8001710480531865,-1.8001710480531865,-0.006628923686212284,1.0431908685327147,validation_2022_2023,frozen_step_1_v1,2026-07-22
2023-05-26,72.66999816894531,76.94999694824219,1.013124349702883,0.0009771751912008853,1.175703623203753,True,1.615504581400492,-1.615504581400492,0.002386097068444973,1.0456829952516766,validation_2022_2023,frozen_step_1_v1,2026-07-22
2023-05-30,69.45999908447266,73.54000091552734,1.0131370984491,0.0013672903536603442,1.1751050271204948,True,1.634839174360262,-1.634839174360262,-0.000366115168147074,1.0453002249193295,validation_2022_2023,frozen_step_1_v1,2026-07-22
2023-05-31,68.08999633789062,72.66000366210938,1.0132347817848952,0.009099003435006026,2.153957449472534,True,1.6899327795222436,-1.6899327795222436,-0.006641184519236022,1.0383811939587873,validation_2022_2023,frozen_step_1_v1,2026-07-22
2023-06-01,70.0999984741211,74.27999877929688,1.013251325755473,0.0016018366863317368,0.9909907325085038,True,1.530045400573608,-1.530045400573608,0.0061542460694935484,1.0447913519532532,validation_2022_2023,frozen_step_1_v1,2026-07-22
2023-06-02,71.73999786376953,76.12999725341797,1.0132786750578626,0.0026535051416933797,1.0711389091434882,True,1.4087635253228612,-1.4087635253228612,-0.0009487114202803131,1.0438006165011735,validation_2022_2023,frozen_step_1_v1,2026-07-22
2023-06-05,72.1500015258789,76.70999908447266,1.0133262395742781,0.004265147985242912,1.228105862443879,True,1.4540603532403298,-1.4540603532403298,-0.0012927807473597356,1.04245208302695,validation_2022_2023,frozen_step_1_v1,2026-07-22
2023-06-06,71.73999786376953,76.29000091552734,1.0133747843396514,0.004342336387015422,1.16935588584007,True,1.4966247081264774,-1.4966247081264774,-0.00022684168233629747,1.0422156382614591,validation_2022_2023,frozen_step_1_v1,2026-07-22
2023-06-07,72.52999877929688,76.94999694824219,1.0133942692273787,0.0017745153281696346,0.735115219968498,True,1.547110892328371,-1.547110892328371,0.0018214753243355423,1.0441157382965114,validation_2022_2023,frozen_step_1_v1,2026-07-22
2023-06-08,71.29000091552734,75.95999908447266,1.0134586889073638,0.006025853222468847,1.312756150256915,True,1.5742681661957343,-1.5742681661957343,-0.0034915535701186616,1.040476509241581,validation_2022_2023,frozen_step_1_v1,2026-07-22
2023-06-09,70.16999816894531,74.79000091552734,1.0135246712376373,0.00627104841414905,1.2977671623582288,True,1.5663661032530625,-1.5663661032530625,-0.00041496648449497236,1.0400448359335135,validation_2022_2023,frozen_step_1_v1,2026-07-22
2023-06-12,67.12000274658203,71.83999633789062,1.0136253193653797,0.010644607879401136,1.926617909359199,True,1.6190953645293917,-1.6190953645293917,-0.003758007428622897,1.036143674601824,validation_2022_2023,frozen_step_1_v1,2026-07-22
2023-06-13,69.41999816894531,74.29000091552734,1.0137202366379074,0.0096251772628424,1.9761404269330571,True,1.607740383959557,-1.607740383959557,0.0004904052679456827,1.036651929533459,validation_2022_2023,frozen_step_1_v1,2026-07-22
2023-06-14,68.2699966430664,73.19999694824219,1.0138411667521035,0.011267239184413747,2.2338525512394263,True,1.6550814115129857,-1.6550814115129857,-0.0017424565550656157,1.0348471813877649,validation_2022_2023,frozen_step_1_v1,2026-07-22
2023-06-15,70.62000274658203,75.66999816894531,1.013938376761417,0.009728288545570507,1.7407650634246876,True,1.701461019227526,-1.701461019227526,0.0009014746769367359,1.0357804905303594,validation_2022_2023,frozen_step_1_v1,2026-07-22
2023-06-16,71.77999877929688,76.61000061035156,1.0139969343869126,0.0053043748425336545,0.7393881825114623,True,1.7436566355639505,-1.7436566355639505,0.00350498939312466,1.039417259859108,validation_2022_2023,frozen_step_1_v1,2026-07-22
2023-06-20,70.5,75.9000015258789,1.0141478576771825,0.013596191739449814,2.3046269805714497,True,1.7048543058480032,-1.7048543058480032,-0.007754259894890768,1.0313885169959998,validation_2022_2023,frozen_step_1_v1,2026-07-22
2023-06-21,72.52999877929688,77.12000274658203,1.0141556267874623,0.0007197246392616208,-0.28546328600076193,True,1.5087733455818924,0.0,0.010018551286665168,1.0417734699795214,validation_2022_2023,frozen_step_1_v1,2026-07-22
2023-06-22,69.51000213623047,74.13999938964844,1.0141972003429303,0.004267522966978632,0.33225111076595737,False,1.189447584953369,0.0,0.0,1.0417734699795214,validation_2022_2023,frozen_step_1_v1,2026-07-22
2023-06-23,69.16000366210938,73.8499984741211,1.0142565007378712,0.005216711004425001,0.4686404002301721,False,1.2096470920827505,0.0,0.0,1.0417734699795214,validation_2022_2023,frozen_step_1_v1,2026-07-22
2023-06-26,69.37000274658203,74.18000030517578,1.0143274126423498,0.006299624655056846,0.6489367042870079,False,1.2489575939973356,0.0,0.0,1.0417734699795214,validation_2022_2023,frozen_step_1_v1,2026-07-22
2023-06-27,67.69999694824219,72.26000213623047,1.0143740212446946,0.004596882791625845,0.24123801899544348,False,1.288979395332227,0.0,-0.0,1.0417734699795214,validation_2022_2023,frozen_step_1_v1,2026-07-22
2023-06-28,69.55999755859375,74.02999877929688,1.014386904957743,0.001248766207064378,-0.5023225995212868,False,1.3260548842530226,0.0,-0.0,1.0417734699795214,validation_2022_2023,frozen_step_1_v1,2026-07-22
2023-06-29,69.86000061035156,74.33999633789062,1.014398367360304,0.001013297712591843,-0.5667546608296742,False,1.3463369968007861,0.0,-0.0,1.0417734699795214,validation_2022_2023,frozen_step_1_v1,2026-07-22
2023-06-30,70.63999938964844,74.9000015258789,1.0143693008716606,-0.002621322543408411,-1.3801376423180847,False,1.3918514963899467,0.0,-0.0,1.0417734699795214,validation_2022_2023,frozen_step_1_v1,2026-07-22
2023-07-03,69.79000091552734,74.6500015258789,1.0144368642752173,0.006028224594443188,0.5124114599409632,True,1.4071911285458083,0.0,0.0,1.0417734699795214,validation_2022_2023,frozen_step_1_v1,2026-07-22
2023-07-05,71.79000091552734,76.6500015258789,1.014473823029715,0.003646990136418893,-0.06374338125843491,False,1.2853796234153967,0.0,-0.0,1.0417734699795214,validation_2022_2023,frozen_step_1_v1,2026-07-22
2023-07-06,71.80000305175781,76.5199966430664,1.0144934012539657,0.0017244589036975455,-0.5424359569878513,False,1.3167677544510017,0.0,-0.0,1.0417734699795214,validation_2022_2023,frozen_step_1_v1,2026-07-22
2023-07-07,73.86000061035156,78.47000122070312,1.01447568648377,-0.00173190063424844,-1.403434065137385,False,1.3532967205293647,0.0,-0.0,1.0417734699795214,validation_2022_2023,frozen_step_1_v1,2026-07-22
2023-07-10,72.98999786376953,77.69000244140625,1.0144788096780897,0.0002854024694576296,-0.9713356533996119,False,1.3723660738672692,0.0,0.0,1.0417734699795214,validation_2022_2023,frozen_step_1_v1,2026-07-22
2023-07-11,74.83000183105469,79.4000015258789,1.0144469154234954,-0.003062113552476653,-1.907345830417294,False,1.4080383526762426,0.0,-0.0,1.0417734699795214,validation_2022_2023,frozen_step_1_v1,2026-07-22
2023-07-12,75.75,80.11000061035156,1.0143776448550452,-0.006256119629036938,-2.514048514736196,False,1.4279003218830748,0.0,-0.0,1.0417734699795214,validation_2022_2023,frozen_step_1_v1,2026-07-22
2023-07-13,76.88999938964844,81.36000061035156,1.014316839934638,-0.005661161430756678,-2.117147637515505,False,1.4508576622763047,0.0,0.0,1.0417734699795214,validation_2022_2023,frozen_step_1_v1,2026-07-22
2023-07-14,75.41999816894531,79.87000274658203,1.0142707470454086,-0.004365593878058682,-1.6673385079965684,False,1.4986660231966544,0.0,0.0,1.0417734699795214,validation_2022_2023,frozen_step_1_v1,2026-07-22
2023-07-17,74.1500015258789,78.5,1.0142258085737252,-0.004249077683487812,-1.517242737296982,False,1.5430797862302492,0.0,-0.0,1.0417734699795214,validation_2022_2023,frozen_step_1_v1,2026-07-22
2023-07-18,75.75,79.62999725341797,1.0141064745874828,-0.011092473056602437,-2.7567546254538295,False,1.595463522097342,0.0,-0.0,1.0417734699795214,validation_2022_2023,frozen_step_1_v1,2026-07-22
2023-07-19,75.3499984741211,79.45999908447266,1.0140215993397867,-0.0074935360796812844,-1.75765616635287,False,1.4981894587347193,0.0,0.0,1.0417734699795214,validation_2022_2023,frozen_step_1_v1,2026-07-22
2023-07-20,75.62999725341797,79.63999938964844,1.013925236520962,-0.008575048109905836,-1.7908803738962,True,1.504871654924281,0.0,-0.0,1.0417734699795214,validation_2022_2023,frozen_step_1_v1,2026-07-22
2023-07-21,77.06999969482422,81.06999969482422,1.0138261722622723,-0.009471886114184258,-1.780257439581808,True,1.5534367487496974,0.0,-0.0,1.0417734699795214,validation_2022_2023,frozen_step_1_v1,2026-07-22
2023-07-24,78.73999786376953,82.73999786376953,1.0137184755985051,-0.010345062668282168,-1.7678620817285873,True,1.6047363910496057,0.0,-0.0,1.0417734699795214,validation_2022_2023,frozen_step_1_v1,2026-07-22
2023-07-25,79.62999725341797,83.63999938964844,1.0136048266434434,-0.010422648475609364,-1.630171941562029,True,1.6578296605758547,0.0,-0.0,1.0417734699795214,validation_2022_2023,frozen_step_1_v1,2026-07-22
2023-07-26,78.77999877929688,82.91999816894531,1.0135192377287896,-0.007816779584210565,-1.1383188336930679,True,1.7146639296091846,0.0,0.0,1.0417734699795214,validation_2022_2023,frozen_step_1_v1,2026-07-22
2023-07-27,80.08999633789062,84.23999786376953,1.0134306899481804,-0.00834985563811319,-1.1468497365824744,True,1.7379095763468537,0.0,-0.0,1.0417734699795214,validation_2022_2023,frozen_step_1_v1,2026-07-22
2023-07-28,80.58000183105469,84.98999786376953,1.0133714953783335,-0.005407767919533235,-0.6532782335899255,True,1.7964440976058456,0.0,0.0,1.0417734699795214,validation_2022_2023,frozen_step_1_v1,2026-07-22
2023-07-31,81.80000305175781,85.55999755859375,1.0132245367378299,-0.013303951941550096,-1.804634082177831,True,1.8087996971254205,1.8087996971254205,-0.0009043998485627103,1.0408317161362433,validation_2022_2023,frozen_step_1_v1,2026-07-22
2023-08-01,81.37000274658203,84.91000366210938,1.0130619304061588,-0.014874292543150425,-1.928065641920569,True,1.5955975638866478,1.5955975638866478,-0.002160161124803485,1.0385857785924195,validation_2022_2023,frozen_step_1_v1,2026-07-22
2023-08-02,79.48999786376953,83.19999694824219,1.0129486200631161,-0.011042275517757716,-1.1997301229918653,True,1.6428792096924463,1.6428792096924463,0.002620715448958133,1.0413111860863316,validation_2022_2023,frozen_step_1_v1,2026-07-22
2023-08-03,81.55000305175781,85.13999938964844,1.012812543748463,-0.013310190499828067,-1.5482978375525935,True,1.6334429164830642,1.6334429164830642,-0.0023444861993223895,1.0388727059897678,validation_2022_2023,frozen_step_1_v1,2026-07-22
2023-08-04,82.81999969482422,86.23999786376953,1.0126468369218595,-0.015392391888275903,-1.7571810095429592,True,1.6710581828759954,1.6710581828759954,-0.002302492095541055,1.0364834614598175,validation_2022_2023,frozen_step_1_v1,2026-07-22
2023-08-07,81.94000244140625,85.33999633789062,1.012491029622824,-0.014379384971903164,-1.4701613602289307,True,1.7121173790785744,1.7121173790785744,0.0002505746720685557,1.0367432105051841,validation_2022_2023,frozen_step_1_v1,2026-07-22
2023-08-08,82.91999816894531,86.16999816894531,1.01231746946108,-0.01597125346599526,-1.629585048515435,True,1.7643669359044931,1.7643669359044931,-0.0020327232215457103,1.0346379389485096,validation_2022_2023,frozen_step_1_v1,2026-07-22
2023-08-09,84.4000015258789,87.55000305175781,1.012135576788665,-0.017185495114711458,-1.7358215261468548,True,1.8141891176773493,1.8141891176773493,-0.0017969247992150144,1.0327804417689896,validation_2022_2023,frozen_step_1_v1,2026-07-22
2023-08-10,82.81999969482422,86.4000015258789,1.0120206152991293,-0.010772966819591723,-0.608951152090469,True,1.8706714985550734,1.8706714985550734,0.005295649629426092,1.0382641923280544,validation_2022_2023,frozen_step_1_v1,2026-07-22
2023-08-11,83.19000244140625,86.80999755859375,1.0119092595988375,-0.010057734641020666,-0.44253070467958167,True,1.709760268059067,1.709760268059067,0.00012679859193600465,1.038395851112597,validation_2022_2023,frozen_step_1_v1,2026-07-22
2023-08-14,82.51000213623047,86.20999908447266,1.0118190561756124,-0.008289898157411102,-0.09649177743835749,True,1.7657652237504033,0.0,0.0003091826245350223,1.038716954704418,validation_2022_2023,frozen_step_1_v1,2026-07-22
2023-08-15,80.98999786376953,84.88999938964844,1.0117702344379127,-0.004691613584916432,0.5492612243753916,True,1.809614914272721,0.0,0.0,1.038716954704418,validation_2022_2023,frozen_step_1_v1,2026-07-22
2023-08-16,79.37999725341797,83.44999694824219,1.0117555987286075,-0.001420684784935844,1.2981611835190436,True,1.8022232049896312,0.0,0.0,1.038716954704418,validation_2022_2023,frozen_step_1_v1,2026-07-22
2023-08-17,80.38999938964844,84.12000274658203,1.011691694248653,-0.005935573304651776,0.5047042198487552,True,1.8089271524388477,0.0,-0.0,1.038716954704418,validation_2022_2023,frozen_step_1_v1,2026-07-22
2023-08-18,81.25,84.80000305175781,1.0116028283195522,-0.008259037572716288,0.09347296025095544,True,1.7593199116347187,0.0,-0.0,1.038716954704418,validation_2022_2023,frozen_step_1_v1,2026-07-22
2023-08-21,80.72000122070312,84.45999908447266,1.0115439348064017,-0.005397613137455792,0.7972865569341936,True,1.7911852405115736,0.0,0.0,1.038716954704418,validation_2022_2023,frozen_step_1_v1,2026-07-22
2023-08-22,80.3499984741211,84.02999877929688,1.0114835883276505,-0.005589730592202358,0.8543531239563406,True,1.8088980761633888,0.0,-0.0,1.038716954704418,validation_2022_2023,frozen_step_1_v1,2026-07-22
2023-08-23,78.88999938964844,83.20999908447266,1.0115152152574085,0.0030139650685860886,3.0487469685968867,True,1.8703034742412656,-1.8703034742412656,-0.0009351517371206328,1.0377460507818497,validation_2022_2023,frozen_step_1_v1,2026-07-22
2023-08-24,79.05000305175781,83.36000061035156,1.0115439259591223,0.0026400961581432014,2.5281529695858476,True,1.5933896865208241,-1.5933896865208241,9.250578117517822e-05,1.037842052731238,validation_2022_2023,frozen_step_1_v1,2026-07-22
2023-08-25,79.83000183105469,84.4800033569336,1.011603610968675,0.005792814419730341,2.885191902642276,True,1.6459794869682414,-1.6459794869682414,-0.0027307069696382706,1.0350118761545748,validation_2022_2023,frozen_step_1_v1,2026-07-22
2023-08-28,80.0999984741211,84.41999816894531,1.0116209968097822,0.001590449144675432,1.7607873429424041,True,1.6655416953686244,-1.6655416953686244,0.0033664168440757937,1.0385020289267317,validation_2022_2023,frozen_step_1_v1,2026-07-22
2023-08-29,81.16000366210938,85.48999786376953,1.011629759896119,0.0008474861947496137,1.5273480149500496,True,1.6413127590162326,-1.6413127590162326,0.0005711309492597307,1.0390953189833503,validation_2022_2023,frozen_step_1_v1,2026-07-22
2023-08-30,81.62999725341797,85.86000061035156,1.011622824506989,-0.0006446988539217102,1.1652463185010786,True,1.6936577623830027,-1.6936577623830027,0.0012162296755653525,1.0403598663801958,validation_2022_2023,frozen_step_1_v1,2026-07-22
2023-08-31,83.62999725341797,86.86000061035156,1.011487622640353,-0.012953479402295187,-0.8963784262356765,True,1.7392870583255053,0.0,0.010020240351676197,1.0508369259586676,validation_2022_2023,frozen_step_1_v1,2026-07-22
2023-09-01,85.55000305175781,88.55000305175781,1.0113259130785348,-0.015923768929377857,-1.3378260388798768,True,1.3209671820477615,0.0,-0.0,1.0508369259586676,validation_2022_2023,frozen_step_1_v1,2026-07-22
2023-09-05,86.69000244140625,90.04000091552734,1.011201083613676,-0.012067566216078518,-0.6662166591177129,True,1.349664313207867,0.0,0.0,1.0508369259586676,validation_2022_2023,frozen_step_1_v1,2026-07-22
2023-09-06,87.54000091552734,90.5999984741211,1.0110378434423806,-0.015003939779892228,-1.109732988855548,False,1.3583637177800885,0.0,-0.0,1.0508369259586676,validation_2022_2023,frozen_step_1_v1,2026-07-22
2023-09-07,86.87000274658203,89.91999816894531,1.0108862629164128,-0.014093185396018448,-0.9279699475774991,False,1.3860466317913807,0.0,0.0,1.0508369259586676,validation_2022_2023,frozen_step_1_v1,2026-07-22
2023-09-08,87.51000213623047,90.6500015258789,1.0107489745061142,-0.01281390296236129,-0.6912623985239615,False,1.4306120205243023,0.0,0.0,1.0508369259586676,validation_2022_2023,frozen_step_1_v1,2026-07-22
2023-09-11,87.29000091552734,90.63999938964844,1.0106394422039562,-0.009890486508200347,-0.22772310668900012,True,1.4740137420574995,0.0,0.0,1.0508369259586676,validation_2022_2023,frozen_step_1_v1,2026-07-22
2023-09-12,88.83999633789062,92.05999755859375,1.0105198626176042,-0.011597354319152764,-0.4612028447859809,True,1.4974246303473604,0.0,-0.0,1.0508369259586676,validation_2022_2023,frozen_step_1_v1,2026-07-22
2023-09-13,88.5199966430664,91.87999725341797,1.0104162814527264,-0.009443698968229164,-0.14848310562330427,True,1.5399349163926943,0.0,0.0,1.0508369259586676,validation_2022_2023,frozen_step_1_v1,2026-07-22
2023-09-14,90.16000366210938,93.69999694824219,1.0103350785571064,-0.008011997689516548,0.040144375638520545,True,1.575782856911604,0.0,0.0,1.0508369259586676,validation_2022_2023,frozen_step_1_v1,2026-07-22
2023-09-15,90.7699966430664,93.93000030517578,1.0102054539816983,-0.011788512378107185,-0.5539965482608421,True,1.6214737128248229,0.0,-0.0,1.0508369259586676,validation_2022_2023,frozen_step_1_v1,2026-07-22
2023-09-18,91.4800033569336,94.43000030517578,1.0100575273874723,-0.01368258801061728,-0.856715805129907,True,1.620908133119726,0.0,-0.0,1.0508369259586676,validation_2022_2023,frozen_step_1_v1,2026-07-22
2023-09-19,91.19999694824219,94.33999633789062,1.0099368187517157,-0.010995032776438762,-0.45547863935077326,True,1.662716918083048,0.0,0.0,1.0508369259586676,validation_2022_2023,frozen_step_1_v1,2026-07-22
2023-09-20,90.27999877929688,93.52999877929688,1.0098425895834342,-0.00895406454368608,-0.15773255485624463,True,1.6868963181778702,0.0,0.0,1.0508369259586676,validation_2022_2023,frozen_step_1_v1,2026-07-22
2023-09-21,89.62999725341797,93.30000305175781,1.0098002003218105,-0.0039285772844115385,0.6147663666263093,True,1.7248653216426089,0.0,0.0,1.0508369259586676,validation_2022_2023,frozen_step_1_v1,2026-07-22
2023-09-22,90.02999877929688,93.2699966430664,1.009709623542987,-0.008339151598558914,-0.17888931670408603,True,1.671513518968448,0.0,-0.0,1.0508369259586676,validation_2022_2023,frozen_step_1_v1,2026-07-22
2023-09-25,89.68000030517578,93.29000091552734,1.0096664412476675,-0.003997566401467978,0.5419574544283223,True,1.6441702583713165,0.0,0.0,1.0508369259586676,validation_2022_2023,frozen_step_1_v1,2026-07-22
2023-09-26,90.38999938964844,93.95999908447266,1.0096185507409048,-0.004587722923603543,0.40757715685284435,True,1.6256298719274267,0.0,-0.0,1.0508369259586676,validation_2022_2023,frozen_step_1_v1,2026-07-22
2023-09-27,93.68000030517578,96.55000305175781,1.0094937286760506,-0.012924115840933226,-1.0233249336747265,True,1.6790406575873629,0.0,-0.0,1.0508369259586676,validation_2022_2023,frozen_step_1_v1,2026-07-22
2023-09-28,91.70999908447266,95.37999725341797,1.0094575037226092,-0.0034975039386937468,0.607865734658038,True,1.4869705325720222,0.0,0.0,1.0508369259586676,validation_2022_2023,frozen_step_1_v1,2026-07-22
2023-09-29,90.79000091552734,95.30999755859375,1.0095191954899554,0.005667793060423421,2.167137303469101,False,1.3137194492004933,0.0,0.0,1.0508369259586676,validation_2022_2023,frozen_step_1_v1,2026-07-22
2023-10-02,88.81999969482422,90.70999908447266,1.0093341991133413,-0.02082318021295304,-2.18980015043916,True,1.2087042268128039,1.2087042268128039,-0.000604352113406402,1.0502020423075809,validation_2022_2023,frozen_step_1_v1,2026-07-22
2023-10-03,89.2300033569336,90.91999816894531,1.0090925128653168,-0.022073816165042892,-2.154782937596326,False,0.7328009974725047,0.7328009974725047,-0.0016432209138066854,1.0484777454362708,validation_2022_2023,frozen_step_1_v1,2026-07-22
2023-10-04,84.22000122070312,85.80999755859375,1.008911998295087,-0.020807658182232736,-1.7617659526170755,False,0.7572812044371225,0.7572812044371225,0.00015767831212577397,1.0486430806720206,validation_2022_2023,frozen_step_1_v1,2026-07-22
2023-10-05,82.30999755859375,84.06999969482422,1.0087357122308407,-0.017371589758009343,-1.170958342994381,False,0.7818004491592858,0.7818004491592858,0.0009899134721791914,1.0496816605523818,validation_2022_2023,frozen_step_1_v1,2026-07-22
2023-10-06,82.79000091552734,84.58000183105469,1.0085577175109166,-0.016402948764137726,-0.9749637887933887,False,0.80223244758606,0.80223244758606,6.083702741785576e-05,1.0497455220068956,validation_2022_2023,frozen_step_1_v1,2026-07-22
2023-10-09,86.37999725341797,88.1500015258789,1.008396169978339,-0.01715268398974512,-1.0185318827925074,False,0.8289060391696724,0.8289060391696724,-0.000600479893955764,1.0491153601458594,validation_2022_2023,frozen_step_1_v1,2026-07-22
2023-10-10,85.97000122070312,87.6500015258789,1.0082054780493996,-0.01719396981440191,-0.9843815163904249,False,0.8568956261761187,0.8568956261761187,-0.00038157486535482494,1.0487151204591285,validation_2022_2023,frozen_step_1_v1,2026-07-22
2023-10-11,83.48999786376953,85.81999969482422,1.0081192851238852,-0.008400381409922275,0.3940139287504523,False,0.8860159121936325,0.0,0.0031610177758829034,1.0520353725199574,validation_2022_2023,frozen_step_1_v1,2026-07-22
2023-10-12,82.91000366210938,86.0,1.0081269676710025,0.0006886119896778453,1.9156170180527432,False,0.8675964664718289,0.0,0.0,1.0520353725199574,validation_2022_2023,frozen_step_1_v1,2026-07-22
2023-10-13,87.69000244140625,90.88999938964844,1.008122491180112,-0.000496383390983901,1.6972249467170244,False,0.8503244246385764,0.0,-0.0,1.0520353725199574,validation_2022_2023,frozen_step_1_v1,2026-07-22
2023-10-16,86.66000366210938,89.6500015258789,1.0080984230694976,-0.0022143441609872028,1.3025265975693794,False,0.8779648975507158,0.0,-0.0,1.0520353725199574,validation_2022_2023,frozen_step_1_v1,2026-07-22
2023-10-17,86.66000366210938,89.9000015258789,1.0081045972214702,0.0005428481985738642,1.6219198662315362,False,0.9053576011251661,0.0,0.0,1.0520353725199574,validation_2022_2023,frozen_step_1_v1,2026-07-22
2023-10-18,88.31999969482422,91.5,1.008095039075563,-0.0009012063458593289,1.2921911399715635,False,0.9313153428676942,0.0,-0.0,1.0520353725199574,validation_2022_2023,frozen_step_1_v1,2026-07-22
2023-10-19,89.37000274658203,92.37999725341797,1.0080609852103446,-0.0030908849874160538,0.8981300688087028,False,0.9608127762196597,0.0,-0.0,1.0520353725199574,validation_2022_2023,frozen_step_1_v1,2026-07-22
2023-10-20,88.75,92.16000366210938,1.0080775904860633,0.0014681636814408705,1.4760523573567519,False,0.9887405031923608,0.0,0.0,1.0520353725199574,validation_2022_2023,frozen_step_1_v1,2026-07-22
2023-10-23,85.48999786376953,89.83000183105469,1.008208722216513,0.013003955714617987,2.9247682022221726,False,1.0044476894610594,0.0,0.0,1.0520353725199574,validation_2022_2023,frozen_step_1_v1,2026-07-22
2023-10-24,83.73999786376953,88.06999969482422,1.0083477962858833,0.0134535369554456,2.5447025005044175,False,0.9331152431712869,0.0,0.0,1.0520353725199574,validation_2022_2023,frozen_step_1_v1,2026-07-22
2023-10-25,85.38999938964844,90.12999725341797,1.0085134792949335,0.01616265939029038,2.5200447886957313,False,0.9645801088025603,0.0,0.0,1.0520353725199574,validation_2022_2023,frozen_step_1_v1,2026-07-22
2023-10-26,83.20999908447266,87.93000030517578,1.0086844795083374,0.01677624930899846,2.2693116231650605,False,0.9925915090127923,0.0,0.0,1.0520353725199574,validation_2022_2023,frozen_step_1_v1,2026-07-22
2023-10-27,85.54000091552734,90.4800033569336,1.0088540046154357,0.01675342953263037,2.0208442031241263,False,1.0260078454196089,0.0,0.0,1.0520353725199574,validation_2022_2023,frozen_step_1_v1,2026-07-22
2023-10-30,82.30999755859375,87.44999694824219,1.0090585523593747,0.020621911301680562,2.15976310693432,False,1.0603635780939835,0.0,0.0,1.0520353725199574,validation_2022_2023,frozen_step_1_v1,2026-07-22
2023-10-31,81.0199966430664,87.41000366210938,1.0094527927644688,0.034371587630763756,3.054953800417221,True,1.0828256258712008,-1.0828256258712008,-0.0005414128129356004,1.0514659412522154,validation_2022_2023,frozen_step_1_v1,2026-07-22
2023-11-01,80.44000244140625,84.62999725341797,1.0095412835284134,0.00891469385838306,0.7633370891714296,True,0.9488542115177773,-0.9488542115177773,0.013441649765716523,1.0656947935637686,validation_2022_2023,frozen_step_1_v1,2026-07-22
2023-11-02,82.45999908447266,86.8499984741211,1.0096374857353425,0.009345552297405746,0.7481451511040352,False,0.6712781310093027,-0.6712781310093027,-0.0005426543644210403,1.0651166465140978,validation_2022_2023,frozen_step_1_v1,2026-07-22
2023-11-03,80.51000213623047,84.88999938964844,1.00974409817937,0.0102140472426413,0.771865096878529,False,0.6939788192434073,-0.6939788192434073,-0.00045773095641004496,1.064629221216135,validation_2022_2023,frozen_step_1_v1,2026-07-22
2023-11-06,80.81999969482422,85.18000030517578,1.0098496746407162,0.009280230364090869,0.6597112352466166,False,0.7172967374434194,-0.7172967374434194,0.00015067035892470326,1.0647896413679947,validation_2022_2023,frozen_step_1_v1,2026-07-22
2023-11-07,77.37000274658203,81.61000061035156,1.0099459502155024,0.010101716305351616,0.6823633966629636,False,0.7411936443741703,-0.7411936443741703,-0.0004545464414983563,1.0643057550083095,validation_2022_2023,frozen_step_1_v1,2026-07-22
2023-11-08,75.33000183105469,79.54000091552734,1.0100577422286812,0.010913225387779946,0.7010088421658304,False,0.7661135157330649,-0.7661135157330649,-0.0004898828199882689,1.0637844975916673,validation_2022_2023,frozen_step_1_v1,2026-07-22
2023-11-09,75.73999786376953,80.01000213623047,1.0101786381392197,0.010799173387918692,0.6436487419122368,False,0.7918455698416226,-0.7918455698416226,-0.00016879105068836136,1.0636049554415932,validation_2022_2023,frozen_step_1_v1,2026-07-22
2023-11-10,77.16999816894531,81.43000030517578,1.0102749618913922,0.009077907579677635,0.48782003244197775,False,0.818611664542246,-0.818611664542246,0.0004997509972728865,1.0641366259191398,validation_2022_2023,frozen_step_1_v1,2026-07-22
2023-11-13,78.26000213623047,82.5199966430664,1.0103599414873226,0.007834278928721794,0.39214528449720304,False,0.844545478994722,-0.844545478994722,0.0003425773474980594,1.0645012374720861,validation_2022_2023,frozen_step_1_v1,2026-07-22
2023-11-14,78.26000213623047,82.47000122070312,1.01043879873502,0.0068844165633494825,0.2720270275934301,False,0.8721413492033881,0.0,-0.00016767657704299597,1.0643227605119499,validation_2022_2023,frozen_step_1_v1,2026-07-22
2023-11-15,76.66000366210938,81.18000030517578,1.0105599428216743,0.011465201627726351,0.5694690026225254,False,0.9010645779802965,0.0,0.0,1.0643227605119499,validation_2022_2023,frozen_step_1_v1,2026-07-22
2023-11-16,72.9000015258789,77.41999816894531,1.01069221354302,0.014296609695754192,0.7536509126207548,False,0.9174558157661956,0.0,0.0,1.0643227605119499,validation_2022_2023,frozen_step_1_v1,2026-07-22
2023-11-17,75.88999938964844,80.61000061035156,1.0108227231002938,0.013483151632568635,0.6344167935748939,False,0.9434343103661847,0.0,-0.0,1.0643227605119499,validation_2022_2023,frozen_step_1_v1,2026-07-22
2023-11-20,77.5999984741211,82.31999969482422,1.0109444576217663,0.01142113521289545,0.39297843994940895,True,0.9744383547791864,0.0,-0.0,1.0643227605119499,validation_2022_2023,frozen_step_1_v1,2026-07-22
2023-11-21,77.7699966430664,82.44999694824219,1.011063791952838,0.01026725506635806,0.21615584109127398,True,1.003124579535988,0.0,-0.0,1.0643227605119499,validation_2022_2023,frozen_step_1_v1,2026-07-22
2023-11-22,77.0999984741211,81.95999908447266,1.011203861776898,0.012446115081796272,0.40039310464086514,True,1.035627383028175,0.0,0.0,1.0643227605119499,validation_2022_2023,frozen_step_1_v1,2026-07-22
2023-11-24,75.54000091552734,80.58000183105469,1.0113675235345163,0.015427472274222254,0.7324438347142939,True,1.0657106410368828,0.0,0.0,1.0643227605119499,validation_2022_2023,frozen_step_1_v1,2026-07-22
2023-11-27,74.86000061035156,79.9800033569336,1.0115475123382474,0.016322262905633877,0.798665500672575,True,1.0922305725635364,0.0,0.0,1.0643227605119499,validation_2022_2023,frozen_step_1_v1,2026-07-22
2023-11-28,76.41000366210938,81.68000030517578,1.011712813389966,0.015907462271892214,0.6883962917943705,True,1.1282978116698643,0.0,0.0,1.0643227605119499,validation_2022_2023,frozen_step_1_v1,2026-07-22
2023-11-29,77.86000061035156,83.0999984741211,1.0118563688162974,0.013498886493540141,0.2934816905637895,True,1.1658195676325074,0.0,-0.0,1.0643227605119499,validation_2022_2023,frozen_step_1_v1,2026-07-22
2023-11-30,75.95999908447266,82.83000183105469,1.012234404251153,0.03360596143871142,3.256821618859553,True,1.1953949245645514,-1.1953949245645514,-0.0005976974622822757,1.0636868075716044,validation_2022_2023,frozen_step_1_v1,2026-07-22
2023-12-01,74.06999969482422,78.87999725341797,1.0123257014112126,0.00985481249090192,-0.43367187912644384,True,0.8601471693905172,0.0,0.013278504293282867,1.0779051677782523,validation_2022_2023,frozen_step_1_v1,2026-07-22
2023-12-04,73.04000091552734,78.02999877929688,1.0124629476378564,0.012607505007609099,-0.12802843407848616,False,0.6619498398677798,0.0,0.0,1.0779051677782523,validation_2022_2023,frozen_step_1_v1,2026-07-22
2023-12-05,72.31999969482422,77.19999694824219,1.012586595782982,0.011414221469594032,-0.38376562650270196,False,0.6822424863629362,0.0,-0.0,1.0779051677782523,validation_2022_2023,frozen_step_1_v1,2026-07-22
2023-12-06,69.37999725341797,74.30000305175781,1.012726087943766,0.014558886188348552,0.12245361158978162,False,0.7048924314042495,0.0,0.0,1.0779051677782523,validation_2022_2023,frozen_step_1_v1,2026-07-22
2023-12-07,69.33999633789062,74.05000305175781,1.012851803877174,0.011239616554394871,-0.4078878171787291,False,0.7256606690385046,0.0,-0.0,1.0779051677782523,validation_2022_2023,frozen_step_1_v1,2026-07-22
2023-12-08,71.2300033569336,75.83999633789062,1.012929053042338,0.007557454543396069,-0.9636412955813433,False,0.7461129683789075,0.0,-0.0,1.0779051677782523,validation_2022_2023,frozen_step_1_v1,2026-07-22
2023-12-11,71.31999969482422,76.02999877929688,1.0130235316912377,0.008377482328868702,-0.7773364780894739,False,0.7660211983930193,0.0,0.0,1.0779051677782523,validation_2022_2023,frozen_step_1_v1,2026-07-22
2023-12-12,68.61000061035156,73.23999786376953,1.0131180459751203,0.009834536944211436,-0.5036028182314137,False,0.7916005117021471,0.0,0.0,1.0779051677782523,validation_2022_2023,frozen_step_1_v1,2026-07-22
2023-12-13,69.47000122070312,74.26000213623047,1.01323109843533,0.010565755745750138,-0.34109875325194916,False,0.8173957134062865,0.0,0.0,1.0779051677782523,validation_2022_2023,frozen_step_1_v1,2026-07-22
2023-12-14,71.58000183105469,76.61000061035156,1.0133405191450477,0.010936994554023194,-0.2049575107124077,False,0.8447684949221081,0.0,0.0,1.0779051677782523,validation_2022_2023,frozen_step_1_v1,2026-07-22
2023-12-15,71.43000030517578,76.55000305175781,1.0134750404837742,0.011705061294229324,-0.05882205851087499,True,0.8732925186806445,0.0,0.0,1.0779051677782523,validation_2022_2023,frozen_step_1_v1,2026-07-22
2023-12-18,72.47000122070312,77.94999694824219,1.0136286010838826,0.014521204286938705,0.5199388476395278,True,0.9024305548823037,0.0,0.0,1.0779051677782523,validation_2022_2023,frozen_step_1_v1,2026-07-22
2023-12-19,73.44000244140625,79.2300033569336,1.0138058637287661,0.01656981530539703,0.9215020091930345,True,0.9275814432740497,0.0,0.0,1.0779051677782523,validation_2022_2023,frozen_step_1_v1,2026-07-22
2023-12-20,74.22000122070312,79.69999694824219,1.0139318554032755,0.01123090508961333,-0.2557494718778924,True,0.9560218512730992,0.0,-0.0,1.0779051677782523,validation_2022_2023,frozen_step_1_v1,2026-07-22
2023-12-21,73.88999938964844,79.38999938964844,1.0140588807975723,0.011305491418781344,-0.24876734605188527,False,0.9647606223970481,0.0,0.0,1.0779051677782523,validation_2022_2023,frozen_step_1_v1,2026-07-22
2023-12-22,73.55999755859375,79.06999969482422,1.0141843581699643,0.011266356442556358,-0.25997149041185214,False,0.997398975922977,0.0,0.0,1.0779051677782523,validation_2022_2023,frozen_step_1_v1,2026-07-22
2023-12-26,75.56999969482422,81.06999969482422,1.0142710847860168,0.00853031119585701,-0.8404529884344278,False,1.0311508466792167,0.0,-0.0,1.0779051677782523,validation_2022_2023,frozen_step_1_v1,2026-07-22
2023-12-27,74.11000061035156,79.6500015258789,1.0143781043984397,0.010185916959772001,-0.4859941364630969,False,1.0582265555429016,0.0,0.0,1.0779051677782523,validation_2022_2023,frozen_step_1_v1,2026-07-22
2023-12-28,71.7699966430664,78.38999938964844,1.0146476200280559,0.025633732036570045,2.7801387268458186,False,1.090768252152136,0.0,0.0,1.0779051677782523,validation_2022_2023,frozen_step_1_v1,2026-07-22
2023-12-29,71.6500015258789,77.04000091552734,1.0147472924144119,0.009534220709167762,-0.7134664666264401,False,0.913869869005898,0.0,-0.0,1.0779051677782523,validation_2022_2023,frozen_step_1_v1,2026-07-22
2024-01-02,70.37999725341797,75.88999938964844,1.014874668777602,0.012100333738390034,-0.20033078995048675,False,0.7945500725668313,0.0,,1.0,final_test_2024_2026,frozen_step_1_v1,2026-07-22
2024-01-03,72.69999694824219,78.25,1.0149680853906708,0.009409163629169548,-0.7064908929338559,True,0.818186603225923,0.0,-0.0,1.0,final_test_2024_2026,frozen_step_1_v1,2026-07-22
2024-01-04,72.19000244140625,77.58999633789062,1.015052910872229,0.007720994669458747,-0.9985042136380817,True,0.8420066964293219,0.0,-0.0,1.0,final_test_2024_2026,frozen_step_1_v1,2026-07-22
2024-01-05,73.80999755859375,78.76000213623047,1.0150545559395134,0.00015400527169795453,-2.3892854312819662,True,0.8689866846738098,0.8689866846738098,-0.0004344933423369049,0.9995656010362259,final_test_2024_2026,frozen_step_1_v1,2026-07-22
2024-01-08,70.7699966430664,76.12000274658203,1.015136899576517,0.008401301971001196,-0.7055520057244602,True,0.8654115545987815,0.8654115545987815,0.003706090768954441,1.0032769549424303,final_test_2024_2026,frozen_step_1_v1,2026-07-22
2024-01-09,72.23999786376953,77.58999633789062,1.0152040054940428,0.006371575711253463,-1.0258744390120877,True,0.8536616443962468,0.8536616443962468,-0.0007542068335889753,1.002520561881293,final_test_2024_2026,frozen_step_1_v1,2026-07-22
2024-01-10,71.37000274658203,76.80000305175781,1.0152921494229672,0.008062005658204363,-0.6750490456364431,True,0.8801996717535917,0.8801996717535917,0.0008621719079461725,1.0033852796610094,final_test_2024_2026,frozen_step_1_v1,2026-07-22
2024-01-11,72.0199966430664,77.41000366210938,1.0153634108459486,0.006463761972189452,-0.9022901243532278,True,0.9078635456216633,0.9078635456216633,-0.0005787650867894954,1.0028047233116217,final_test_2024_2026,frozen_step_1_v1,2026-07-22
2024-01-12,72.68000030517578,78.29000091552734,1.0154514459692823,0.00812772383949234,-0.5626954700070658,True,0.9368573479192683,0.9368573479192683,0.0009050441363238447,1.0037127166713873,final_test_2024_2026,frozen_step_1_v1,2026-07-22
2024-01-16,72.4000015258789,78.29000091552734,1.0155819286751413,0.011488538688766425,0.03844041468953498,True,0.9661230463969128,0.0,0.0013535337258563998,1.0050721955271602,final_test_2024_2026,frozen_step_1_v1,2026-07-22
2024-01-17,72.55999755859375,77.87999725341797,1.0156239032529935,0.003816106804971575,-1.6229090458062414,True,0.9887578653763395,0.0,-0.0,1.0050721955271602,final_test_2024_2026,frozen_step_1_v1,2026-07-22
2024-01-18,74.08000183105469,79.0999984741211,1.015606855906706,-0.001622546843634609,-2.771321639426521,True,0.9716775819571817,0.9716775819571817,-0.00048583879097859083,1.0045840110659159,final_test_2024_2026,frozen_step_1_v1,2026-07-22
2024-01-19,73.41000366210938,78.55999755859375,1.015614713407257,0.0007206679075668632,-1.8997093905436642,True,0.9808883624203133,0.9808883624203133,0.0011412775344501252,1.0057311747207507,final_test_2024_2026,frozen_step_1_v1,2026-07-22
2024-01-22,75.19000244140625,80.05999755859375,1.015568143860607,-0.004496618789078255,-2.7570041086884096,True,1.0082483108393774,1.0082483108393774,-0.002650549092831249,1.0030689645858843,final_test_2024_2026,frozen_step_1_v1,2026-07-22
2024-01-23,74.37000274658203,79.55000305175781,1.015570747450705,0.00023795059803966012,-1.5433125014696076,True,1.0185374220295138,1.0185374220295138,0.0023688427225880145,1.0054478937449807,final_test_2024_2026,frozen_step_1_v1,2026-07-22
2024-01-24,75.08999633789062,80.04000091552734,1.0155352043057517,-0.003252514430839959,-2.0313754276235865,True,1.028839600630387,1.028839600630387,-0.0018465721738736831,1.0035929747900545,final_test_2024_2026,frozen_step_1_v1,2026-07-22
2024-01-25,77.36000061035156,82.43000030517578,1.0154964716557413,-0.003906346923795212,-1.9523587304458931,True,1.0523714506710453,1.0523714506710453,-0.0004314926108258447,1.0031600252511366,final_test_2024_2026,frozen_step_1_v1,2026-07-22
2024-01-26,78.01000213623047,83.55000305175781,1.015507654863808,0.0010439152987320455,-1.0202225599678756,True,1.087919675104466,1.087919675104466,0.002592396553670828,1.0057639876366036,final_test_2024_2026,frozen_step_1_v1,2026-07-22
2024-01-29,76.77999877929688,82.4000015258789,1.0155414892473063,0.0031765445611231513,-0.6399733231456765,True,1.0935318722098188,1.0935318722098188,0.0012276112305859089,1.0069994329712744,final_test_2024_2026,frozen_step_1_v1,2026-07-22
2024-01-30,77.81999969482422,82.87000274658203,1.015490850197246,-0.004578649929921852,-1.7660025076041008,True,1.1244288778855243,1.1244288778855243,-0.004342662316409734,1.0026358561090856,final_test_2024_2026,frozen_step_1_v1,2026-07-22
2024-01-31,75.8499984741211,81.70999908447266,1.0155650936223277,0.007041177868599036,0.05423999077322825,True,1.089549229810469,0.0,0.006099706603615592,1.0087703308896379,final_test_2024_2026,frozen_step_1_v1,2026-07-22
2024-02-01,73.81999969482422,78.69999694824219,1.0155381037190119,-0.0028257451594271288,-1.3550492268311318,True,0.9859347150702669,0.0,-0.0,1.0087703308896379,final_test_2024_2026,frozen_step_1_v1,2026-07-22
2024-02-02,72.27999877929688,77.33000183105469,1.0155482963750684,0.0009793330818634871,-0.7153858689233813,True,0.9402381339854314,0.0,0.0,1.0087703308896379,final_test_2024_2026,frozen_step_1_v1,2026-07-22
2024-02-05,72.77999877929688,77.98999786376953,1.0155739791096134,0.002366891240263236,-0.4559761302711436,True,0.9599512493877634,0.0,0.0,1.0087703308896379,final_test_2024_2026,frozen_step_1_v1,2026-07-22
2024-02-06,73.30999755859375,78.58999633789062,1.0156016319214445,0.0025431446651627,-0.3894341794758617,True,0.9906940478824163,0.0,0.0,1.0087703308896379,final_test_2024_2026,frozen_step_1_v1,2026-07-22
2024-02-07,73.86000061035156,79.20999908447266,1.0156307456002376,0.002684977271418809,-0.32821104018913716,True,1.0242117208057033,0.0,0.0,1.0087703308896379,final_test_2024_2026,frozen_step_1_v1,2026-07-22
2024-02-08,76.22000122070312,81.62999725341797,1.015638673688802,0.0008007661139730615,-0.5829419145469474,True,1.0588744794406155,0.0,-0.0,1.0087703308896379,final_test_2024_2026,frozen_step_1_v1,2026-07-22
2024-02-09,76.83999633789062,82.19000244140625,1.0156324485344665,-0.0005634175271254094,-0.7568490875286102,True,1.0908655339002928,0.0,-0.0,1.0087703308896379,final_test_2024_2026,frozen_step_1_v1,2026-07-22
2024-02-12,76.91999816894531,82.0,1.0155903450240866,-0.003751868343418785,-1.2069442691894074,True,1.1257662867442144,0.0,-0.0,1.0087703308896379,final_test_2024_2026,frozen_step_1_v1,2026-07-22
2024-02-13,77.87000274658203,82.7699966430664,1.0155193194239043,-0.006562437875101246,-1.8933575215155465,True,1.1510587848787355,1.1510587848787355,-0.0005755293924393678,1.0081899209515006,final_test_2024_2026,frozen_step_1_v1,2026-07-22
2024-02-14,76.63999938964844,81.5999984741211,1.015472684925727,-0.004427705515295699,-1.326926728274208,True,1.1799675027862837,1.1799675027862837,0.0010891235762029003,1.0092885625333234,final_test_2024_2026,frozen_step_1_v1,2026-07-22
2024-02-15,78.02999877929688,82.86000061035156,1.015398686420734,-0.007034422710108679,-1.7932013769438773,True,1.2116614518148874,1.2116614518148874,-0.001730722513209919,1.0075432748358297,final_test_2024_2026,frozen_step_1_v1,2026-07-22
2024-02-16,79.19000244140625,83.47000122070312,1.0152454016577024,-0.014013368702449291,-3.062948859425024,True,1.2426954205735752,1.2426954205735752,-0.004614160557007454,1.0029050174589482,final_test_2024_2026,frozen_step_1_v1,2026-07-22
2024-02-20,78.18000030517578,82.33999633789062,1.0150977429247112,-0.013968163129987943,-2.6070853172757222,True,1.207745845519855,1.207745845519855,-0.0003865016837774967,1.0025174678801383,final_test_2024_2026,frozen_step_1_v1,2026-07-22
2024-02-21,77.91000366210938,83.02999877929688,1.0150759631651791,-0.002016564890739758,-0.34414832133715445,True,1.2487598990118138,1.2487598990118138,0.007085809709271255,1.0096463429863756,final_test_2024_2026,frozen_step_1_v1,2026-07-22
2024-02-22,78.61000061035156,83.66999816894531,1.0150406458486991,-0.0032633397932260166,-0.5053789418595857,True,1.0796732007134942,1.0796732007134942,-0.0009527038396007072,1.0086849070933273,final_test_2024_2026,frozen_step_1_v1,2026-07-22
2024-02-23,76.48999786376953,81.62000274658203,1.0150375906383393,-0.00030605817055118223,0.04279176683998326,True,1.1145460833104353,0.0,0.0010375961134202743,1.0097320577983964,final_test_2024_2026,frozen_step_1_v1,2026-07-22
2024-02-26,77.58000183105469,82.52999877929688,1.015001094060318,-0.003422242679867793,-0.4575519221642207,True,1.1405882660823576,0.0,-0.0,1.0097320577983964,final_test_2024_2026,frozen_step_1_v1,2026-07-22
2024-02-27,78.87000274658203,83.6500015258789,1.0149335357852243,-0.00638622853226245,-0.9496652451254731,True,1.1657406175659828,0.0,-0.0,1.0097320577983964,final_test_2024_2026,frozen_step_1_v1,2026-07-22
2024-02-28,78.54000091552734,83.68000030517578,1.014914604255057,-0.0016895441942494926,-0.007493238403581408,True,1.1928090775033005,0.0,0.0,1.0097320577983964,final_test_2024_2026,frozen_step_1_v1,2026-07-22
2024-02-29,78.26000213623047,83.62000274658203,1.0149274905566084,0.0011617088646120877,0.696566364510165,True,1.1976594558050966,0.0,0.0,1.0097320577983964,final_test_2024_2026,frozen_step_1_v1,2026-07-22
2024-03-01,79.97000122070312,83.55000305175781,1.014699360180471,-0.02061376279477578,-4.029292686422778,True,1.2250821352347319,1.2250821352347319,-0.0006125410676173659,1.0091137448360792,final_test_2024_2026,frozen_step_1_v1,2026-07-22
2024-03-04,78.73999786376953,82.80000305175781,1.0145589737623868,-0.013289841750664166,-1.8458290733571685,True,0.8314836928740607,0.8314836928740607,0.0038839549286819727,1.0130407182963326,final_test_2024_2026,frozen_step_1_v1,2026-07-22
2024-03-05,78.1500015258789,82.04000091552734,1.0144092202383563,-0.01422759273704699,-1.8413798640850398,True,0.8289457346843493,0.8289457346843493,-0.0006577158164583239,1.0123746444608523,final_test_2024_2026,frozen_step_1_v1,2026-07-22
2024-03-06,79.12999725341797,82.95999908447266,1.0142520649936717,-0.015030569800731364,-1.8221906265424932,True,0.8569353266148099,0.8569353266148099,-0.0006271077693884524,1.0117399754795031,final_test_2024_2026,frozen_step_1_v1,2026-07-22
2024-03-07,78.93000030517578,82.95999908447266,1.014121361075036,-0.011892867433790144,-1.1858442565938625,True,0.8859682712872162,0.8859682712872162,0.0010774561628734923,1.0128306684327146,final_test_2024_2026,frozen_step_1_v1,2026-07-22
2024-03-08,78.01000213623047,82.08000183105469,1.0140153357166197,-0.010205181185802381,-0.8651385038452726,True,0.9088405271812359,0.9088405271812359,0.0005277451494271828,1.013365325974224,final_test_2024_2026,frozen_step_1_v1,2026-07-22
2024-03-11,77.93000030517578,82.20999908447266,1.013936982176907,-0.007240913902195167,-0.38742428623581815,True,0.9373546135428276,0.9373546135428276,0.0011693809847906458,1.0145510292513813,final_test_2024_2026,frozen_step_1_v1,2026-07-22
2024-03-12,77.55999755859375,81.91999816894531,1.0138763388188554,-0.005685328937230949,-0.11900370781592381,True,0.9619607064040508,0.0,0.0001325342126396527,1.014685500884075,final_test_2024_2026,frozen_step_1_v1,2026-07-22
2024-03-13,79.72000122070312,84.02999877929688,1.013800662294246,-0.007773130159847597,-0.3958313738315548,True,0.99251122491372,0.0,-0.0,1.014685500884075,final_test_2024_2026,frozen_step_1_v1,2026-07-22
2024-03-14,81.26000213623047,85.41999816894531,1.0136950792828243,-0.01029989192065539,-0.7635175485890041,True,1.0223549095370892,0.0,-0.0,1.014685500884075,final_test_2024_2026,frozen_step_1_v1,2026-07-22
2024-03-15,81.04000091552734,85.33999633789062,1.0136059668282216,-0.008097083307783137,-0.36025442567558597,True,1.0510213125596457,0.0,0.0,1.014685500884075,final_test_2024_2026,frozen_step_1_v1,2026-07-22
2024-03-18,82.72000122070312,86.88999938964844,1.0134997030740303,-0.01042589986978637,-0.7094327112314294,True,1.0811045941147042,0.0,-0.0,1.014685500884075,final_test_2024_2026,frozen_step_1_v1,2026-07-22
2024-03-19,83.47000122070312,87.37999725341797,1.0133556191793716,-0.013312675845697619,-1.132676055495794,True,1.1117672394270823,0.0,-0.0,1.014685500884075,final_test_2024_2026,frozen_step_1_v1,2026-07-22
2024-03-20,81.68000030517578,85.94999694824219,1.0132787309437135,-0.0075071997357527565,-0.09430242312030512,True,1.1394302692897356,0.0,0.0,1.014685500884075,final_test_2024_2026,frozen_step_1_v1,2026-07-22
2024-03-21,81.06999969482422,85.77999877929688,1.0132590169500522,-0.001804639616587167,0.9601510714916104,True,1.131279148663061,0.0,0.0,1.014685500884075,final_test_2024_2026,frozen_step_1_v1,2026-07-22
2024-03-22,80.62999725341797,85.43000030517578,1.0132551280012192,-0.00036172265861811326,1.2882327167690553,True,1.1271666842102217,0.0,0.0,1.014685500884075,final_test_2024_2026,frozen_step_1_v1,2026-07-22
2024-03-25,81.94999694824219,86.75,1.0132406131687242,-0.001418437519667748,1.1140968108851317,True,1.1629624609687428,0.0,-0.0,1.014685500884075,final_test_2024_2026,frozen_step_1_v1,2026-07-22
2024-03-26,81.62000274658203,86.25,1.0132088406308142,-0.002970606431197176,0.8389164074104519,True,1.2003388006579496,0.0,-0.0,1.014685500884075,final_test_2024_2026,frozen_step_1_v1,2026-07-22
2024-03-27,81.3499984741211,86.08999633789062,1.0131936182633519,-0.0014031678000607783,1.1204198398410883,True,1.2366370972360037,0.0,0.0,1.014685500884075,final_test_2024_2026,frozen_step_1_v1,2026-07-22
2024-03-28,83.16999816894531,87.4800033569336,1.0131174983043074,-0.007467423261626749,-0.030746794523244962,True,1.2745411905854556,0.0,-0.0,1.014685500884075,final_test_2024_2026,frozen_step_1_v1,2026-07-22
2024-04-01,83.70999908447266,87.41999816894531,1.0129636673440452,-0.01402916719318803,-1.2058733047863741,True,1.249320210200806,0.0,-0.0,1.014685500884075,final_test_2024_2026,frozen_step_1_v1,2026-07-22
2024-04-02,85.1500015258789,88.91999816894531,1.0128244477492188,-0.013674517094406369,-1.0734376226050124,True,1.2190179078545764,0.0,-0.0,1.014685500884075,final_test_2024_2026,frozen_step_1_v1,2026-07-22
2024-04-03,85.43000030517578,89.3499984741211,1.0126991016264244,-0.011617866614460404,-0.7117173305625264,True,1.2601456014568075,0.0,0.0,1.014685500884075,final_test_2024_2026,frozen_step_1_v1,2026-07-22
2024-04-04,86.58999633789062,90.6500015258789,1.0125920919295803,-0.010353981868049367,-0.5074647338760448,True,1.2941046209776028,0.0,0.0,1.014685500884075,final_test_2024_2026,frozen_step_1_v1,2026-07-22
2024-04-05,86.91000366210938,91.16999816894531,1.0125060873528167,-0.007985360613745662,-0.030217200981300884,True,1.3343773123733647,0.0,0.0,1.014685500884075,final_test_2024_2026,frozen_step_1_v1,2026-07-22
2024-04-08,86.43000030517578,90.37999725341797,1.012394097319464,-0.010581297704675308,-0.4826785952805182,True,1.366716082071102,0.0,-0.0,1.014685500884075,final_test_2024_2026,frozen_step_1_v1,2026-07-22
2024-04-09,85.2300033569336,89.41999816894531,1.0123231530161583,-0.00678994527834309,0.2935307677257973,True,1.3972874494356917,0.0,0.0,1.014685500884075,final_test_2024_2026,frozen_step_1_v1,2026-07-22
2024-04-10,86.20999908447266,90.4800033569336,1.0122576260989657,-0.006286919162870497,0.4174261324462283,True,1.407649772979507,0.0,0.0,1.014685500884075,final_test_2024_2026,frozen_step_1_v1,2026-07-22
2024-04-11,85.0199966430664,89.73999786376953,1.0122532950131553,-0.00040990549505437457,1.559756349454123,True,1.4548990025473112,0.0,0.0,1.014685500884075,final_test_2024_2026,frozen_step_1_v1,2026-07-22
2024-04-12,85.66000366210938,90.44999694824219,1.0122520746611836,-0.00011529856344605349,1.5893579384259189,True,1.4128404025507435,0.0,0.0,1.014685500884075,final_test_2024_2026,frozen_step_1_v1,2026-07-22
2024-04-15,85.41000366210938,90.0999984741211,1.0122414643607052,-0.0009865478162724983,1.4513526646293484,True,1.4606859475908986,0.0,-0.0,1.014685500884075,final_test_2024_2026,frozen_step_1_v1,2026-07-22
2024-04-16,85.36000061035156,90.0199966430664,1.0122281805039874,-0.0012230057149018592,1.3768470292690331,True,1.5072269874521023,0.0,-0.0,1.014685500884075,final_test_2024_2026,frozen_step_1_v1,2026-07-22
2024-04-17,82.69000244140625,87.29000091552734,1.01222953144824,0.00014262551367227871,1.5701750313978151,True,1.5579720269326565,0.0,0.0,1.014685500884075,final_test_2024_2026,frozen_step_1_v1,2026-07-22
2024-04-18,82.7300033569336,87.11000061035156,1.0122046528889908,-0.0023012886281268408,0.9576068596092684,True,1.6050517973785428,0.0,-0.0,1.014685500884075,final_test_2024_2026,frozen_step_1_v1,2026-07-22
2024-04-19,83.13999938964844,87.29000091552734,1.0121507436033907,-0.005002684372479749,0.3181081485863158,True,1.6342129601707451,0.0,-0.0,1.014685500884075,final_test_2024_2026,frozen_step_1_v1,2026-07-22
2024-04-22,82.8499984741211,87.0,1.012101924569434,-0.004578191562876199,0.3691049355231166,True,1.65878906861975,0.0,0.0,1.014685500884075,final_test_2024_2026,frozen_step_1_v1,2026-07-22
2024-04-23,83.36000061035156,88.41999816894531,1.0121539449893773,0.005170634697756249,2.523542449941073,True,1.7144307766365277,-1.7144307766365277,-0.0008572153883182639,1.0138160695566096,final_test_2024_2026,frozen_step_1_v1,2026-07-22
2024-04-24,82.80999755859375,88.0199966430664,1.012228396480192,0.0070079159103313415,2.5870810241202506,True,1.4413595234824836,-1.4413595234824836,-0.0019821341035723005,1.0118085404036652,final_test_2024_2026,frozen_step_1_v1,2026-07-22
2024-04-25,83.56999969482422,89.01000213623047,1.0123166063655666,0.008554731488322531,2.5471862240478664,True,1.4825664169738944,-1.4825664169738944,-0.0014082234910506941,1.0103846906332725,final_test_2024_2026,frozen_step_1_v1,2026-07-22
2024-04-26,83.8499984741211,89.5,1.012424512959685,0.010180621159583403,2.502148224261163,True,1.527410575768449,-1.527410575768449,-0.0015723967496863774,1.0087972134288634,final_test_2024_2026,frozen_step_1_v1,2026-07-22
2024-04-29,82.62999725341797,88.4000015258789,1.012548415145812,0.012105827210994846,2.505493942837261,True,1.5725761102742932,-1.5725761102742932,-0.0018989254284629599,1.006883400417305,final_test_2024_2026,frozen_step_1_v1,2026-07-22
2024-04-30,81.93000030517578,87.86000061035156,1.0126951364612229,0.013946357318264546,2.4623181096691815,True,1.6157330977381088,-1.6157330977381088,-0.001964856404568094,1.0049069614645723,final_test_2024_2026,frozen_step_1_v1,2026-07-22
2024-05-01,79.0,83.44000244140625,1.0126884829647471,-0.0007616771564604718,0.23059009839915462,True,1.6606225739026617,0.0,0.011022653849294713,1.0160449755171368,final_test_2024_2026,frozen_step_1_v1,2026-07-22
2024-05-02,78.94999694824219,83.66999816894531,1.0127156982807002,0.0025132367804028277,0.6321840664591085,True,1.172699827562166,0.0,0.0,1.0160449755171368,final_test_2024_2026,frozen_step_1_v1,2026-07-22
2024-05-03,78.11000061035156,82.95999908447266,1.0127640645581861,0.004613154701422317,0.8783510808953982,True,1.1962080737852276,0.0,0.0,1.0160449755171368,final_test_2024_2026,frozen_step_1_v1,2026-07-22
2024-05-06,78.4800033569336,83.33000183105469,1.012807713377473,0.004086738691824188,0.7663721004052783,True,1.2300683089739965,0.0,-0.0,1.0160449755171368,final_test_2024_2026,frozen_step_1_v1,2026-07-22
2024-05-07,78.37999725341797,83.16000366210938,1.0128420146739416,0.003186419308939925,0.6176288480801785,True,1.2711333580245976,0.0,-0.0,1.0160449755171368,final_test_2024_2026,frozen_step_1_v1,2026-07-22
2024-05-08,78.98999786376953,83.58000183105469,1.012845783835048,0.00035568770317606635,0.2133398113115682,True,1.3124051323861192,0.0,-0.0,1.0160449755171368,final_test_2024_2026,frozen_step_1_v1,2026-07-22
2024-05-09,79.26000213623047,83.87999725341797,1.012850694015239,0.00046089688221240266,0.2126358629188513,True,1.3393445603354208,0.0,0.0,1.0160449755171368,final_test_2024_2026,frozen_step_1_v1,2026-07-22
2024-05-10,78.26000213623047,82.79000091552734,1.0128530411071723,0.00023091791517337867,0.1733071015100538,True,1.3847338980355899,0.0,-0.0,1.0160449755171368,final_test_2024_2026,frozen_step_1_v1,2026-07-22
2024-05-13,79.12000274658203,83.36000061035156,1.012813122326999,-0.0038028551851265746,-0.40734015264350193,True,1.431559311832483,0.0,-0.0,1.0160449755171368,final_test_2024_2026,frozen_step_1_v1,2026-07-22
2024-05-14,78.0199966430664,82.37999725341797,1.0127989276973244,-0.0013869874604610644,-0.13278393805659586,True,1.4368374060136888,0.0,0.0,1.0160449755171368,final_test_2024_2026,frozen_step_1_v1,2026-07-22
2024-05-15,78.62999725341797,82.75,1.0127503225194923,-0.004581268739981326,-0.6971190314818736,True,1.4681120491284623,0.0,-0.0,1.0160449755171368,final_test_2024_2026,frozen_step_1_v1,2026-07-22
2024-05-16,79.2300033569336,83.2699966430664,1.0126898207204935,-0.0057511592168122405,-0.9595696763489395,True,1.4886824300043004,0.0,-0.0,1.0160449755171368,final_test_2024_2026,frozen_step_1_v1,2026-07-22
2024-05-17,80.05999755859375,83.9800033569336,1.01261188747742,-0.007472689665917187,-1.3088811527722992,True,1.5355677205262772,0.0,-0.0,1.0160449755171368,final_test_2024_2026,frozen_step_1_v1,2026-07-22
2024-05-20,79.80000305175781,83.70999908447266,1.0125364549917686,-0.007068808741697907,-1.249049023526259,True,1.5788613257321897,0.0,0.0,1.0160449755171368,final_test_2024_2026,frozen_step_1_v1,2026-07-22
2024-05-21,79.26000213623047,82.87999725341797,1.012436221210069,-0.009720151867860238,-1.7721910914065537,True,1.6313007439750289,0.0,-0.0,1.0160449755171368,final_test_2024_2026,frozen_step_1_v1,2026-07-22
2024-05-22,77.56999969482422,81.9000015258789,1.012438231223493,0.0001972666506580012,-0.02931594461159591,True,1.6610593785475987,0.0,0.0,1.0160449755171368,final_test_2024_2026,frozen_step_1_v1,2026-07-22
2024-05-23,76.87000274658203,81.36000061035156,1.0124657713813277,0.002640218285447027,0.3563116659438182,True,1.3944144591037306,0.0,0.0,1.0160449755171368,final_test_2024_2026,frozen_step_1_v1,2026-07-22
2024-05-24,77.72000122070312,82.12000274658203,1.012473718405997,0.0007694841173924161,0.014111120114571498,True,1.427051129177231,0.0,-0.0,1.0160449755171368,final_test_2024_2026,frozen_step_1_v1,2026-07-22
2024-05-28,79.83000183105469,84.22000122070312,1.012463461222378,-0.0010556656540057219,-0.3072582711177823,True,1.464911536595474,0.0,-0.0,1.0160449755171368,final_test_2024_2026,frozen_step_1_v1,2026-07-22
2024-05-29,79.2300033569336,83.5999984741211,1.0124553132360212,-0.0007706073264639457,-0.2574318551138707,True,1.5042804038869317,0.0,0.0,1.0160449755171368,final_test_2024_2026,frozen_step_1_v1,2026-07-22
2024-05-30,77.91000366210938,81.86000061035156,1.0124096822717559,-0.004594928568501189,-0.9233881526935521,True,1.5550464093322167,0.0,-0.0,1.0160449755171368,final_test_2024_2026,frozen_step_1_v1,2026-07-22
2024-05-31,76.98999786376953,81.62000274658203,1.0124559327695222,0.004294317891178956,0.6364493583324784,True,1.5579612410386838,0.0,0.0,1.0160449755171368,final_test_2024_2026,frozen_step_1_v1,2026-07-22
2024-06-03,74.22000122070312,78.36000061035156,1.012461483405949,0.0006079001523850991,-0.03145372491970241,True,1.3819001149838248,0.0,-0.0,1.0160449755171368,final_test_2024_2026,frozen_step_1_v1,2026-07-22
2024-06-04,73.25,77.5199966430664,1.0124929090201444,0.003014646086679562,0.3535213591466564,True,1.3936566115354707,0.0,0.0,1.0160449755171368,final_test_2024_2026,frozen_step_1_v1,2026-07-22
2024-06-05,74.06999969482422,78.41000366210938,1.0125244150053085,0.003023189837182194,0.3157898665004462,True,1.4266768601187456,0.0,0.0,1.0160449755171368,final_test_2024_2026,frozen_step_1_v1,2026-07-22
2024-06-06,75.55000305175781,79.87000274658203,1.0125384330523213,0.0013794690288113642,0.038826662380691976,True,1.4750177323492206,0.0,-0.0,1.0160449755171368,final_test_2024_2026,frozen_step_1_v1,2026-07-22
2024-06-07,75.52999877929688,79.62000274658203,1.0125229301418228,-0.0014203460814696811,-0.43327026711165656,True,1.5160278388716912,0.0,-0.0,1.0160449755171368,final_test_2024_2026,frozen_step_1_v1,2026-07-22
2024-06-10,77.73999786376953,81.62999725341797,1.0124686837209698,-0.005453882506234464,-1.1392464524499488,True,1.5413753964383545,0.0,-0.0,1.0160449755171368,final_test_2024_2026,frozen_step_1_v1,2026-07-22
2024-06-11,77.9000015258789,81.91999816894531,1.0124268165061683,-0.003806912890922831,-0.7630223450034268,True,1.5407998652625916,0.0,0.0,1.0160449755171368,final_test_2024_2026,frozen_step_1_v1,2026-07-22
2024-06-12,78.5,82.5999984741211,1.012392912611265,-0.00316046270587389,-0.5893416541116072,True,1.582652231026225,0.0,0.0,1.0160449755171368,final_test_2024_2026,frozen_step_1_v1,2026-07-22
2024-06-13,78.62000274658203,82.75,1.012362496046877,-0.0027598142578444396,-0.4657739401571622,True,1.6344916776181662,0.0,0.0,1.0160449755171368,final_test_2024_2026,frozen_step_1_v1,2026-07-22
2024-06-14,78.44999694824219,82.62000274658203,1.012340101172648,-0.002042840601011342,-0.259665067649268,True,1.689158076700391,0.0,0.0,1.0160449755171368,final_test_2024_2026,frozen_step_1_v1,2026-07-22
2024-06-17,80.33000183105469,84.25,1.012277263912685,-0.006204441040903674,-1.3254171170795395,True,1.7439139411821598,0.0,-0.0,1.0160449755171368,final_test_2024_2026,frozen_step_1_v1,2026-07-22
2024-06-18,81.56999969482422,85.33000183105469,1.012187095332774,-0.0085764609992518,-1.8871737648371074,True,1.7226690906493602,1.7226690906493602,-0.0008613345453246801,1.015170197672392,final_test_2024_2026,frozen_step_1_v1,2026-07-22
2024-06-20,82.16999816894531,85.70999908447266,1.012066671634619,-0.011020179678803643,-2.395358693422576,True,1.7567013039485977,1.7567013039485977,-0.0025636595026338953,1.0125709801262994,final_test_2024_2026,frozen_step_1_v1,2026-07-22
2024-06-21,80.7300033569336,85.23999786376953,1.012080820868089,0.0013122702941137376,0.9450118965311622,True,1.7893668559082068,0.0,0.009943147756234234,1.0226893438244888,final_test_2024_2026,frozen_step_1_v1,2026-07-22
2024-06-24,81.62999725341797,86.01000213623047,1.0120715465608694,-0.0008745381518195927,0.3859745443154494,True,1.333917171395239,0.0,-0.0,1.0226893438244888,final_test_2024_2026,frozen_step_1_v1,2026-07-22
2024-06-25,80.83000183105469,85.01000213623047,1.0120455549941667,-0.002487556514183531,-0.004775021839071998,True,1.3677037971857748,0.0,-0.0,1.0226893438244888,final_test_2024_2026,frozen_step_1_v1,2026-07-22
2024-06-26,80.9000015258789,85.25,1.0120399061910446,-0.0005196093081405451,0.5155585034703373,True,1.4076116896329691,0.0,0.0,1.0226893438244888,final_test_2024_2026,frozen_step_1_v1,2026-07-22
2024-06-27,81.73999786376953,86.38999938964844,1.01206278286949,0.002209480786186546,1.1748521016288263,True,1.445142348114046,0.0,0.0,1.0226893438244888,final_test_2024_2026,frozen_step_1_v1,2026-07-22
2024-06-28,81.54000091552734,86.41000366210938,1.012114348850307,0.004693359105764294,1.7330903524029382,True,1.473708772454861,0.0,0.0,1.0226893438244888,final_test_2024_2026,frozen_step_1_v1,2026-07-22
2024-07-01,83.37999725341797,86.5999984741211,1.011951452297413,-0.01497479652037459,-3.0662041779983795,True,1.506261280801133,1.506261280801133,-0.0007531306404005665,1.021919415108889,final_test_2024_2026,frozen_step_1_v1,2026-07-22
2024-07-02,82.80999755859375,86.23999786376953,1.0118266607220583,-0.011647739364860854,-1.9408352401927833,False,0.9582272434543188,0.9582272434543188,0.0018041863850747314,1.02376481242405,final_test_2024_2026,frozen_step_1_v1,2026-07-22
2024-07-03,83.87999725341797,87.33999633789062,1.0117086557435033,-0.011440836728207948,-1.790411117125232,False,0.9802382377024209,0.9802382377024209,-0.0001614139840625713,1.023599575803043,final_test_2024_2026,frozen_step_1_v1,2026-07-22
2024-07-05,83.16000366210938,86.54000091552734,1.0115893077686038,-0.011393385273811063,-1.6852691009431382,False,1.0134677038477993,1.0134677038477993,-0.00025057967855257227,1.023343114683686,final_test_2024_2026,frozen_step_1_v1,2026-07-22
2024-07-08,82.33000183105469,85.75,1.011485241541706,-0.009957861058394357,-1.3760738796554353,False,1.0479287357313756,1.0479287357313756,0.0004747521290974152,1.0238290643498713,final_test_2024_2026,frozen_step_1_v1,2026-07-22
2024-07-09,81.41000366210938,84.66000366210938,1.0113734519062019,-0.010892362960635005,-1.452039946244076,False,1.080809538873404,1.080809538873404,-0.0007595141716299095,1.0230517468953493,final_test_2024_2026,frozen_step_1_v1,2026-07-22
2024-07-10,82.0999984741211,85.08000183105469,1.0112260008228078,-0.013829501610172379,-1.8834107656238004,False,1.1168308591674958,1.1168308591674958,-0.001945532017135074,1.0210633018854982,final_test_2024_2026,frozen_step_1_v1,2026-07-22
2024-07-11,82.62000274658203,85.4000015258789,1.011057706143229,-0.015717195965040176,-2.044019700987594,False,1.144532452540615,1.144532452540615,-0.0014746132739069718,1.019558737984626,final_test_2024_2026,frozen_step_1_v1,2026-07-22
2024-07-12,82.20999908447266,85.02999877929688,1.0109050343913122,-0.014356133636050039,-1.6221896858578386,False,1.1793813647745837,1.1793813647745837,0.000374067425525745,1.019940193037423,final_test_2024_2026,frozen_step_1_v1,2026-07-22
2024-07-15,81.91000366210938,84.8499984741211,1.0107743751454548,-0.012203969323828723,-1.1550507532194478,False,1.2158030497798533,1.2158030497798533,0.0009064122012727529,1.0208650983823815,final_test_2024_2026,frozen_step_1_v1,2026-07-22
2024-07-16,80.76000213623047,83.7300033569336,1.010665774794204,-0.01072299969137891,-0.8623603877580537,False,1.2481918391589164,1.2481918391589164,0.0005909005207739116,1.0214685063601425,final_test_2024_2026,frozen_step_1_v1,2026-07-22
2024-07-17,82.8499984741211,85.08000183105469,1.010467157753481,-0.019673481474073107,-2.2283399640624832,False,1.28589632485554,1.28589632485554,-0.0061197937263199045,1.0152364187987348,final_test_2024_2026,frozen_step_1_v1,2026-07-22
2024-07-18,82.81999969482422,85.11000061035156,1.0102706066822291,-0.018086905816783627,-1.7618773466223596,False,1.1952492904765406,1.1952492904765406,0.00041421333352840013,1.0156570303655306,final_test_2024_2026,frozen_step_1_v1,2026-07-22
2024-07-19,80.12999725341797,82.62999725341797,1.010140277927535,-0.013728936231499844,-0.9903254645460883,False,1.230879586676999,1.230879586676999,0.00223362074112381,1.0179281584495874,final_test_2024_2026,frozen_step_1_v1,2026-07-22
2024-07-22,79.77999877929688,82.4000015258789,1.0100163082878981,-0.011551522496899835,-0.601391296368719,False,1.2365959655567431,1.2365959655567431,0.000998013968069304,1.018944572083348,final_test_2024_2026,frozen_step_1_v1,2026-07-22
2024-07-23,76.95999908447266,81.01000213623047,1.0100907124433152,0.007459987740009666,2.4093020208113263,True,1.2696610972518427,0.0,0.011276716635158791,1.0304999522108906,final_test_2024_2026,frozen_step_1_v1,2026-07-22
2024-07-24,77.58999633789062,81.70999908447266,1.010168667136389,0.007489546755371279,2.1968903991313455,False,0.9109843334008284,0.0,0.0,1.0304999522108906,final_test_2024_2026,frozen_step_1_v1,2026-07-22
2024-07-25,78.27999877929688,82.37000274658203,1.0102345863969917,0.006303412874562042,1.82373667258017,False,0.9416686191166433,0.0,-0.0,1.0304999522108906,final_test_2024_2026,frozen_step_1_v1,2026-07-22
2024-07-26,77.16000366210938,81.12999725341797,1.0102897236146726,0.005453620278643712,1.5833187923877081,False,0.971679794992037,0.0,-0.0,1.0304999522108906,final_test_2024_2026,frozen_step_1_v1,2026-07-22
2024-07-29,75.80999755859375,79.77999877929688,1.0103523318528471,0.006235378175704298,1.5865332962845566,False,1.0034051253805452,0.0,0.0,1.0304999522108906,final_test_2024_2026,frozen_step_1_v1,2026-07-22
2024-07-30,74.7300033569336,78.62999725341797,1.0104127508632064,0.005952233201190538,1.4593354990630165,False,1.037042523832259,0.0,-0.0,1.0304999522108906,final_test_2024_2026,frozen_step_1_v1,2026-07-22
2024-07-31,77.91000366210938,80.72000122070312,1.0103197014769871,-0.00951599095497535,-0.3936474654013211,True,1.0717865433491112,0.0,-0.0,1.0304999522108906,final_test_2024_2026,frozen_step_1_v1,2026-07-22
2024-08-01,76.30999755859375,79.5199966430664,1.010284882333858,-0.0033783878367428244,0.323769626375021,False,0.899585038747079,0.0,0.0,1.0304999522108906,final_test_2024_2026,frozen_step_1_v1,2026-07-22
2024-08-02,73.5199966430664,76.80999755859375,1.010281037595292,-0.0004059736920041246,0.6445139837331448,False,0.9041925018467162,0.0,0.0,1.0304999522108906,final_test_2024_2026,frozen_step_1_v1,2026-07-22
2024-08-05,72.94000244140625,76.30000305175781,1.010290618639116,0.0008927387159065603,0.7523208503630155,False,0.9287837210727334,0.0,0.0,1.0304999522108906,final_test_2024_2026,frozen_step_1_v1,2026-07-22
2024-08-06,73.19999694824219,76.4800033569336,1.010287012649033,-0.00033022181186836974,0.6146274630648605,False,0.9591262008895072,0.0,-0.0,1.0304999522108906,final_test_2024_2026,frozen_step_1_v1,2026-07-22
2024-08-07,75.2300033569336,78.33000183105469,1.010248218691945,-0.003897380063333955,0.20315490407067197,False,0.9901858045551906,0.0,-0.0,1.0304999522108906,final_test_2024_2026,frozen_step_1_v1,2026-07-22
2024-08-08,76.19000244140625,79.16000366210938,1.0101854694506478,-0.005895069891844962,-0.020333618539750152,False,1.0119255823318394,0.0,-0.0,1.0304999522108906,final_test_2024_2026,frozen_step_1_v1,2026-07-22
2024-08-09,76.83999633789062,79.66000366210938,1.0101006780697555,-0.007812035940261808,-0.22112611234769497,False,1.0425140198954324,0.0,-0.0,1.0304999522108906,final_test_2024_2026,frozen_step_1_v1,2026-07-22
2024-08-12,80.05999755859375,82.30000305175781,1.0099446113504258,-0.015990185474576535,-1.144218675976622,False,1.0743126752956844,0.0,-0.0,1.0304999522108906,final_test_2024_2026,frozen_step_1_v1,2026-07-22
2024-08-13,78.3499984741211,80.69000244140625,1.0098063614319108,-0.013338632900708802,-0.7594353458186016,False,1.0419344591664361,0.0,0.0,1.0304999522108906,final_test_2024_2026,frozen_step_1_v1,2026-07-22
2024-08-14,76.9800033569336,79.76000213623047,1.0097335201404696,-0.006801528495562259,0.007672055410904887,False,1.068722480584663,0.0,0.0,1.0304999522108906,final_test_2024_2026,frozen_step_1_v1,2026-07-22
2024-08-15,78.16000366210938,81.04000091552734,1.0096707259108508,-0.005967537808518664,0.08821248270331376,False,1.0563879087706953,0.0,0.0,1.0304999522108906,final_test_2024_2026,frozen_step_1_v1,2026-07-22
2024-08-16,76.6500015258789,79.68000030517578,1.0096387901426545,-0.0030561246326934466,0.4172503299747419,False,1.0915692474728584,0.0,0.0,1.0304999522108906,final_test_2024_2026,frozen_step_1_v1,2026-07-22
2024-08-19,74.37000274658203,77.66000366210938,1.009655648569268,0.0016810015487802588,0.957449600771328,False,1.1182682044860852,0.0,0.0,1.0304999522108906,final_test_2024_2026,frozen_step_1_v1,2026-07-22
2024-08-20,74.04000091552734,77.19999694824219,1.009658055858651,0.00021979706044561453,0.7259630522501664,False,1.1280391422808482,0.0,-0.0,1.0304999522108906,final_test_2024_2026,frozen_step_1_v1,2026-07-22
2024-08-21,71.93000030517578,76.05000305175781,1.0098016308829842,0.013788861960414067,2.298756868447984,True,1.1627720144245053,-1.1627720144245053,-0.0005813860072122526,1.0299010080839803,final_test_2024_2026,frozen_step_1_v1,2026-07-22
2024-08-22,73.01000213623047,77.22000122070312,1.0099416012651714,0.013406660247704316,2.0113435477908554,False,0.9981152001395704,-0.9981152001395704,-0.000208657664834549,1.0296861337629895,final_test_2024_2026,frozen_step_1_v1,2026-07-22
2024-08-23,74.83000183105469,79.0199966430664,1.0100544364882038,0.011094949591088366,1.5866450990503096,False,1.0310042649747182,-1.0310042649747182,0.0008897323346709184,1.0306026864935973,final_test_2024_2026,frozen_step_1_v1,2026-07-22
2024-08-26,77.41999816894531,81.43000030517578,1.0101193432774194,0.0064871333460860825,0.9819424992579884,False,1.0582277966428284,-1.0582277966428284,0.0022050496882560964,1.0328777239897111,final_test_2024_2026,frozen_step_1_v1,2026-07-22
2024-08-27,75.52999877929688,79.55000305175781,1.0101993663754287,0.007748416007376413,1.053080009733078,False,1.0678335473076985,-1.0678335473076985,-0.0008509899947287494,1.0319991292714972,final_test_2024_2026,frozen_step_1_v1,2026-07-22
2024-08-28,74.5199966430664,78.6500015258789,1.0103027857234521,0.009524143520287964,1.174044754513823,False,1.1023981197633153,-1.1023981197633153,-0.0011974003761148883,1.030764152654246,final_test_2024_2026,frozen_step_1_v1,2026-07-22
2024-08-29,75.91000366210938,79.94000244140625,1.0103752109176118,0.006807928932864193,0.8202231588994182,True,1.136139011370668,-1.136139011370668,0.0013006786668919893,1.0321057178817017,final_test_2024_2026,frozen_step_1_v1,2026-07-22
2024-08-30,73.55000305175781,78.80000305175781,1.0106233534143105,0.023288740704721533,2.735621787791518,True,1.162706676052585,-1.162706676052585,-0.009929937351152444,1.0219076894518464,final_test_2024_2026,frozen_step_1_v1,2026-07-22
2024-09-03,70.33999633789062,73.75,1.0106414564662025,0.002078681672451843,0.06116995912251961,False,0.9311676060656904,0.0,0.01163950870873648,1.0338716853485845,final_test_2024_2026,frozen_step_1_v1,2026-07-22
2024-09-04,69.19999694824219,72.69999694824219,1.0106852353012823,0.004067173321340434,0.24147604301463865,False,0.7276150229886538,0.0,0.0,1.0338716853485845,final_test_2024_2026,frozen_step_1_v1,2026-07-22
2024-09-05,69.1500015258789,72.69000244140625,1.0107360905414302,0.004444711878653251,0.3001684926321217,False,0.7508154234371085,0.0,0.0,1.0338716853485845,final_test_2024_2026,frozen_step_1_v1,2026-07-22
2024-09-06,67.66999816894531,71.05999755859375,1.0107717289478375,0.003482641869889669,0.2009929298241,False,0.7761965836711018,0.0,-0.0,1.0338716853485845,final_test_2024_2026,frozen_step_1_v1,2026-07-22
2024-09-09,68.70999908447266,71.83999633789062,1.01076120586251,-0.0009721307282513081,-0.31197029665735987,False,0.8020379112431784,0.0,-0.0,1.0338716853485845,final_test_2024_2026,frozen_step_1_v1,2026-07-22
2024-09-10,65.75,69.19000244140625,1.010816171365954,0.00572173222238348,0.5030395791656465,False,0.8195820143618985,0.0,0.0,1.0338716853485845,final_test_2024_2026,frozen_step_1_v1,2026-07-22
2024-09-11,67.30999755859375,70.61000061035156,1.010839508215396,0.002236171343117377,0.09361402115004658,False,0.8245286926950097,0.0,-0.0,1.0338716853485845,final_test_2024_2026,frozen_step_1_v1,2026-07-22
2024-09-12,68.97000122070312,71.97000122070312,1.010805978106666,-0.00317122576947515,-0.5335250635589466,False,0.8457915634661378,0.0,-0.0,1.0338716853485845,final_test_2024_2026,frozen_step_1_v1,2026-07-22
2024-09-13,68.6500015258789,71.61000061035156,1.0107685655419796,-0.0033269083788054488,-0.5915007799205366,False,0.8582172640065807,0.0,-0.0,1.0338716853485845,final_test_2024_2026,frozen_step_1_v1,2026-07-22
2024-09-16,70.08999633789062,72.75,1.0106814276182852,-0.008144890511561087,-1.1783996806670523,False,0.8873597107123792,0.0,-0.0,1.0338716853485845,final_test_2024_2026,frozen_step_1_v1,2026-07-22
2024-09-17,71.19000244140625,73.69999694824219,1.0105681805126256,-0.010426649666078092,-1.3938317388646242,False,0.9032231350041219,0.0,-0.0,1.0338716853485845,final_test_2024_2026,frozen_step_1_v1,2026-07-22
2024-09-18,70.91000366210938,73.6500015258789,1.010490496021291,-0.006791675918496942,-0.8876150593207335,False,0.9309875372964129,0.0,0.0,1.0338716853485845,final_test_2024_2026,frozen_step_1_v1,2026-07-22
2024-09-19,71.94999694824219,74.87999725341797,1.0104404072785367,-0.0047274782614001865,-0.61657998310504,False,0.9514424989220156,0.0,0.0,1.0338716853485845,final_test_2024_2026,frozen_step_1_v1,2026-07-22
2024-09-20,71.91999816894531,74.48999786376953,1.0103390817028073,-0.00909481109512722,-1.1090873095070817,False,0.9797645702903882,0.0,-0.0,1.0338716853485845,final_test_2024_2026,frozen_step_1_v1,2026-07-22
2024-09-23,70.37000274658203,73.9000015258789,1.010390736452205,0.0047460009875193165,0.47204191994283584,False,0.9970963182618041,0.0,0.0,1.0338716853485845,final_test_2024_2026,frozen_step_1_v1,2026-07-22
2024-09-24,71.55999755859375,75.16999816894531,1.0104392114228609,0.004634935770134518,0.417750424953302,False,0.8839777724311532,0.0,0.0,1.0338716853485845,final_test_2024_2026,frozen_step_1_v1,2026-07-22
2024-09-25,69.69000244140625,73.45999908447266,1.0105208949460014,0.00803288096657706,0.7783839502908186,False,0.9138559891224012,0.0,0.0,1.0338716853485845,final_test_2024_2026,frozen_step_1_v1,2026-07-22
2024-09-26,67.66999816894531,71.5999984741211,1.0106375324315184,0.011618728687240676,1.1917021656349802,False,0.9370493486823867,0.0,0.0,1.0338716853485845,final_test_2024_2026,frozen_step_1_v1,2026-07-22
2024-09-27,68.18000030517578,71.9800033569336,1.0107357299269024,0.008909202344149492,0.7657450979040454,False,0.9598277917323893,0.0,-0.0,1.0338716853485845,final_test_2024_2026,frozen_step_1_v1,2026-07-22
2024-09-30,68.16999816894531,71.7699966430664,1.010800696405852,0.005861366693278747,0.31273990936985907,False,0.9850683643342386,0.0,-0.0,1.0338716853485845,final_test_2024_2026,frozen_step_1_v1,2026-07-22
2024-10-01,69.83000183105469,73.55999755859375,1.0108603942221333,0.0059236973251026726,0.2853028041102273,False,1.0091801573439945,0.0,0.0,1.0338716853485845,final_test_2024_2026,frozen_step_1_v1,2026-07-22
2024-10-02,70.0999984741211,73.9000015258789,1.0109305241376965,0.006336192882993252,0.32131754561266485,True,1.0432976697256127,0.0,0.0,1.0338716853485845,final_test_2024_2026,frozen_step_1_v1,2026-07-22
2024-10-03,73.70999908447266,77.62000274658203,1.010972232257301,0.00450458059302683,0.05125770760921819,True,1.078427693473838,0.0,-0.0,1.0338716853485845,final_test_2024_2026,frozen_step_1_v1,2026-07-22
2024-10-04,74.37999725341797,78.05000305175781,1.0109817363533282,0.0008402783933805225,-0.4074658552005453,True,1.1104434733906523,0.0,-0.0,1.0338716853485845,final_test_2024_2026,frozen_step_1_v1,2026-07-22
2024-10-07,77.13999938964844,80.93000030517578,1.0109840244854718,0.0002302245636158773,-0.4467237967266396,True,1.1306485331971738,0.0,-0.0,1.0338716853485845,final_test_2024_2026,frozen_step_1_v1,2026-07-22
2024-10-08,73.56999969482422,77.18000030517578,1.0109903787973316,0.0006637738521888537,-0.34057773539781666,True,1.1685332970782008,0.0,0.0,1.0338716853485845,final_test_2024_2026,frozen_step_1_v1,2026-07-22
2024-10-09,73.23999786376953,76.58000183105469,1.0109623229541096,-0.0024751037735795123,-0.7666636554702259,True,1.2077916481509126,0.0,-0.0,1.0338716853485845,final_test_2024_2026,frozen_step_1_v1,2026-07-22
2024-10-10,75.8499984741211,79.4000015258789,1.0109458125832824,-0.0016410685526437874,-0.5969193963832419,True,1.232930524079127,0.0,0.0,1.0338716853485845,final_test_2024_2026,frozen_step_1_v1,2026-07-22
2024-10-11,75.55999755859375,79.04000091552734,1.0109202761850742,-0.002202342732787521,-0.6325612540148818,True,1.2732068006421564,0.0,-0.0,1.0338716853485845,final_test_2024_2026,frozen_step_1_v1,2026-07-22
2024-10-14,73.83000183105469,77.45999908447266,1.0109306914509455,0.000975216541477586,-0.12408107650660785,True,1.3159570120422592,0.0,0.0,1.0338716853485845,final_test_2024_2026,frozen_step_1_v1,2026-07-22
2024-10-15,70.58000183105469,74.25,1.0109694789465542,0.0039966386045628965,0.5321228592222899,True,1.3380710248546257,0.0,0.0,1.0338716853485845,final_test_2024_2026,frozen_step_1_v1,2026-07-22
2024-10-16,70.38999938964844,74.22000122070312,1.0110395915705337,0.006019485373964351,0.8855005847173323,True,1.3630442633362292,0.0,0.0,1.0338716853485845,final_test_2024_2026,frozen_step_1_v1,2026-07-22
2024-10-17,70.66999816894531,74.44999694824219,1.011095005070795,0.004863823330972572,0.6582629021581355,True,1.3995590808327707,0.0,-0.0,1.0338716853485845,final_test_2024_2026,frozen_step_1_v1,2026-07-22
2024-10-18,69.22000122070312,73.05999755859375,1.0111651753732889,0.006681047760423553,0.9812689598632514,True,1.4428871741156815,0.0,0.0,1.0338716853485845,final_test_2024_2026,frozen_step_1_v1,2026-07-22
2024-10-21,70.55999755859375,74.29000091552734,1.0112057961046648,0.003815927658568974,0.44127188234986164,True,1.4829181848886126,0.0,-0.0,1.0338716853485845,final_test_2024_2026,frozen_step_1_v1,2026-07-22
2024-10-22,72.08999633789062,76.04000091552734,1.0112596322252594,0.0051764892135635066,0.6541781886974639,True,1.5065536316391828,0.0,0.0,1.0338716853485845,final_test_2024_2026,frozen_step_1_v1,2026-07-22
2024-10-23,70.7699966430664,74.95999908447266,1.0113583480857,0.00913934415549189,1.3632511806126226,True,1.5517612904541935,0.0,0.0,1.0338716853485845,final_test_2024_2026,frozen_step_1_v1,2026-07-22
2024-10-24,70.19000244140625,74.37999725341797,1.0114608240032146,0.009258843589986299,1.3039601647651013,True,1.552289472266873,0.0,0.0,1.0338716853485845,final_test_2024_2026,frozen_step_1_v1,2026-07-22
2024-10-25,71.77999877929688,76.05000305175781,1.0115484607154939,0.008431620631982106,1.0743371085049445,True,1.6045098943618503,0.0,-0.0,1.0338716853485845,final_test_2024_2026,frozen_step_1_v1,2026-07-22
2024-10-28,67.37999725341797,71.41999816894531,1.0116306892287166,0.009260467886120338,1.145364676260131,True,1.6548769923021684,0.0,0.0,1.0338716853485845,final_test_2024_2026,frozen_step_1_v1,2026-07-22
2024-10-29,67.20999908447266,71.12000274658203,1.0117131476251042,0.007259756819450125,0.7367864188629996,True,1.7087658464134017,0.0,-0.0,1.0338716853485845,final_test_2024_2026,frozen_step_1_v1,2026-07-22
2024-10-30,68.61000061035156,72.55000305175781,1.0117769705886601,0.006039522234641659,0.4633317103553441,True,1.745841563375644,0.0,-0.0,1.0338716853485845,final_test_2024_2026,frozen_step_1_v1,2026-07-22
2024-10-31,69.26000213623047,73.16000366210938,1.0118288344826483,0.004652269718159019,0.11646571067887823,True,1.796372235312929,0.0,-0.0,1.0338716853485845,final_test_2024_2026,frozen_step_1_v1,2026-07-22
2024-11-01,69.48999786376953,73.0999984741211,1.0118340599682016,0.00045510739128218347,-0.8969966550814253,True,1.8460988372422429,0.0,-0.0,1.0338716853485845,final_test_2024_2026,frozen_step_1_v1,2026-07-22
2024-11-04,71.47000122070312,75.08000183105469,1.0118218488796988,-0.0011943191625638505,-1.6054459282615403,True,1.8112700377398498,0.0,-0.0,1.0338716853485845,final_test_2024_2026,frozen_step_1_v1,2026-07-22
2024-11-05,71.98999786376953,75.52999877929688,1.0117944189368802,-0.0024364319270366863,-1.8119924038615574,True,1.8591305062680827,1.8591305062680827,-0.0009295652531340414,1.03291108069521,final_test_2024_2026,frozen_step_1_v1,2026-07-22
2024-11-06,71.69000244140625,74.91999816894531,1.011727629432377,-0.006035001657919814,-2.550207175558072,True,1.9145266352112869,1.9145266352112869,-0.0036168870444589895,1.0291819060564653,final_test_2024_2026,frozen_step_1_v1,2026-07-22
2024-11-07,72.36000061035156,75.62999725341797,1.0116646280407173,-0.005744572857740771,-2.1741013327387377,True,1.9038435422564333,1.9038435422564333,1.4337979515168356e-05,1.0291966625513407,final_test_2024_2026,frozen_step_1_v1,2026-07-22
2024-11-08,70.37999725341797,73.87000274658203,1.0116526385189297,-0.001171529098047408,-0.986163709069451,True,1.9671963875950473,1.9671963875950473,0.004247992883427731,1.0335779819677877,final_test_2024_2026,frozen_step_1_v1,2026-07-22
2024-11-11,68.04000091552734,71.83000183105469,1.0117009905526109,0.004827159730430353,0.4319019437398575,True,1.8876511215011467,0.0,0.005082064238481084,1.0388440616110635,final_test_2024_2026,frozen_step_1_v1,2026-07-22
2024-11-12,68.12000274658203,71.88999938964844,1.0117493133971462,0.0042692336987588675,0.31500258894881117,True,1.7520365952817722,0.0,-0.0,1.0388440616110635,final_test_2024_2026,frozen_step_1_v1,2026-07-22
2024-11-13,68.43000030517578,72.27999877929688,1.0118028015053162,0.004859707091301679,0.46464799798581363,True,1.8092751551998276,0.0,0.0,1.0388440616110635,final_test_2024_2026,frozen_step_1_v1,2026-07-22
2024-11-14,68.69999694824219,72.55999755859375,1.0118528068706587,0.004530217510108514,0.40360755173629176,True,1.8685472194348332,0.0,-0.0,1.0388440616110635,final_test_2024_2026,frozen_step_1_v1,2026-07-22
2024-11-15,67.0199966430664,71.04000091552734,1.0119345635074846,0.008067346828337207,1.217749881789793,True,1.9306947586723435,0.0,0.0,1.0388440616110635,final_test_2024_2026,frozen_step_1_v1,2026-07-22
2024-11-18,69.16000366210938,73.30000305175781,1.012005976678583,0.007275544457958638,0.9604519093530265,True,1.9178347441822952,0.0,-0.0,1.0388440616110635,final_test_2024_2026,frozen_step_1_v1,2026-07-22
2024-11-19,69.38999938964844,73.30999755859375,1.0120498478337534,0.003865980752046916,0.13706384671343505,True,1.9765317052094828,0.0,-0.0,1.0388440616110635,final_test_2024_2026,frozen_step_1_v1,2026-07-22
2024-11-20,68.87000274658203,72.80999755859375,1.0120981230266322,0.004430638619512095,0.24100767035573112,True,1.9595010619045792,0.0,0.0,1.0388440616110635,final_test_2024_2026,frozen_step_1_v1,2026-07-22
2024-11-21,70.0999984741211,74.2300033569336,1.0121557429225276,0.0055846854191416995,0.4633062027143749,True,2.0,0.0,0.0,1.0388440616110635,final_test_2024_2026,frozen_step_1_v1,2026-07-22
2024-11-22,71.23999786376953,75.16999816894531,1.012174566352337,0.00176039969379449,-0.49299436294964954,True,2.0,0.0,-0.0,1.0388440616110635,final_test_2024_2026,frozen_step_1_v1,2026-07-22
2024-11-25,68.94000244140625,73.01000213623047,1.0122299454099764,0.005587598342468247,0.39941718420099104,True,2.0,0.0,0.0,1.0388440616110635,final_test_2024_2026,frozen_step_1_v1,2026-07-22
2024-11-26,68.7699966430664,72.80999755859375,1.0122868634460984,0.005102857143061357,0.2441525136320244,True,1.9935297936161585,0.0,-0.0,1.0388440616110635,final_test_2024_2026,frozen_step_1_v1,2026-07-22
2024-11-27,68.72000122070312,72.83000183105469,1.0123522642754967,0.005837112306611658,0.4165583515137295,True,2.0,0.0,0.0,1.0388440616110635,final_test_2024_2026,frozen_step_1_v1,2026-07-22
2024-11-29,68.0,72.94000244140625,1.0125420761603714,0.01720812667826621,3.235262009753444,True,2.0,-2.0,-0.001,1.0378057367983857,final_test_2024_2026,frozen_step_1_v1,2026-07-22
2024-12-02,68.0999984741211,71.83000183105469,1.0125458871959712,0.00036914713728730675,-0.8937957705869286,True,1.5265150905087883,0.0,0.015718053695289568,1.0542468961162934,final_test_2024_2026,frozen_step_1_v1,2026-07-22
2024-12-03,69.94000244140625,73.62000274658203,1.012526597180971,-0.0019294485561101027,-1.3270124061948363,True,1.0508417218304609,0.0,-0.0,1.0542468961162934,final_test_2024_2026,frozen_step_1_v1,2026-07-22
2024-12-04,68.54000091552734,72.30999755859375,1.0125324255298866,0.000565073243776304,-0.7380198817849571,True,1.0811890243694233,0.0,0.0,1.0542468961162934,final_test_2024_2026,frozen_step_1_v1,2026-07-22
2024-12-05,68.30000305175781,72.08999633789062,1.0125436900340938,0.0010220609545523729,-0.6076591209046612,True,1.109648950493067,0.0,0.0,1.0542468961162934,final_test_2024_2026,frozen_step_1_v1,2026-07-22
2024-12-06,67.19999694824219,71.12000274658203,1.012582799785351,0.0037511182441782864,0.0036128728748093613,True,1.1468932339446651,0.0,0.0,1.0542468961162934,final_test_2024_2026,frozen_step_1_v1,2026-07-22
2024-12-09,68.37000274658203,72.13999938964844,1.0125879283658854,0.0004913262077579361,-0.6474485633661085,True,1.1747849359006997,0.0,-0.0,1.0542468961162934,final_test_2024_2026,frozen_step_1_v1,2026-07-22
2024-12-10,68.58999633789062,72.19000244140625,1.0125659765522572,-0.001975924417761732,-1.1282140053526812,True,1.1985215340147657,0.0,-0.0,1.0542468961162934,final_test_2024_2026,frozen_step_1_v1,2026-07-22
2024-12-11,70.29000091552734,73.5199966430664,1.0124822506752602,-0.008154509950230704,-2.396157203088497,True,1.2298481360273896,1.2298481360273896,-0.0006149240680136948,1.0535988136074308,final_test_2024_2026,frozen_step_1_v1,2026-07-22
2024-12-12,70.0199966430664,73.41000366210938,1.0124213378721751,-0.005496194276726207,-1.5907037421786627,True,1.2115539464771252,1.2115539464771252,0.0014572179083661382,1.0551352558605518,final_test_2024_2026,frozen_step_1_v1,2026-07-22
2024-12-13,71.29000091552734,74.48999786376953,1.0123305616850906,-0.008702717476400501,-2.0949808489613675,True,1.238937248312912,1.238937248312912,-0.0021773214263835234,1.0528403865009603,final_test_2024_2026,frozen_step_1_v1,2026-07-22
2024-12-16,70.70999908447266,73.91000366210938,1.0122458269345191,-0.007888725621305603,-1.7358861226516304,True,1.2648380650620754,1.2648380650620754,0.0002660365303844429,1.0531205177653564,final_test_2024_2026,frozen_step_1_v1,2026-07-22
2024-12-17,70.08000183105469,73.19000244140625,1.0121584121433957,-0.00824748363975214,-1.669387749376777,True,1.3058883060833757,1.3058883060833757,-0.0004795318245389616,1.052615634025598,final_test_2024_2026,frozen_step_1_v1,2026-07-22
2024-12-18,70.58000183105469,73.38999938964844,1.0120254850399004,-0.01214861144312085,-2.215860722524616,True,1.3503296989733793,1.3503296989733793,-0.0029212753146961126,1.049545141019361,final_test_2024_2026,frozen_step_1_v1,2026-07-22
2024-12-19,69.91000366210938,72.87999725341797,1.011928933604739,-0.009059208860644041,-1.529185932557293,True,1.364998849492631,1.364998849492631,0.0017908418640490776,1.0514263944069866,final_test_2024_2026,frozen_step_1_v1,2026-07-22
2024-12-20,69.45999908447266,72.94000244140625,1.0119111805191414,-0.001626166387642236,-0.3452029993495568,True,1.3852283176443831,1.3852283176443831,0.004981775578130341,1.0566774336302678,final_test_2024_2026,frozen_step_1_v1,2026-07-22
2024-12-23,69.23999786376953,72.62999725341797,1.0118838364208176,-0.0025593697381340874,-0.5166120151037544,True,1.3052643301711089,1.3052643301711089,-0.0007622852254196865,1.055872250962992,final_test_2024_2026,frozen_step_1_v1,2026-07-22
2024-12-24,70.0999984741211,73.58000183105469,1.0118636017023557,-0.001968888747542863,-0.416463105033129,True,1.3477751207673654,1.3477751207673654,0.00030604296230955113,1.056195442687251,final_test_2024_2026,frozen_step_1_v1,2026-07-22
2024-12-26,69.62000274658203,73.26000213623047,1.0118699898252117,0.0005978815358842482,0.01615610605698674,True,1.3926314612789328,0.0,0.0010637852893116834,1.0573196056898402,final_test_2024_2026,frozen_step_1_v1,2026-07-22
2024-12-27,70.5999984741211,74.16999816894531,1.0118581188331448,-0.0011507608984437923,-0.2383079833598657,True,1.423079166782742,0.0,-0.0,1.0573196056898402,final_test_2024_2026,frozen_step_1_v1,2026-07-22
2024-12-30,70.98999786376953,74.38999938964844,1.0118193063865544,-0.0035977302914069753,-0.5947791107886892,True,1.462660691092707,0.0,-0.0,1.0573196056898402,final_test_2024_2026,frozen_step_1_v1,2026-07-22
2024-12-31,71.72000122070312,74.63999938964844,1.0117103920640338,-0.010128925380843867,-1.5874672492591675,True,1.4947785713772985,0.0,-0.0,1.0573196056898402,final_test_2024_2026,frozen_step_1_v1,2026-07-22
2025-01-02,73.12999725341797,75.93000030517578,1.0115872053865274,-0.012161825190676545,-1.795598642965774,True,1.4272747157180268,0.0,-0.0,1.0573196056898402,final_test_2024_2026,frozen_step_1_v1,2026-07-22
2025-01-03,73.95999908447266,76.51000213623047,1.0114248731262703,-0.015270135174411337,-2.1322012777159376,True,1.466851002772519,1.466851002772519,-0.0007334255013862596,1.0565444248313647,final_test_2024_2026,frozen_step_1_v1,2026-07-22
2025-01-06,73.55999755859375,76.30000305175781,1.0112951308265523,-0.011976005500494935,-1.4423671804762694,True,1.4923989480481008,1.4923989480481008,0.001982833482794331,1.0586414548365726,final_test_2024_2026,frozen_step_1_v1,2026-07-22
2025-01-07,74.25,77.05000305175781,1.0111785071522925,-0.01113390031506789,-1.2201772792205225,True,1.5051545954182175,1.5051545954182175,0.0002457241364941799,1.0589016205571087,final_test_2024_2026,frozen_step_1_v1,2026-07-22
2025-01-08,73.31999969482422,76.16000366210938,1.011079209418459,-0.009580339106115332,-0.9209747146174758,True,1.5531428825395897,1.5531428825395897,0.0008195166051655253,1.0597697636986643,final_test_2024_2026,frozen_step_1_v1,2026-07-22
2025-01-09,73.91999816894531,76.91999816894531,1.0110001722247643,-0.007551064155243203,-0.5762243047282776,True,1.5958053612153371,1.5958053612153371,0.0012832104554019843,1.0611305442369434,final_test_2024_2026,frozen_step_1_v1,2026-07-22
2025-01-10,76.56999969482422,79.76000213623047,1.0109374905667095,-0.006632278807176206,-0.39426141815695676,True,1.6327980552096633,1.6327980552096633,0.0004948113008225284,1.0616557335459669,final_test_2024_2026,frozen_step_1_v1,2026-07-22
2025-01-13,78.81999969482422,81.01000213623047,1.0107329293591514,-0.019466630102143334,-2.263027604434571,True,1.6842030402367614,1.6842030402367614,-0.011172030426459869,1.0498608922315005,final_test_2024_2026,frozen_step_1_v1,2026-07-22
2025-01-14,77.5,79.91999816894531,1.01057175023566,-0.015241876728991244,-1.44893380326346,True,1.2786074416285007,1.2786074416285007,0.0027485753203438314,1.0527504832798449,final_test_2024_2026,frozen_step_1_v1,2026-07-22
2025-01-15,80.04000091552734,82.02999877929688,1.0103613370437274,-0.02085033640917633,-2.521977021925664,True,1.283655355091327,1.283655355091327,-0.004155608834621823,1.048384741511102,final_test_2024_2026,frozen_step_1_v1,2026-07-22
2025-01-16,78.68000030517578,81.29000091552734,1.010230468045278,-0.012025951021693793,-0.8154187495722651,True,1.2728516429243426,1.2728516429243426,0.005264359678861481,1.0539183685942264,final_test_2024_2026,frozen_step_1_v1,2026-07-22
2025-01-17,77.87999725341797,80.79000091552734,1.0101481483898547,-0.007512841162130357,-0.03858134669259627,True,1.1792041722147464,0.0,0.0019942086625794717,1.0560221987754936,final_test_2024_2026,frozen_step_1_v1,2026-07-22
2025-01-21,75.88999938964844,79.29000091552734,1.0101470946712765,-0.00010255043758533589,1.228125698284237,True,1.187918786637569,0.0,0.0,1.0560221987754936,final_test_2024_2026,frozen_step_1_v1,2026-07-22
2025-01-22,75.44000244140625,79.0,1.0101705910199206,0.002139282490016825,1.6182020059711875,True,1.149312355491457,0.0,0.0,1.0560221987754936,final_test_2024_2026,frozen_step_1_v1,2026-07-22
2025-01-23,74.62000274658203,78.29000091552734,1.010212832901729,0.003969379530513351,1.9640777609216273,True,1.1820274706732181,-1.1820274706732181,-0.000591013735336609,1.0553982595476854,final_test_2024_2026,frozen_step_1_v1,2026-07-22
2025-01-24,74.66000366210938,78.5,1.010276573483159,0.005831810936800963,2.187226765547704,True,1.2178392599388201,-1.2178392599388201,-0.0012746861381370525,1.0540538150704357,final_test_2024_2026,frozen_step_1_v1,2026-07-22
2025-01-27,73.16999816894531,77.08000183105469,1.0103536121454886,0.007612555589183501,2.287228321365049,True,1.2543275832474512,-1.2543275832474512,-0.0012973780649622125,1.0526871954743073,final_test_2024_2026,frozen_step_1_v1,2026-07-22
2025-01-28,73.7699966430664,77.48999786376953,1.0104016128775155,0.004459930074629526,1.5894465326955265,True,1.2923372814031686,-1.2923372814031686,0.0018192143747282547,1.0546040021649032,final_test_2024_2026,frozen_step_1_v1,2026-07-22
2025-01-29,72.62000274658203,76.58000183105469,1.0104863858260054,0.008158881920508954,1.9861685778300375,True,1.3125901963604774,-1.3125901963604774,-0.002621427546512828,1.0518430545760729,final_test_2024_2026,frozen_step_1_v1,2026-07-22
2025-01-30,72.7300033569336,76.87000274658203,1.0105936024891768,0.00994955092039973,2.0292237358536704,True,1.3311994197992743,-1.3311994197992743,-0.0014784496361332285,1.0502891065947326,final_test_2024_2026,frozen_step_1_v1,2026-07-22
2025-01-31,72.52999877929688,76.76000213623047,1.0107107193713782,0.010798721932570032,1.9366753595531945,True,1.3706560691028642,-1.3706560691028642,-0.0009141492465527559,1.0493294243125255,final_test_2024_2026,frozen_step_1_v1,2026-07-22
2025-02-03,73.16000366210938,75.95999908447266,1.010626964647065,-0.008059827509288908,-0.3940598348546235,True,1.4158732014482602,0.0,0.012415202266971287,1.062438267449918,final_test_2024_2026,frozen_step_1_v1,2026-07-22
2025-02-04,72.69999694824219,76.19999694824219,1.0106420283187774,0.0014047141297313104,0.6776848991925809,False,0.955326188336602,0.0,0.0,1.062438267449918,final_test_2024_2026,frozen_step_1_v1,2026-07-22
2025-02-05,71.02999877929688,74.61000061035156,1.0106779753168225,0.0036509476453270295,0.8945040830670417,False,0.9191743148423703,0.0,0.0,1.062438267449918,final_test_2024_2026,frozen_step_1_v1,2026-07-22
2025-02-06,70.61000061035156,74.29000091552734,1.010732381010657,0.005114989678153492,1.0302787745190718,False,0.9468640376741446,0.0,0.0,1.062438267449918,final_test_2024_2026,frozen_step_1_v1,2026-07-22
2025-02-07,71.0,74.66000366210938,1.0107781440296175,0.0043208678287047775,0.8954260724667729,False,0.9774328915496024,0.0,-0.0,1.062438267449918,final_test_2024_2026,frozen_step_1_v1,2026-07-22
2025-02-10,72.31999969482422,75.87000274658203,1.0107953759935637,0.001704581836133201,0.572246897653345,False,1.0097422494918125,0.0,-0.0,1.062438267449918,final_test_2024_2026,frozen_step_1_v1,2026-07-22
2025-02-11,73.31999969482422,77.0,1.0108209525283365,0.0024978145023766274,0.6543086402642156,False,1.0367314110554247,0.0,0.0,1.062438267449918,final_test_2024_2026,frozen_step_1_v1,2026-07-22
2025-02-12,71.37000274658203,75.18000030517578,1.010875948072614,0.005590375010998905,0.9754359226803945,False,1.071265918168269,0.0,0.0,1.062438267449918,final_test_2024_2026,frozen_step_1_v1,2026-07-22
2025-02-13,71.29000091552734,75.0199966430664,1.0109236849216283,0.004389922901516741,0.7980233653215224,False,1.0970508871247133,0.0,-0.0,1.062438267449918,final_test_2024_2026,frozen_step_1_v1,2026-07-22
2025-02-14,70.73999786376953,74.73999786376953,1.0110106630769615,0.008109705043104931,1.1473172622499253,False,1.1319902279403522,0.0,0.0,1.062438267449918,final_test_2024_2026,frozen_step_1_v1,2026-07-22
2025-02-18,71.8499984741211,75.83999633789062,1.0110790327394497,0.006687000053134717,0.9198293149258607,False,1.1524484536983193,0.0,-0.0,1.062438267449918,final_test_2024_2026,frozen_step_1_v1,2026-07-22
2025-02-19,72.25,76.04000091552734,1.0111173964983788,0.0035432745230581375,0.5153988521354607,False,1.1877070517855604,0.0,-0.0,1.062438267449918,final_test_2024_2026,frozen_step_1_v1,2026-07-22
2025-02-20,72.56999969482422,76.4800033569336,1.011166697577303,0.0046334114783226354,0.5917222624137484,False,1.2113072107866212,0.0,0.0,1.062438267449918,final_test_2024_2026,frozen_step_1_v1,2026-07-22
2025-02-21,70.4000015258789,74.43000030517578,1.0112422932222889,0.007838917301132398,0.9128742447784813,True,1.2504477638084268,0.0,0.0,1.062438267449918,final_test_2024_2026,frozen_step_1_v1,2026-07-22
2025-02-24,70.69999694824219,74.77999877929688,1.0113265917623373,0.007871249429918237,0.85709292626755,False,1.2751256220148597,0.0,0.0,1.062438267449918,final_test_2024_2026,frozen_step_1_v1,2026-07-22
2025-02-25,68.93000030517578,73.0199966430664,1.0114177465587326,0.009309463007751262,0.9686857839239587,False,1.3181445295580505,0.0,0.0,1.062438267449918,final_test_2024_2026,frozen_step_1_v1,2026-07-22
2025-02-26,68.62000274658203,72.52999877929688,1.011490089754189,0.006829364505621882,0.6167963360381807,False,1.3590462602395956,0.0,-0.0,1.062438267449918,final_test_2024_2026,frozen_step_1_v1,2026-07-22
2025-02-27,70.3499984741211,74.04000091552734,1.0115116958095782,0.002157938514088187,-0.03440357910393973,True,1.3887803869343518,0.0,-0.0,1.062438267449918,final_test_2024_2026,frozen_step_1_v1,2026-07-22
2025-02-28,69.76000213623047,73.18000030517578,1.011501625607315,-0.000963746581498448,-0.576663735793992,False,1.3814480260585007,0.0,-0.0,1.062438267449918,final_test_2024_2026,frozen_step_1_v1,2026-07-22
2025-03-03,68.37000274658203,71.62000274658203,1.0114809955469939,-0.002066219594571095,-1.0879947734550313,False,1.404879044467817,0.0,-0.0,1.062438267449918,final_test_2024_2026,frozen_step_1_v1,2026-07-22
2025-03-04,68.26000213623047,71.04000091552734,1.0113938713890986,-0.00820087340572151,-2.7093175893127235,False,1.4499014655949478,0.0,-0.0,1.062438267449918,final_test_2024_2026,frozen_step_1_v1,2026-07-22
2025-03-05,66.30999755859375,69.30000305175781,1.0113590925824676,-0.0035396324201428797,-1.646118072560768,True,1.4040359071099744,0.0,0.0,1.062438267449918,final_test_2024_2026,frozen_step_1_v1,2026-07-22
2025-03-06,66.36000061035156,69.45999908447266,1.0113382928580223,-0.001908650103715992,-1.2242951185089008,True,1.3923671457042945,0.0,0.0,1.062438267449918,final_test_2024_2026,frozen_step_1_v1,2026-07-22
2025-03-07,67.04000091552734,70.36000061035156,1.01134479812039,0.0006272986407651615,-0.6425750833376628,True,1.431895294123548,0.0,0.0,1.062438267449918,final_test_2024_2026,frozen_step_1_v1,2026-07-22
2025-03-10,66.02999877929688,69.27999877929688,1.0113498168098645,0.00049010947070105,-0.643567355232752,True,1.461826340781077,0.0,-0.0,1.062438267449918,final_test_2024_2026,frozen_step_1_v1,2026-07-22
2025-03-11,66.25,69.55999755859375,1.0113617950885643,0.0011092350529740003,-0.4778692460189866,True,1.5113349104307445,0.0,0.0,1.062438267449918,final_test_2024_2026,frozen_step_1_v1,2026-07-22
2025-03-12,67.68000030517578,70.94999694824219,1.011354991161727,-0.0006742705857494258,-0.8079218978884637,True,1.5612272734830892,0.0,-0.0,1.062438267449918,final_test_2024_2026,frozen_step_1_v1,2026-07-22
2025-03-13,66.55000305175781,69.87999725341797,1.0113664354964924,0.001110086557919665,-0.39816486864872486,True,1.6028552041707131,0.0,0.0,1.062438267449918,final_test_2024_2026,frozen_step_1_v1,2026-07-22
2025-03-14,67.18000030517578,70.58000183105469,1.0113821243349768,0.0014823833884518578,-0.2781824586946856,True,1.6443351971147704,0.0,0.0,1.062438267449918,final_test_2024_2026,frozen_step_1_v1,2026-07-22
2025-03-17,67.58000183105469,71.06999969482422,1.011406735412893,0.002293057731781012,-0.051373994651372594,True,1.6994599530574213,0.0,0.0,1.062438267449918,final_test_2024_2026,frozen_step_1_v1,2026-07-22
2025-03-18,66.9000015258789,70.55999755859375,1.0114610456344104,0.005091331721330583,0.6601620418035461,True,1.7540115568461625,0.0,0.0,1.062438267449918,final_test_2024_2026,frozen_step_1_v1,2026-07-22
2025-03-19,67.16000366210938,70.77999877929688,1.0115054681651785,0.004094170239119954,0.3641535797911236,True,1.7751761189703243,0.0,-0.0,1.062438267449918,final_test_2024_2026,frozen_step_1_v1,2026-07-22
2025-03-20,68.26000213623047,72.0,1.0115519054180033,0.00455470513582501,0.45983417829401646,True,1.8290576246587322,0.0,0.0,1.062438267449918,final_test_2024_2026,frozen_step_1_v1,2026-07-22
2025-03-21,68.27999877929688,72.16000366210938,1.0116195761998956,0.006192408278995032,0.8723825380800984,True,1.8900051858217375,0.0,0.0,1.062438267449918,final_test_2024_2026,frozen_step_1_v1,2026-07-22
2025-03-24,69.11000061035156,73.0,1.011675077672029,0.0053078741751582115,0.6310699012470878,True,1.9380112745895317,0.0,-0.0,1.062438267449918,final_test_2024_2026,frozen_step_1_v1,2026-07-22
2025-03-25,69.0,73.0199966430664,1.011750691052743,0.006873148237501958,1.0183618285796208,True,1.996864029164205,0.0,0.0,1.062438267449918,final_test_2024_2026,frozen_step_1_v1,2026-07-22
2025-03-26,69.6500015258789,73.79000091552734,1.0118296268108464,0.007541694362736884,1.127480355262083,True,2.0,0.0,0.0,1.062438267449918,final_test_2024_2026,frozen_step_1_v1,2026-07-22
2025-03-27,69.91999816894531,74.02999877929688,1.0119007495755672,0.006572025803816217,0.825343676912695,True,2.0,0.0,-0.0,1.062438267449918,final_test_2024_2026,frozen_step_1_v1,2026-07-22
2025-03-28,69.36000061035156,73.62999725341797,1.011995458931022,0.008889699711503773,1.3786816756433151,True,2.0,0.0,0.0,1.062438267449918,final_test_2024_2026,frozen_step_1_v1,2026-07-22
2025-03-31,71.4800033569336,74.73999786376953,1.0119304214294618,-0.006338294643168041,-2.307580576871337,True,2.0,2.0,-0.001,1.061376360224573,final_test_2024_2026,frozen_step_1_v1,2026-07-22
2025-04-01,71.19999694824219,74.48999786376953,1.0118712842653095,-0.005464793316312999,-1.871010681022341,True,1.2936455067838784,1.2936455067838784,0.0002643910090128492,1.0616570156911513,final_test_2024_2026,frozen_step_1_v1,2026-07-22
2025-04-02,71.70999908447266,74.94999694824219,1.0118047056355453,-0.006246153039066726,-1.8745157990795658,True,1.3352816359482962,1.3352816359482962,-0.0007061504175753079,1.0609075907806975,final_test_2024_2026,frozen_step_1_v1,2026-07-22
2025-04-03,66.94999694824219,70.13999938964844,1.0117798634753148,-0.0029747007948159876,-1.0459579744517666,True,1.3799034172476905,1.3799034172476905,0.0020797121439656936,1.0631162690923412,final_test_2024_2026,frozen_step_1_v1,2026-07-22
2025-04-04,61.9900016784668,65.58000183105469,1.0118422997776992,0.0074248378183954244,1.1003075581297903,True,1.397451795892567,0.0,0.00661995476221571,1.0701773970875539,final_test_2024_2026,frozen_step_1_v1,2026-07-22
2025-04-07,60.70000076293945,64.20999908447266,1.011916271155083,0.007287698309728086,1.0791483296335223,True,1.2252568266199562,0.0,0.0,1.0701773970875539,final_test_2024_2026,frozen_step_1_v1,2026-07-22
2025-04-08,59.58000183105469,62.81999969482422,1.0119575343043568,0.004079242384687376,0.4406673738112693,True,1.2663033790933085,0.0,-0.0,1.0701773970875539,final_test_2024_2026,frozen_step_1_v1,2026-07-22
2025-04-09,62.349998474121094,65.4800033569336,1.0119535568754439,-0.00042006919875703375,-0.4484268705329777,True,1.288102459100349,0.0,-0.0,1.0701773970875539,final_test_2024_2026,frozen_step_1_v1,2026-07-22
2025-04-10,60.06999969482422,63.33000183105469,1.0119904704694436,0.0037415374270066692,0.48234125819005436,True,1.2919491840500572,0.0,0.0,1.0701773970875539,final_test_2024_2026,frozen_step_1_v1,2026-07-22
2025-04-11,61.5,64.76000213623047,1.0120130898129625,0.0021686234598901066,0.1352218603134954,True,1.3007281990864912,0.0,-0.0,1.0701773970875539,final_test_2024_2026,frozen_step_1_v1,2026-07-22
2025-04-14,61.529998779296875,64.87999725341797,1.012051629852771,0.0033675380086677364,0.36953540507513005,True,1.3393328692266513,0.0,0.0,1.0701773970875539,final_test_2024_2026,frozen_step_1_v1,2026-07-22
2025-04-15,61.33000183105469,64.66999816894531,1.012088452488245,0.003268913608532209,0.3127005838835997,True,1.3811851820318082,0.0,0.0,1.0701773970875539,final_test_2024_2026,frozen_step_1_v1,2026-07-22
2025-04-16,62.470001220703125,65.8499984741211,1.0121157778438188,0.0025980013552606707,0.09380664897367233,True,1.4277592583720156,0.0,-0.0,1.0701773970875539,final_test_2024_2026,frozen_step_1_v1,2026-07-22
2025-04-17,64.68000030517578,67.95999908447266,1.0121056752659117,-0.0010067885210753857,-0.8317002858810912,True,1.474671071612943,0.0,-0.0,1.0701773970875539,final_test_2024_2026,frozen_step_1_v1,2026-07-22
2025-04-21,63.08000183105469,66.26000213623047,1.0120958836868703,-0.0009475882193061835,-0.8305706870774262,True,1.4866612599569686,0.0,0.0,1.0701773970875539,final_test_2024_2026,frozen_step_1_v1,2026-07-22
2025-04-22,64.30999755859375,67.44000244140625,1.0120666955160913,-0.0027190346427232726,-1.2422800664538858,True,1.5370830240252187,0.0,-0.0,1.0701773970875539,final_test_2024_2026,frozen_step_1_v1,2026-07-22
2025-04-23,62.27000045776367,66.12000274658203,1.012169316641299,0.009714252662408995,1.7719994472531855,True,1.5795228597589464,0.0,0.0,1.0701773970875539,final_test_2024_2026,frozen_step_1_v1,2026-07-22
2025-04-24,62.790000915527344,66.55000305175781,1.012252665440241,0.0074342175761064055,1.1061591439567262,False,1.2452493144907428,0.0,-0.0,1.0701773970875539,final_test_2024_2026,frozen_step_1_v1,2026-07-22
2025-04-25,63.02000045776367,66.87000274658203,1.0123442489185202,0.00815052890394341,1.1957148066713945,False,1.2762880168721717,0.0,0.0,1.0701773970875539,final_test_2024_2026,frozen_step_1_v1,2026-07-22
2025-04-28,62.04999923706055,65.86000061035156,1.0124321453476866,0.008271630585986678,1.1467647201187863,False,1.3183616368116535,0.0,0.0,1.0701773970875539,final_test_2024_2026,frozen_step_1_v1,2026-07-22
2025-04-29,60.41999816894531,64.25,1.012534181455694,0.010054887208734264,1.461889886585593,False,1.3626156102491518,0.0,0.0,1.0701773970875539,final_test_2024_2026,frozen_step_1_v1,2026-07-22
2025-04-30,58.209999084472656,63.119998931884766,1.0128338668468786,0.028822945795837995,5.284829350341451,True,1.401888448541292,-1.401888448541292,-0.000700944224270646,1.0694275252619854,final_test_2024_2026,frozen_step_1_v1,2026-07-22
2025-05-01,59.2400016784668,62.130001068115234,1.0127858368496643,-0.004554670020521456,-1.338992829547343,False,0.9672835735879662,0.0,0.02268226676423595,1.093961759835641,final_test_2024_2026,frozen_step_1_v1,2026-07-22
2025-05-02,58.290000915527344,61.290000915527344,1.012767601011696,-0.0017196507585719445,-0.8440933120594541,False,0.5798285372548445,0.0,0.0,1.093961759835641,final_test_2024_2026,frozen_step_1_v1,2026-07-22
2025-05-05,57.130001068115234,60.22999954223633,1.0127794720595433,0.0011439940933133386,-0.39037772117927816,False,0.5977855723728583,0.0,0.0,1.093961759835641,final_test_2024_2026,frozen_step_1_v1,2026-07-22
2025-05-06,59.09000015258789,62.150001525878906,1.0127639135814157,-0.0015756565650146825,-0.7587803603858052,False,0.616226576853864,0.0,-0.0,1.093961759835641,final_test_2024_2026,frozen_step_1_v1,2026-07-22
2025-05-07,58.06999969482422,61.119998931884766,1.012757307723405,-0.0006257551249646554,-0.5835451120733961,False,0.6355903062579099,0.0,0.0,1.093961759835641,final_test_2024_2026,frozen_step_1_v1,2026-07-22
2025-05-08,59.90999984741211,62.84000015258789,1.0127138221963752,-0.00428730142500644,-1.0711134230379034,False,0.6568666090051272,0.0,-0.0,1.093961759835641,final_test_2024_2026,frozen_step_1_v1,2026-07-22
2025-05-09,61.02000045776367,63.90999984741211,1.012652233004858,-0.005741727186976853,-1.20902101703507,False,0.6758147646833402,0.0,-0.0,1.093961759835641,final_test_2024_2026,frozen_step_1_v1,2026-07-22
2025-05-12,61.95000076293945,64.95999908447266,1.0126030559507455,-0.004560276501734073,-0.9660310285080228,False,0.698315173226164,0.0,0.0,1.093961759835641,final_test_2024_2026,frozen_step_1_v1,2026-07-22
2025-05-13,63.66999816894531,66.62999725341797,1.0125340072858098,-0.00662125475424169,-1.1900257480438636,False,0.7214409516761557,0.0,-0.0,1.093961759835641,final_test_2024_2026,frozen_step_1_v1,2026-07-22
2025-05-14,63.150001525878906,66.08999633789062,1.0124646193545899,-0.006167718878844042,-1.1239286271332263,False,0.7446993490492639,0.0,0.0,1.093961759835641,final_test_2024_2026,frozen_step_1_v1,2026-07-22
2025-05-15,61.619998931884766,64.52999877929688,1.0124125336149705,-0.0050081459618356305,-0.956397476169444,False,0.7698803372007222,0.0,0.0,1.093961759835641,final_test_2024_2026,frozen_step_1_v1,2026-07-22
2025-05-16,62.4900016784668,65.41000366210938,1.0123534591084928,-0.005412997426377686,-1.02438718515989,False,0.7952840693592117,0.0,-0.0,1.093961759835641,final_test_2024_2026,frozen_step_1_v1,2026-07-22
2025-05-19,62.689998626708984,65.54000091552734,1.0122804989285212,-0.0063604504262313455,-1.133640701644878,False,0.8222913991110394,0.0,-0.0,1.093961759835641,final_test_2024_2026,frozen_step_1_v1,2026-07-22
2025-05-20,62.560001373291016,65.37999725341797,1.012207889709413,-0.006403130377157673,-1.065631897172126,False,0.8499050448322288,0.0,-0.0,1.093961759835641,final_test_2024_2026,frozen_step_1_v1,2026-07-22
2025-05-21,61.56999969482422,64.91000366210938,1.0122344241213403,0.002419052347707229,0.1981767118137911,False,0.8788219782953383,0.0,0.0,1.093961759835641,final_test_2024_2026,frozen_step_1_v1,2026-07-22
2025-05-22,61.20000076293945,64.44000244140625,1.012247500231551,0.0011993754017236569,0.04054648827389889,False,0.8609319430927732,0.0,-0.0,1.093961759835641,final_test_2024_2026,frozen_step_1_v1,2026-07-22
2025-05-23,61.529998779296875,64.77999877929688,1.0122581871941219,0.000974147335361053,0.0026317312571982497,False,0.889106637875018,0.0,-0.0,1.093961759835641,final_test_2024_2026,frozen_step_1_v1,2026-07-22
2025-05-27,60.88999938964844,64.08999633789062,1.0122668437191056,0.000814034168187483,-0.006606477310314508,False,0.9191934257154329,0.0,-0.0,1.093961759835641,final_test_2024_2026,frozen_step_1_v1,2026-07-22
2025-05-28,61.84000015258789,64.9000015258789,1.0122435716273601,-0.0022019878610137766,-0.411536531925987,False,0.9503217536343671,0.0,-0.0,1.093961759835641,final_test_2024_2026,frozen_step_1_v1,2026-07-22
2025-05-29,60.939998626708984,64.1500015258789,1.01225385567016,0.0009723679960256248,0.04640537558349193,False,0.9751589554277502,0.0,0.0,1.093961759835641,final_test_2024_2026,frozen_step_1_v1,2026-07-22
2025-05-30,60.790000915527344,63.900001525878906,1.0122492773657201,-0.000418923523188397,-0.1330005764786265,False,0.9992204387552105,0.0,-0.0,1.093961759835641,final_test_2024_2026,frozen_step_1_v1,2026-07-22
2025-06-02,62.52000045776367,64.62999725341797,1.0120720605900957,-0.01673169985031464,-2.3492301817915493,True,1.0312087870891544,1.0312087870891544,-0.0005156043935445773,1.0933978537346245,final_test_2024_2026,frozen_step_1_v1,2026-07-22
2025-06-03,63.40999984741211,65.62999725341797,1.011915193891679,-0.015032254316290405,-1.8799523530818978,True,0.8655464587987569,0.8655464587987569,0.00045454062536037906,1.093894960447868,final_test_2024_2026,frozen_step_1_v1,2026-07-22
2025-06-04,62.849998474121094,64.86000061035156,1.0117339573697375,-0.017107195134225428,-1.9688792208796513,True,0.892485150558767,0.892485150558767,-0.0012289836012526298,1.0925514072515161,final_test_2024_2026,frozen_step_1_v1,2026-07-22
2025-06-05,63.369998931884766,65.33999633789062,1.0115469819541134,-0.017294515322253012,-1.821105432954701,True,0.920923920850453,0.920923920850453,-0.00044147969851863697,1.0920691744414568,final_test_2024_2026,frozen_step_1_v1,2026-07-22
2025-06-06,64.58000183105469,66.47000122070312,1.0113553064122456,-0.018481893294535645,-1.80501634093586,True,0.9524272771914194,0.9524272771914194,-0.0009251002929746852,1.0910593680863268,final_test_2024_2026,frozen_step_1_v1,2026-07-22
2025-06-09,65.29000091552734,67.04000091552734,1.0111379186785165,-0.02009299722090052,-1.8259596598835988,True,0.9844311726596638,0.9844311726596638,-0.0012090637740409618,1.0897410048822436,final_test_2024_2026,frozen_step_1_v1,2026-07-22
2025-06-10,64.9800033569336,66.87000274658203,1.010949363293501,-0.017032618520866905,-1.364224904993373,True,1.016621694527441,1.016621694527441,0.0010966779405348966,1.0909367553599356,final_test_2024_2026,frozen_step_1_v1,2026-07-22
2025-06-11,68.1500015258789,69.7699966430664,1.010743755465303,-0.021864143264464175,-1.769235444971047,True,1.0403481938764652,1.0403481938764652,-0.0028932275227239452,1.087784988701356,final_test_2024_2026,frozen_step_1_v1,2026-07-22
2025-06-12,68.04000091552734,69.36000061035156,1.010466221425861,-0.024953896593448377,-1.95838144273988,True,1.0551408970452596,1.0551408970452596,-0.002212001554549851,1.0853814658934529,final_test_2024_2026,frozen_step_1_v1,2026-07-22
2025-06-13,72.9800033569336,74.2300033569336,1.0102302800716683,-0.026906849642609032,-2.3988540263949356,True,1.0827076538026188,1.0827076538026188,-0.001569983706420142,1.0836787716276173,final_test_2024_2026,frozen_step_1_v1,2026-07-22
2025-06-16,71.7699966430664,73.2300033569336,1.009980183900698,-0.022511277464414725,-1.621918607514325,True,1.1176062928885293,1.1176062928885293,0.0017743583032257416,1.0856033129621054,final_test_2024_2026,frozen_step_1_v1,2026-07-22
2025-06-17,74.83999633789062,76.44999694824219,1.0097737506907223,-0.02089273902972355,-1.317705824429872,True,1.1278419193782854,1.1278419193782854,0.0003995076807909109,1.0860371064700753,final_test_2024_2026,frozen_step_1_v1,2026-07-22
2025-06-18,75.13999938964844,76.69999694824219,1.0095300115030592,-0.020614847518944046,-1.1997793739557288,True,1.1616205279063976,1.1616205279063976,-0.0004517488570771092,1.0855466012494124,final_test_2024_2026,frozen_step_1_v1,2026-07-22
2025-06-20,74.93000030517578,77.01000213623047,1.0093775611492337,-0.013097789514794123,-0.3092806857091648,True,1.201430853612291,1.201430853612291,0.003944978447111224,1.0898375174156658,final_test_2024_2026,frozen_step_1_v1,2026-07-22
2025-06-23,68.51000213623047,71.4800033569336,1.0094010016688106,0.0027001423633574717,1.4667909822860683,True,1.1564750198012834,0.0,0.008904299482081098,1.099585090307469,final_test_2024_2026,frozen_step_1_v1,2026-07-22
2025-06-24,64.37000274658203,67.13999938964844,1.0094271742128553,0.002871394054030141,1.420326608982359,False,0.9416236640793261,0.0,0.0,1.099585090307469,final_test_2024_2026,frozen_step_1_v1,2026-07-22
2025-06-25,64.91999816894531,67.68000030517578,1.0094522647266952,0.0021892328068391365,1.2789083967765345,False,0.9734389402651402,0.0,-0.0,1.099585090307469,final_test_2024_2026,frozen_step_1_v1,2026-07-22
2025-06-26,65.23999786376953,67.7300033569336,1.0094294301348543,-0.0019403272657507742,0.8090162643863962,False,1.0055084598551813,0.0,-0.0,1.099585090307469,final_test_2024_2026,frozen_step_1_v1,2026-07-22
2025-06-27,65.5199966430664,67.7699966430664,1.0093663779829307,-0.005409340121609318,0.4366608410002132,False,1.0213840754021508,0.0,-0.0,1.099585090307469,final_test_2024_2026,frozen_step_1_v1,2026-07-22
2025-06-30,65.11000061035156,67.61000061035156,1.0093507107565376,-0.0013715454320859521,0.8397786948657615,False,1.0429644752710152,0.0,0.0,1.099585090307469,final_test_2024_2026,frozen_step_1_v1,2026-07-22
2025-07-01,65.44999694824219,67.11000061035156,1.009201856317176,-0.013428969558201942,-0.38201133262425,False,1.0619403967628087,0.0,-0.0,1.099585090307469,final_test_2024_2026,frozen_step_1_v1,2026-07-22
2025-07-02,67.44999694824219,69.11000061035156,1.0090618961296027,-0.013850237837731427,-0.3977237392933993,True,0.9595907228309768,0.0,-0.0,1.099585090307469,final_test_2024_2026,frozen_step_1_v1,2026-07-22
2025-07-03,67.0,68.80000305175781,1.008936800947518,-0.011065331079718632,-0.09469746276586792,True,0.9924292353175141,0.0,0.0,1.099585090307469,final_test_2024_2026,frozen_step_1_v1,2026-07-22
2025-07-04,66.5,68.29000091552734,1.008821130021765,-0.010462655390277575,-0.019070422648689786,True,1.0188814975088665,0.0,0.0,1.099585090307469,final_test_2024_2026,frozen_step_1_v1,2026-07-22
2025-07-07,67.93000030517578,69.58000183105469,1.008688038320453,-0.012650868155819062,-0.20090924584030428,True,1.0533530532517206,0.0,-0.0,1.099585090307469,final_test_2024_2026,frozen_step_1_v1,2026-07-22
2025-07-08,68.33000183105469,70.1500015258789,1.0085781414102588,-0.009950169825553523,0.1284461254657639,True,1.0843524977119992,0.0,0.0,1.099585090307469,final_test_2024_2026,frozen_step_1_v1,2026-07-22
2025-07-09,68.37999725341797,70.19000244140625,1.0084682923567228,-0.009653674103564214,0.2044145490369783,True,1.112354840639162,0.0,-0.0,1.099585090307469,final_test_2024_2026,frozen_step_1_v1,2026-07-22
2025-07-10,66.56999969482422,68.63999938964844,1.0084200442540585,-0.004728059387526962,0.8054925514259303,True,1.1503051825243655,0.0,0.0,1.099585090307469,final_test_2024_2026,frozen_step_1_v1,2026-07-22
2025-07-11,68.44999694824219,70.36000061035156,1.0083412805237082,-0.007729693482023237,0.48126040429201805,True,1.1556919375871733,0.0,-0.0,1.099585090307469,final_test_2024_2026,frozen_step_1_v1,2026-07-22
2025-07-14,66.9800033569336,69.20999908447266,1.0083178295252444,-0.00222020338516149,1.181731954387398,True,1.1814076264153612,0.0,0.0,1.099585090307469,final_test_2024_2026,frozen_step_1_v1,2026-07-22
2025-07-15,66.5199966430664,68.70999908447266,1.008291368368521,-0.0024109084576542372,1.1775186840566518,True,1.1771046687636917,0.0,-0.0,1.099585090307469,final_test_2024_2026,frozen_step_1_v1,2026-07-22
2025-07-16,66.37999725341797,68.5199966430664,1.0082588397347039,-0.002919241697375341,1.0422226835805315,True,1.2169344901219579,0.0,-0.0,1.099585090307469,final_test_2024_2026,frozen_step_1_v1,2026-07-22
2025-07-17,67.54000091552734,69.5199966430664,1.0081992666979769,-0.005646810880612918,0.6660791014651664,True,1.257604260104128,0.0,-0.0,1.099585090307469,final_test_2024_2026,frozen_step_1_v1,2026-07-22
2025-07-18,67.33999633789062,69.27999877929688,1.0081345612878783,-0.0058426175592671825,0.5999577872022817,True,1.2855234354636815,0.0,-0.0,1.099585090307469,final_test_2024_2026,frozen_step_1_v1,2026-07-22
2025-07-21,67.19999694824219,69.20999908447266,1.008084011860904,-0.004542734563234951,0.7084464777169748,True,1.3292470905806135,0.0,0.0,1.099585090307469,final_test_2024_2026,frozen_step_1_v1,2026-07-22
2025-07-22,66.20999908447266,68.58999633789062,1.008098461207119,0.001359719799673087,1.3470113301065683,True,1.3710545017280062,0.0,0.0,1.099585090307469,final_test_2024_2026,frozen_step_1_v1,2026-07-22
2025-07-23,65.25,68.51000213623047,1.0082546634717473,0.014263855073005871,2.754077071595131,True,1.3408342989387003,-1.3408342989387003,-0.0006704171494693502,1.0988481566597057,final_test_2024_2026,frozen_step_1_v1,2026-07-22
2025-07-24,66.02999877929688,69.18000030517578,1.0083755997554296,0.01150796489734951,2.094564936795312,True,1.1185976182072461,-1.1185976182072461,0.001390555131535333,1.1003772284856739,final_test_2024_2026,frozen_step_1_v1,2026-07-22
2025-07-25,65.16000366210938,68.44000244140625,1.0085167914887871,0.013538319661021703,2.119340724783186,True,1.1426611896768335,-1.1426611896768335,-0.001471334221266468,1.098759396290897,final_test_2024_2026,frozen_step_1_v1,2026-07-22
2025-07-28,66.70999908447266,70.04000091552734,1.0086402828074772,0.012419413670051505,1.8507158541896624,True,1.1771832112736367,-1.1771832112736367,0.00032419676783872577,1.0991156682838008,final_test_2024_2026,frozen_step_1_v1,2026-07-22
2025-07-29,69.20999908447266,72.51000213623047,1.0087325125793583,0.009578240170456276,1.4722155927664777,True,1.2130663090376774,-1.2130663090376774,0.0014181290231553944,1.100675461845652,final_test_2024_2026,frozen_step_1_v1,2026-07-22
2025-07-30,70.0,73.23999786376953,1.008816889761745,0.007787934386964679,1.2106078955067805,True,1.2367612150756702,-1.2367612150756702,0.0008528293466581791,1.101614550564952,final_test_2024_2026,frozen_step_1_v1,2026-07-22
2025-07-31,69.26000213623047,72.52999877929688,1.0089073859825057,0.008384360539974267,1.218764829108125,True,1.271067724795713,-1.271067724795713,-0.0006204677078508845,1.1009312463158598,final_test_2024_2026,frozen_step_1_v1,2026-07-22
2025-08-01,67.33000183105469,69.66999816894531,1.0088770367322513,-0.003204973458929672,-0.16858621464351684,True,1.3135148608276375,0.0,0.0067780572568681575,1.1084187680989501,final_test_2024_2026,frozen_step_1_v1,2026-07-22
2025-08-04,66.29000091552734,68.76000213623047,1.0088704411970983,-0.0006198354310082976,0.09453809057913984,True,1.132231264838447,0.0,0.0,1.1084187680989501,final_test_2024_2026,frozen_step_1_v1,2026-07-22
2025-08-05,65.16000366210938,67.63999938964844,1.008873475056221,0.00029053769685649655,0.2169282925050365,True,1.1610600245974871,0.0,0.0,1.1084187680989501,final_test_2024_2026,frozen_step_1_v1,2026-07-22
2025-08-06,64.3499984741211,66.88999938964844,1.0088914433610703,0.001685593901044946,0.39548754959444016,True,1.199177774471472,0.0,0.0,1.1084187680989501,final_test_2024_2026,frozen_step_1_v1,2026-07-22
2025-08-07,63.880001068115234,66.43000030517578,1.008914033859147,0.002086730935582537,0.4460228108804184,True,1.2367007871134503,0.0,0.0,1.1084187680989501,final_test_2024_2026,frozen_step_1_v1,2026-07-22
2025-08-08,63.880001068115234,66.58999633789062,1.0089613252761152,0.004295735071964124,0.6928919257659586,True,1.2783662719129814,0.0,0.0,1.1084187680989501,final_test_2024_2026,frozen_step_1_v1,2026-07-22
2025-08-11,63.959999084472656,66.62999725341797,1.008999686162425,0.0034739958560523476,0.5537689101263661,True,1.312443977547236,0.0,-0.0,1.1084187680989501,final_test_2024_2026,frozen_step_1_v1,2026-07-22
2025-08-12,63.16999816894531,66.12000274658203,1.0090842610348778,0.007980041402321447,1.0664180815106636,True,1.3551005010913948,0.0,0.0,1.1084187680989501,final_test_2024_2026,frozen_step_1_v1,2026-07-22
2025-08-13,62.650001525878906,65.62999725341797,1.0091742341496006,0.008510182693495238,1.0679033138657503,True,1.3567432110738777,0.0,0.0,1.1084187680989501,final_test_2024_2026,frozen_step_1_v1,2026-07-22
2025-08-14,63.959999084472656,66.83999633789062,1.0092314658924566,0.005656959553655305,0.6521073020174945,True,1.4022753991237509,0.0,-0.0,1.1084187680989501,final_test_2024_2026,frozen_step_1_v1,2026-07-22
2025-08-15,62.79999923706055,65.8499984741211,1.0093221735583182,0.008830964086499193,1.0117615767316728,True,1.4262277932338765,0.0,0.0,1.1084187680989501,final_test_2024_2026,frozen_step_1_v1,2026-07-22
2025-08-18,63.41999816894531,66.5999984741211,1.0094249554302384,0.009813830012354252,1.0818439144853043,True,1.4491777854088195,0.0,0.0,1.1084187680989501,final_test_2024_2026,frozen_step_1_v1,2026-07-22
2025-08-19,62.349998474121094,65.79000091552734,1.0095720154593417,0.014145339835419435,1.6351801909283747,True,1.496139761337078,0.0,0.0,1.1084187680989501,final_test_2024_2026,frozen_step_1_v1,2026-07-22
2025-08-20,63.209999084472656,66.83999633789062,1.0097311009064667,0.015489501925849858,1.730217902441964,True,1.494646638081627,0.0,0.0,1.1084187680989501,final_test_2024_2026,frozen_step_1_v1,2026-07-22
2025-08-21,63.52000045776367,67.66999816894531,1.0099607113512992,0.02193765191992103,2.551320249330878,True,1.5413305465719351,-1.5413305465719351,-0.0007706652732859676,1.1075648773203652,final_test_2024_2026,frozen_step_1_v1,2026-07-22
2025-08-22,63.65999984741211,67.7300033569336,1.010177966389214,0.019698085700312618,1.9598661681164273,True,1.4755767604190615,-1.4755767604190615,0.0009925383428085377,1.1086647236577931,final_test_2024_2026,frozen_step_1_v1,2026-07-22
2025-08-25,64.80000305175781,68.80000305175781,1.0103503380976488,0.016723715052161303,1.4296594156400058,True,1.5050082433935867,-1.5050082433935867,0.0016408343224696435,1.1104853520547844,final_test_2024_2026,frozen_step_1_v1,2026-07-22
2025-08-26,63.25,67.22000122070312,1.0105221524043226,0.01723934588123921,1.3973336723491283,True,1.5213743480788848,-1.5213743480788848,-0.000927621097249463,1.1094557200420523,final_test_2024_2026,frozen_step_1_v1,2026-07-22
2025-08-27,64.1500015258789,68.05000305175781,1.010675743939141,0.014594495972043653,0.9622554460840026,True,1.57236919508665,-1.57236919508665,0.0014922439470798146,1.111112534503065,final_test_2024_2026,frozen_step_1_v1,2026-07-22
2025-08-28,64.5999984741211,68.62000274658203,1.010838681380058,0.015191742621843751,0.9797033618314378,True,1.5956582933495387,-1.5956582933495387,-0.0010098063111359172,1.1099910923683096,final_test_2024_2026,frozen_step_1_v1,2026-07-22
2025-08-29,64.01000213623047,68.12000274658203,1.0110148425273373,0.016420378031831717,1.095047754277696,True,1.648537477227792,-1.648537477227792,-0.0015827847833776846,1.108235605003457,final_test_2024_2026,frozen_step_1_v1,2026-07-22
2025-09-02,65.58999633789062,69.13999938964844,1.0110809749120584,0.006353828784355642,-0.40309275796549876,True,1.6990047453625068,0.0,0.0072010324129326035,1.1162448483167793,final_test_2024_2026,frozen_step_1_v1,2026-07-22
2025-09-03,63.970001220703125,67.5999984741211,1.0111688689203842,0.00874893434062951,-0.11836411288907031,True,1.4083100873663235,0.0,0.0,1.1162448483167793,final_test_2024_2026,frozen_step_1_v1,2026-07-22
2025-09-04,63.47999954223633,66.98999786376953,1.0112450777481201,0.007143210102674935,-0.4165193716558038,True,1.440324777028552,0.0,-0.0,1.1162448483167793,final_test_2024_2026,frozen_step_1_v1,2026-07-22
2025-09-05,61.869998931884766,65.5,1.011347180443739,0.010207229429172848,0.10953880118024502,True,1.4817460486856353,0.0,0.0,1.1162448483167793,final_test_2024_2026,frozen_step_1_v1,2026-07-22
2025-09-08,62.2599983215332,66.0199966430664,1.0114678111888542,0.011261349687244682,0.28578591135219716,True,1.5032624415641003,0.0,0.0,1.1162448483167793,final_test_2024_2026,frozen_step_1_v1,2026-07-22
2025-09-09,62.630001068115234,66.38999938964844,1.011580192847606,0.01039193177887654,0.15943223471130377,True,1.5504417635507424,0.0,-0.0,1.1162448483167793,final_test_2024_2026,frozen_step_1_v1,2026-07-22
2025-09-10,63.66999816894531,67.48999786376953,1.0116807234122294,0.00974756371087171,0.06658381675038662,True,1.5996766686749777,0.0,-0.0,1.1162448483167793,final_test_2024_2026,frozen_step_1_v1,2026-07-22
2025-09-11,62.369998931884766,66.37000274658203,1.0118176842149464,0.013317329169431957,0.6439612587796548,True,1.6517274766129328,0.0,0.0,1.1162448483167793,final_test_2024_2026,frozen_step_1_v1,2026-07-22
2025-09-12,62.689998626708984,66.98999786376953,1.011995582917181,0.016701254951624556,1.1558427082887213,True,1.6561101240697422,0.0,0.0,1.1162448483167793,final_test_2024_2026,frozen_step_1_v1,2026-07-22
2025-09-15,63.29999923706055,67.44000244140625,1.0121359328705826,0.013014575034216769,0.5065250302415846,True,1.666718792324227,0.0,-0.0,1.1162448483167793,final_test_2024_2026,frozen_step_1_v1,2026-07-22
2025-09-16,64.5199966430664,68.47000122070312,1.012224186001901,0.008482629808489683,-0.3174323352780135,True,1.661486644777448,0.0,-0.0,1.1162448483167793,final_test_2024_2026,frozen_step_1_v1,2026-07-22
2025-09-17,64.05000305175781,67.94999694824219,1.0123092021097935,0.007905873875905023,-0.49830120058003363,True,1.6320837339840444,0.0,-0.0,1.1162448483167793,final_test_2024_2026,frozen_step_1_v1,2026-07-22
2025-09-18,63.56999969482422,67.44000244140625,1.0123910961226112,0.007647107371044015,-0.6290012752897928,True,1.6859063696896963,0.0,0.0,1.1162448483167793,final_test_2024_2026,frozen_step_1_v1,2026-07-22
2025-09-19,62.68000030517578,66.68000030517578,1.0124973684501295,0.010147999288246723,-0.19372941246488665,True,1.742533015384722,0.0,0.0,1.1162448483167793,final_test_2024_2026,frozen_step_1_v1,2026-07-22
2025-09-22,62.63999938964844,66.56999969482422,1.0125929945986538,0.00874767233699636,-0.5676970031266443,True,1.7695357759235968,0.0,-0.0,1.1162448483167793,final_test_2024_2026,frozen_step_1_v1,2026-07-22
2025-09-23,63.40999984741211,67.62999725341797,1.0127125924076907,0.011677607936368517,0.035973211878250186,True,1.8189177968535097,0.0,0.0,1.1162448483167793,final_test_2024_2026,frozen_step_1_v1,2026-07-22
2025-09-24,64.98999786376953,69.30999755859375,1.0128204938136678,0.010840048456594253,-0.22728102883115317,True,1.8328292991434316,0.0,-0.0,1.1162448483167793,final_test_2024_2026,frozen_step_1_v1,2026-07-22
2025-09-25,64.9800033569336,69.41999816894531,1.0129537314933592,0.012025496019315796,0.03374045662219795,True,1.8897381398044548,0.0,0.0,1.1162448483167793,final_test_2024_2026,frozen_step_1_v1,2026-07-22
2025-09-26,65.72000122070312,70.12999725341797,1.0130628522251977,0.010274006677140513,-0.4242399852104316,True,1.9442219752394114,0.0,-0.0,1.1162448483167793,final_test_2024_2026,frozen_step_1_v1,2026-07-22
2025-09-29,63.45000076293945,67.97000122070312,1.013198388215012,0.014037603325892434,0.480564966077876,True,1.9875954365295623,0.0,0.0,1.1162448483167793,final_test_2024_2026,frozen_step_1_v1,2026-07-22
2025-09-30,62.369998931884766,67.0199966430664,1.0133716484627306,0.016640507499984025,1.1120864112317639,True,1.9590496186524005,0.0,0.0,1.1162448483167793,final_test_2024_2026,frozen_step_1_v1,2026-07-22
2025-10-01,61.779998779296875,65.3499984741211,1.0133815598106748,0.0009978210315031433,-2.9472805395841957,True,1.9812212255548431,1.9812212255548431,-0.0009906106127774215,1.1151396318335474,final_test_2024_2026,frozen_step_1_v1,2026-07-22
2025-10-02,60.47999954223633,64.11000061035156,1.0134147602089025,0.0032561017186658603,-1.9966606769767763,True,1.2258045339056602,1.2258045339056602,0.0019785230403318753,1.1173481453653258,final_test_2024_2026,frozen_step_1_v1,2026-07-22
2025-10-03,60.880001068115234,64.52999877929688,1.0134469208525678,0.0029733652230703456,-1.8693544802252027,True,1.2567883342719297,1.2567883342719297,-0.00010717480431373073,1.1172284002134423,final_test_2024_2026,frozen_step_1_v1,2026-07-22
2025-10-06,61.689998626708984,65.47000122070312,1.0134873671166047,0.0038736498391829244,-1.5928633862251471,True,1.2993355943257285,1.2993355943257285,0.000644750641467617,1.1179489662088777,final_test_2024_2026,frozen_step_1_v1,2026-07-22
2025-10-07,61.72999954223633,65.44999694824219,1.0135183670622132,0.0027832981733855178,-1.7634441428571304,True,1.3410607626857685,1.3410607626857685,-0.0006420089217599755,1.1172314633447642,final_test_2024_2026,frozen_step_1_v1,2026-07-22
2025-10-08,62.54999923706055,66.25,1.0135340717515344,0.0014927765034595808,-1.9240580886763312,True,1.3843853152966918,1.3843853152966918,-0.0008379253183533894,1.1162956989202697,final_test_2024_2026,frozen_step_1_v1,2026-07-22
2025-10-09,61.5099983215332,65.22000122070312,1.0135619767827047,0.0027019619632611125,-1.5170345393693792,True,1.4279813940456096,1.4279813940456096,0.0008885956429710817,1.1172880752599448,final_test_2024_2026,frozen_step_1_v1,2026-07-22
2025-10-10,58.900001525878906,62.72999954223633,1.0136314826098944,0.007438920946351679,-0.3766671099249705,True,1.4712481250166318,1.4712481250166318,0.0035386389019472675,1.1212487578875936,final_test_2024_2026,frozen_step_1_v1,2026-07-22
2025-10-13,59.4900016784668,63.31999969482422,1.0137000777842027,0.006417079813839877,-0.5595152196059386,True,1.4554405658823908,1.4554405658823908,-0.0005497308015693354,1.1206325423010242,final_test_2024_2026,frozen_step_1_v1,2026-07-22
2025-10-14,58.70000076293945,62.38999938964844,1.0137516507989353,0.004962487306669594,-0.8519604229762967,True,1.5016297134714147,1.5016297134714147,-0.0009226275768920247,1.1195990926318264,final_test_2024_2026,frozen_step_1_v1,2026-07-22
2025-10-15,58.27000045776367,61.90999984741211,1.0137998093610616,0.004496895051173233,-0.9435694337383888,True,1.5459009675860649,1.5459009675860649,-0.0002233396696236584,1.11934906966143,final_test_2024_2026,frozen_step_1_v1,2026-07-22
2025-10-16,57.459999084472656,61.060001373291016,1.013848210363308,0.004667638986308731,-0.8578878815696718,True,1.597625352941418,1.597625352941418,0.000255729095473754,1.119635356390897,final_test_2024_2026,frozen_step_1_v1,2026-07-22
2025-10-17,57.540000915527344,61.290000915527344,1.0139211633524559,0.006721097131165976,-0.3612129423124993,True,1.6514621851428843,1.6514621851428843,0.001836667738473983,1.1216936441455827,final_test_2024_2026,frozen_step_1_v1,2026-07-22
2025-10-20,57.52000045776367,61.0099983215332,1.01394690621242,0.0023903212560494325,-1.3245729969534332,True,1.6884931442421438,1.6884931442421438,-0.0034843129203258236,1.1177921135126252,final_test_2024_2026,frozen_step_1_v1,2026-07-22
2025-10-21,57.81999969482422,61.31999969482422,1.0139693483446715,0.002092995504065165,-1.2999775043518118,True,1.6663080716541887,1.6663080716541887,-0.000184029737286042,1.1175864254505756,final_test_2024_2026,frozen_step_1_v1,2026-07-22
2025-10-22,58.5,62.59000015258789,1.0140727235535794,0.010316480492187807,0.5926325080270917,True,1.722593108608963,0.0,0.006318776754221461,1.1246705625463043,final_test_2024_2026,frozen_step_1_v1,2026-07-22
2025-10-23,61.790000915527344,65.98999786376953,1.014139570139747,0.007453696194239967,-0.0396406986057803,True,1.5189569588543437,0.0,-0.0,1.1246705625463043,final_test_2024_2026,frozen_step_1_v1,2026-07-22
2025-10-24,61.5,65.94000244140625,1.014263975888684,0.010954252909656681,0.7917330385948911,True,1.5413724693555284,0.0,0.0,1.1246705625463043,final_test_2024_2026,frozen_step_1_v1,2026-07-22
2025-10-27,61.310001373291016,65.62000274658203,1.0143614724531145,0.00882658342928977,0.3813629830716789,True,1.5520492348293136,0.0,-0.0,1.1246705625463043,final_test_2024_2026,frozen_step_1_v1,2026-07-22
2025-10-28,60.150001525878906,64.4000015258789,1.0144547229163194,0.009053480766525901,0.48544578727865584,True,1.5875535630225226,0.0,0.0,1.1246705625463043,final_test_2024_2026,frozen_step_1_v1,2026-07-22
2025-10-29,60.47999954223633,64.91999816894531,1.0145743591428704,0.011054411178819556,0.9780366781481326,True,1.6410823843579825,0.0,0.0,1.1246705625463043,final_test_2024_2026,frozen_step_1_v1,2026-07-22
2025-10-30,60.56999969482422,65.0,1.0146890861835491,0.010306486233499612,0.7540461286122676,True,1.6805200496261627,0.0,-0.0,1.1246705625463043,final_test_2024_2026,frozen_step_1_v1,2026-07-22
2025-10-31,60.97999954223633,65.06999969482422,1.0147371893657167,0.004339780936986948,-0.7243757156687509,True,1.7343190873594492,0.0,-0.0,1.1246705625463043,final_test_2024_2026,frozen_step_1_v1,2026-07-22
2025-11-03,61.04999923706055,64.88999938964844,1.014741432149833,0.00038808501466913725,-1.6379752953944968,True,1.6369275248999928,0.0,-0.0,1.1246705625463043,final_test_2024_2026,frozen_step_1_v1,2026-07-22
2025-11-04,60.560001373291016,64.44000244140625,1.0147578333202325,0.0015392084862240196,-1.2403548544776755,True,1.633289616732588,0.0,0.0,1.1246705625463043,final_test_2024_2026,frozen_step_1_v1,2026-07-22
2025-11-05,59.599998474121094,63.52000045776367,1.0147910510709748,0.003238553698215796,-0.7633681034761257,True,1.6815847107691073,0.0,0.0,1.1246705625463043,final_test_2024_2026,frozen_step_1_v1,2026-07-22
2025-11-06,59.43000030517578,63.380001068115234,1.0148318451113145,0.0037641082311443697,-0.5871559546425162,True,1.7238373501352366,0.0,0.0,1.1246705625463043,final_test_2024_2026,frozen_step_1_v1,2026-07-22
2025-11-07,59.75,63.630001068115234,1.0148549637119877,0.002156568314029883,-0.9272896950337661,True,1.7804224907334085,0.0,-0.0,1.1246705625463043,final_test_2024_2026,frozen_step_1_v1,2026-07-22
2025-11-10,60.130001068115234,64.05999755859375,1.0148798608343452,0.002355720874315459,-0.8183990298657472,True,1.828087517987351,0.0,0.0,1.1246705625463043,final_test_2024_2026,frozen_step_1_v1,2026-07-22
2025-11-11,61.040000915527344,65.16000366210938,1.0149200724765566,0.003972121293672082,-0.3526116767486009,True,1.8895228849117771,0.0,0.0,1.1246705625463043,final_test_2024_2026,frozen_step_1_v1,2026-07-22
2025-11-12,58.4900016784668,62.709999084472656,1.0150000267539705,0.00863213552364428,1.1738033505086203,True,1.9354847815240102,0.0,0.0,1.1246705625463043,final_test_2024_2026,frozen_step_1_v1,2026-07-22
2025-11-13,58.689998626708984,63.0099983215332,1.015102689520102,0.00952186679376954,1.3812104366003977,True,1.8669501133803466,0.0,0.0,1.1246705625463043,final_test_2024_2026,frozen_step_1_v1,2026-07-22
2025-11-14,60.09000015258789,64.38999938964844,1.0151726469043547,0.006970104881884431,0.49626580692560057,True,1.925637452922423,0.0,-0.0,1.1246705625463043,final_test_2024_2026,frozen_step_1_v1,2026-07-22
2025-11-17,59.90999984741211,64.19999694824219,1.0152466307950407,0.006757656878637164,0.3918968402213666,True,1.944776383594721,0.0,0.0,1.1246705625463043,final_test_2024_2026,frozen_step_1_v1,2026-07-22
2025-11-18,60.7400016784668,64.88999938964844,1.015281832629884,0.003334620088261353,-0.7028535162606346,True,2.0,0.0,-0.0,1.1246705625463043,final_test_2024_2026,frozen_step_1_v1,2026-07-22
2025-11-19,59.439998626708984,63.5099983215332,1.0153185002469225,0.003654396302885665,-0.6118933045854964,True,1.9927992741537945,0.0,0.0,1.1246705625463043,final_test_2024_2026,frozen_step_1_v1,2026-07-22
2025-11-20,59.13999938964844,63.380001068115234,1.0153892055784615,0.006454331689694115,0.24697508239589308,True,2.0,0.0,0.0,1.1246705625463043,final_test_2024_2026,frozen_step_1_v1,2026-07-22
2025-11-21,58.060001373291016,62.560001373291016,1.0155096866588527,0.011656900572361018,1.9016763885175774,True,2.0,-2.0,-0.001,1.1235464541316411,final_test_2024_2026,frozen_step_1_v1,2026-07-22
2025-11-24,58.84000015258789,63.369998931884766,1.0156189652998573,0.010524146320641137,1.410243037998401,True,1.940239830091355,-1.940239830091355,0.0006522930218137109,1.124279574722083,final_test_2024_2026,frozen_step_1_v1,2026-07-22
2025-11-25,57.95000076293945,62.47999954223633,1.0157362869469697,0.01138319031596069,1.5814366352825175,True,1.9943032166003305,-1.9943032166003305,-0.001312414697643335,1.1228050215082641,final_test_2024_2026,frozen_step_1_v1,2026-07-22
2025-11-26,58.650001525878906,63.130001068115234,1.0158325016396064,0.009145090812183732,0.818114728082675,True,2.0,-2.0,0.001823872523813508,1.1248547433840965,final_test_2024_2026,frozen_step_1_v1,2026-07-22
2025-11-28,58.54999923706055,63.20000076293945,1.015958265458762,0.011474993598906913,1.4349499514360464,True,2.0,-2.0,-0.002819427280953168,1.1216877638656209,final_test_2024_2026,frozen_step_1_v1,2026-07-22
2025-12-01,59.31999969482422,63.16999816894531,1.0159343954417843,-0.002176320492554673,-2.4614949150753964,True,2.0,0.0,0.012639939208658541,1.1359558126824425,final_test_2024_2026,frozen_step_1_v1,2026-07-22
2025-12-02,58.63999938964844,62.45000076293945,1.0159152522229946,-0.0018484275922627802,-2.0869557857494794,True,1.367828628128329,1.367828628128329,-0.0006839143140641645,1.135179181846749,final_test_2024_2026,frozen_step_1_v1,2026-07-22
2025-12-03,58.95000076293945,62.66999816894531,1.015877266888018,-0.0035334943390603613,-2.348573293528208,True,1.4135267974140928,1.4135267974140928,-0.0012712630964992631,1.1337369873435066,final_test_2024_2026,frozen_step_1_v1,2026-07-22
2025-12-04,59.66999816894531,63.2599983215332,1.0158120734619946,-0.0062290295721272315,-2.747296027200242,True,1.4556571028219563,1.4556571028219563,-0.0020980803725193105,1.1313608096003538,final_test_2024_2026,frozen_step_1_v1,2026-07-22
2025-12-05,60.08000183105469,63.75,1.0157567203486446,-0.005242291619357076,-2.1819080452461885,True,1.4877043778512715,1.4877043778512715,0.00053280842960104,1.1319637687932351,final_test_2024_2026,frozen_step_1_v1,2026-07-22
2025-12-08,58.880001068115234,62.4900016784668,1.0157116038764171,-0.004527586809275341,-1.8183117249664393,True,1.5333944470389687,1.5333944470389687,0.0003689293872464421,1.1323814605374833,final_test_2024_2026,frozen_step_1_v1,2026-07-22
2025-12-09,58.25,61.939998626708984,1.015687071161311,-0.0023418699027812906,-1.2685760511424076,True,1.5824059000826771,1.5824059000826771,0.0015623568385547024,1.1341520272245358,final_test_2024_2026,frozen_step_1_v1,2026-07-22
2025-12-10,58.459999084472656,62.209999084472656,1.015670193297694,-0.0015787174122472436,-1.0447173228125093,True,1.6152019635631971,1.6152019635631971,0.0005288062426464701,1.1347519324994897,final_test_2024_2026,frozen_step_1_v1,2026-07-22
2025-12-11,57.599998474121094,61.279998779296875,1.0156547237810216,-0.001525811421447365,-0.967759236011478,True,1.6668152551573416,1.6668152551573416,-3.3659641755384244e-05,1.1347137377987742,final_test_2024_2026,frozen_step_1_v1,2026-07-22
2025-12-12,57.439998626708984,61.119998931884766,1.0156411960053788,-0.001260205846054241,-0.8580565767033984,True,1.7232642753608822,1.7232642753608822,0.00014610003484133075,1.1348795316263487,final_test_2024_2026,frozen_step_1_v1,2026-07-22
2025-12-15,56.81999969482422,60.560001373291016,1.0156467404444582,0.0005351759841243364,-0.46629769977757324,True,1.7810936906225991,1.7810936906225991,0.0015251895767748316,1.136611758710434,final_test_2024_2026,frozen_step_1_v1,2026-07-22
2025-12-16,55.27000045776367,58.91999816894531,1.015657514825473,0.0011287313896142237,-0.3310298354561121,True,1.8228018806235717,1.8228018806235717,0.0005418304242486698,1.1372277764153587,final_test_2024_2026,frozen_step_1_v1,2026-07-22
2025-12-17,55.939998626708984,59.68000030517578,1.0156743383166087,0.0016393768625553307,-0.24100392494859463,True,1.8823028679599667,0.0,-0.0003883886511250751,1.1367861758151365,final_test_2024_2026,frozen_step_1_v1,2026-07-22
2025-12-18,56.150001525878906,59.81999969482422,1.0156761647446297,0.00016932946472358879,-0.5159647692740394,True,1.9442755794826903,0.0,-0.0,1.1367861758151365,final_test_2024_2026,frozen_step_1_v1,2026-07-22
2025-12-19,56.65999984741211,60.470001220703125,1.0156940062991948,0.001721124423548659,-0.2064275133634401,True,1.9955664072502635,0.0,0.0,1.1367861758151365,final_test_2024_2026,frozen_step_1_v1,2026-07-22
2025-12-22,58.0099983215332,62.06999969482422,1.015730852133533,0.003770454842557669,0.186936446676669,True,2.0,0.0,0.0,1.1367861758151365,final_test_2024_2026,frozen_step_1_v1,2026-07-22
2025-12-23,58.380001068115234,62.380001068115234,1.0157546233203667,0.002197710866001401,-0.11517328517401185,True,2.0,0.0,-0.0,1.1367861758151365,final_test_2024_2026,frozen_step_1_v1,2026-07-22
2025-12-24,58.349998474121094,62.2400016784668,1.0157595655034468,0.00045294203674739464,-0.43815372032924293,True,2.0,0.0,-0.0,1.1367861758151365,final_test_2024_2026,frozen_step_1_v1,2026-07-22
2025-12-26,56.7400016784668,60.63999938964844,1.0157861106262622,0.0027233888054585265,0.005194361025735323,True,2.0,0.0,0.0,1.1367861758151365,final_test_2024_2026,frozen_step_1_v1,2026-07-22
2025-12-29,58.08000183105469,61.939998626708984,1.0157882792491497,0.0002155797751548505,-0.43233466031032497,True,2.0,0.0,-0.0,1.1367861758151365,final_test_2024_2026,frozen_step_1_v1,2026-07-22
2025-12-30,57.95000076293945,61.91999816894531,1.0158112834303388,0.0020754375535938507,-0.022001624600315996,True,2.0,0.0,0.0,1.1367861758151365,final_test_2024_2026,frozen_step_1_v1,2026-07-22
2025-12-31,57.41999816894531,60.849998474121094,1.0157523215596829,-0.0057839357990792095,-1.5481050518337796,True,2.0,0.0,-0.0,1.1367861758151365,final_test_2024_2026,frozen_step_1_v1,2026-07-22
2026-01-02,57.31999969482422,60.75,1.015692981185828,-0.005417897378952041,-1.3622267269189232,True,1.8557949632165243,0.0,0.0,1.1367861758151365,final_test_2024_2026,frozen_step_1_v1,2026-07-22
2026-01-05,58.31999969482422,61.7599983215332,1.0156291103707806,-0.006236308383768652,-1.4244533172417242,True,1.917087497112756,0.0,-0.0,1.1367861758151365,final_test_2024_2026,frozen_step_1_v1,2026-07-22
2026-01-06,57.130001068115234,60.70000076293945,1.0156035502716478,-0.002507181322716434,-0.6401420637954826,True,1.9794184756388138,0.0,0.0,1.1367861758151365,final_test_2024_2026,frozen_step_1_v1,2026-07-22
2026-01-07,55.9900016784668,59.959999084472656,1.0156604033247492,0.00546868990662297,0.8869524215581757,True,1.9433346184380176,0.0,0.0,1.1367861758151365,final_test_2024_2026,frozen_step_1_v1,2026-07-22
2026-01-08,57.7599983215332,61.9900016784668,1.0157264256840004,0.00688559834764213,1.264394567390104,True,1.670340177952159,0.0,0.0,1.1367861758151365,final_test_2024_2026,frozen_step_1_v1,2026-07-22
2026-01-09,59.119998931884766,63.34000015258789,1.0157734980739013,0.004598707104029209,0.8730018714589614,True,1.7197399562907376,0.0,-0.0,1.1367861758151365,final_test_2024_2026,frozen_step_1_v1,2026-07-22
2026-01-12,59.5,63.869998931884766,1.0158405237839352,0.006149433339074584,1.3466827078084547,True,1.7500363541952548,0.0,0.0,1.1367861758151365,final_test_2024_2026,frozen_step_1_v1,2026-07-22
2026-01-13,61.150001525878906,65.47000122070312,1.015870869536083,0.0029800320151824877,0.6870465721113228,True,1.798178533540094,0.0,-0.0,1.1367861758151365,final_test_2024_2026,frozen_step_1_v1,2026-07-22
2026-01-14,62.02000045776367,66.5199966430664,1.015917218685844,0.004348048377686986,1.2245694622216408,True,1.8024111058907684,0.0,0.0,1.1367861758151365,final_test_2024_2026,frozen_step_1_v1,2026-07-22
2026-01-15,59.189998626708984,63.7599983215332,1.0160034413450394,0.009067338010280146,2.3774261652113937,True,1.8534699989108963,-1.8534699989108963,-0.0009267349994554481,1.1357331642857948,final_test_2024_2026,frozen_step_1_v1,2026-07-22
2026-01-16,59.439998626708984,64.12999725341797,1.0161163935754924,0.01010991103103187,2.3540408857064468,True,1.7988457805002176,-1.7988457805002176,-0.0014100380828314027,1.1341328657782808,final_test_2024_2026,frozen_step_1_v1,2026-07-22
2026-01-20,60.34000015258789,64.91999816894531,1.016189836737921,0.0067822246805890885,1.34671760144256,True,1.8547425871900762,-1.8547425871900762,0.002672457294150192,1.1371678410425337,final_test_2024_2026,frozen_step_1_v1,2026-07-22
2026-01-21,60.619998931884766,65.23999786376953,1.0162645727785906,0.006687921331967495,1.2488303439268738,True,1.8473955840705116,-1.8473955840705116,-0.00019912073414584213,1.1369414298895038,final_test_2024_2026,frozen_step_1_v1,2026-07-22
2026-01-22,59.36000061035156,64.05999755859375,1.0163624306568164,0.009381537882618751,1.8002862495612915,True,1.9094425948945468,-1.9094425948945468,-0.0028651859288875018,1.1336885435899657,final_test_2024_2026,frozen_step_1_v1,2026-07-22
2026-01-23,61.06999969482422,65.87999725341797,1.0164450156254734,0.008191876022489275,1.3962789897538204,True,1.9303122698233175,-1.9303122698233175,0.0007945599816869032,1.1345896850964792,final_test_2024_2026,frozen_step_1_v1,2026-07-22
2026-01-26,60.630001068115234,65.58999633789062,1.0165643693286457,0.010640096883567374,1.8521390195988383,True,1.983050777017476,-1.983050777017476,-0.0028390087831843855,1.1313731430711467,final_test_2024_2026,frozen_step_1_v1,2026-07-22
2026-01-27,62.38999938964844,67.56999969482422,1.0166733914036135,0.010841217374166767,1.7364073121307917,True,2.0,-2.0,-0.0006493959104738375,1.130638672485725,final_test_2024_2026,frozen_step_1_v1,2026-07-22
2026-01-28,63.209999084472656,68.4000015258789,1.0167756952855291,0.00935055348993874,1.282593769523729,True,2.0,-2.0,0.0010576473896079836,1.1318351221256577,final_test_2024_2026,frozen_step_1_v1,2026-07-22
2026-01-29,65.41999816894531,70.70999908447266,1.0168492939617486,0.0073149986710410175,0.7724506971393337,True,2.0,-2.0,0.0017134790121364875,1.1337761603418326,final_test_2024_2026,frozen_step_1_v1,2026-07-22
2026-01-30,65.20999908447266,70.69000244140625,1.0169640113096108,0.009822266273263658,1.244899015361094,True,2.0,-2.0,-0.0029615621494055574,1.1304233789652376,final_test_2024_2026,frozen_step_1_v1,2026-07-22
2026-02-02,62.13999938964844,66.30000305175781,1.0169188268787333,-0.005064383655145832,-1.872845538407956,True,2.0,0.0,0.013946458118368792,1.1462992298959134,final_test_2024_2026,frozen_step_1_v1,2026-07-22
2026-02-03,63.209999084472656,67.33000183105469,1.016845390637777,-0.006705352858978664,-2.051968907209932,False,1.3107106051249948,0.0,-0.0,1.1462992298959134,final_test_2024_2026,frozen_step_1_v1,2026-07-22
2026-02-04,65.13999938964844,69.45999908447266,1.0167847628067965,-0.005889969294520014,-1.7438749763927992,False,1.3508344058950579,0.0,0.0,1.1462992298959134,final_test_2024_2026,frozen_step_1_v1,2026-07-22
2026-02-05,63.290000915527344,67.55000305175781,1.0167399369688528,-0.004291938126275596,-1.3416533361025111,False,1.3938339237111832,0.0,0.0,1.1462992298959134,final_test_2024_2026,frozen_step_1_v1,2026-07-22
2026-02-06,63.54999923706055,68.05000305175781,1.016728100011233,-0.0010363887317872411,-0.7073340006949798,False,1.4325737168110824,0.0,0.0,1.1462992298959134,final_test_2024_2026,frozen_step_1_v1,2026-07-22
2026-02-09,64.36000061035156,69.04000091552734,1.0167336799964648,0.0005064464035635652,-0.4248042692619283,False,1.4494785476805334,0.0,0.0,1.1462992298959134,final_test_2024_2026,frozen_step_1_v1,2026-07-22
2026-02-10,63.959999084472656,68.80000305175781,1.016770632145608,0.0032093024789583424,0.028363518224031346,False,1.4909895926464685,0.0,0.0,1.1462992298959134,final_test_2024_2026,frozen_step_1_v1,2026-07-22
2026-02-11,64.62999725341797,69.4000015258789,1.0167844770878445,0.0012391413204237978,-0.30494764408007746,False,1.5181257565981738,0.0,-0.0,1.1462992298959134,final_test_2024_2026,frozen_step_1_v1,2026-07-22
2026-02-12,62.84000015258789,67.5199966430664,1.0168073428667332,0.002239638434862634,-0.1431227976702072,False,1.5567529505317599,0.0,0.0,1.1462992298959134,final_test_2024_2026,frozen_step_1_v1,2026-07-22
2026-02-13,62.88999938964844,67.75,1.016859759864276,0.004614507906251397,0.2554320394780654,False,1.6057983196318812,0.0,0.0,1.1462992298959134,final_test_2024_2026,frozen_step_1_v1,2026-07-22
2026-02-17,62.33000183105469,67.41999816894531,1.0169540136734545,0.008437309353811706,0.8751092524106007,True,1.6382352926399961,0.0,0.0,1.1462992298959134,final_test_2024_2026,frozen_step_1_v1,2026-07-22
2026-02-18,65.19000244140625,70.3499984741211,1.0170033140581036,0.00514859360172526,0.22524126573529626,False,1.6369097426658594,0.0,-0.0,1.1462992298959134,final_test_2024_2026,frozen_step_1_v1,2026-07-22
2026-02-19,66.43000030517578,71.66000366210938,1.017048958033753,0.004244032490125171,-0.007712097978964421,False,1.6452334215368525,0.0,-0.0,1.1462992298959134,final_test_2024_2026,frozen_step_1_v1,2026-07-22
2026-02-20,66.38999938964844,71.76000213623047,1.0171180573122345,0.005961209676557999,0.28914635727025145,False,1.6971979483692121,0.0,0.0,1.1462992298959134,final_test_2024_2026,frozen_step_1_v1,2026-07-22
2026-02-23,66.30999755859375,71.48999786376953,1.0171550862350152,0.0032625952947515913,-0.2512524973934021,True,1.7411526009765756,0.0,-0.0,1.1462992298959134,final_test_2024_2026,frozen_step_1_v1,2026-07-22
2026-02-24,65.62999725341797,70.7699966430664,1.0171929433789553,0.003466427845372877,-0.1872369636402957,False,1.7634701901094325,0.0,0.0,1.1462992298959134,final_test_2024_2026,frozen_step_1_v1,2026-07-22
2026-02-25,65.41999816894531,70.8499984741211,1.0172778584208428,0.007501196314597891,0.6251127059160111,True,1.8230030828368813,0.0,0.0,1.1462992298959134,final_test_2024_2026,frozen_step_1_v1,2026-07-22
2026-02-26,65.20999908447266,70.75,1.017378050389775,0.00894095310876697,0.8992277188639171,False,1.796896329657959,0.0,0.0,1.1462992298959134,final_test_2024_2026,frozen_step_1_v1,2026-07-22
2026-02-27,67.0199966430664,72.4800033569336,1.017429037788712,0.005030728227635173,0.0824327916981471,False,1.8475033353801202,0.0,-0.0,1.1462992298959134,final_test_2024_2026,frozen_step_1_v1,2026-07-22
2026-03-02,71.2300033569336,77.73999786376953,1.0175384952320674,0.01263805828276432,1.5708870667688168,False,1.8194032794215866,0.0,0.0,1.1462992298959134,final_test_2024_2026,frozen_step_1_v1,2026-07-22
2026-03-03,74.55999755859375,81.4000015258789,1.0176530494826321,0.011658192929623112,1.317299877632913,False,1.6246711485194008,0.0,-0.0,1.1462992298959134,final_test_2024_2026,frozen_step_1_v1,2026-07-22
2026-03-04,74.66000366210938,81.4000015258789,1.0177712509125805,0.009784349934968795,0.938937418942914,True,1.6742164254524003,0.0,-0.0,1.1462992298959134,final_test_2024_2026,frozen_step_1_v1,2026-07-22
2026-03-05,81.01000213623047,85.41000366210938,1.0175317927268708,-0.024154133853545368,-5.410580473550851,True,1.7144844806328834,1.7144844806328834,-0.0008572422403164417,1.1453169948428439,final_test_2024_2026,frozen_step_1_v1,2026-07-22
2026-03-06,90.9000015258789,92.69000244140625,1.0170108498246873,-0.05721425015362236,-8.108885062157858,False,0.6589926110448465,0.6589926110448465,-0.03061844489367657,1.1107805930904522,final_test_2024_2026,frozen_step_1_v1,2026-07-22
2026-03-09,94.7699966430664,98.95999908447266,1.0166848220990186,-0.032677330623110734,-2.564025910778833,False,0.5045901506494294,0.5045901506494294,0.007454622234294508,1.1190919834452029,final_test_2024_2026,frozen_step_1_v1,2026-07-22
2026-03-10,83.44999694824219,87.80000305175781,1.0164955112772902,-0.02216630454145463,-1.5262464274036653,False,0.45580955754932445,0.45580955754932445,0.0023959862976190406,1.121776527284165,final_test_2024_2026,frozen_step_1_v1,2026-07-22
2026-03-11,87.25,91.9800033569336,1.0162755385972784,-0.019938124152466763,-1.2646322049705458,False,0.4603144231273937,0.4603144231273937,0.00027920667655723254,1.1220897785090698,final_test_2024_2026,frozen_step_1_v1,2026-07-22
2026-03-12,95.7300033569336,100.45999908447266,1.0160340182572116,-0.024911818401624153,-1.5031153672125979,False,0.4755420792363743,0.4755420792363743,-0.0013946230883013157,1.1205259769071865,final_test_2024_2026,frozen_step_1_v1,2026-07-22
2026-03-13,98.70999908447266,103.13999938964844,1.0156809283446104,-0.028108709967866297,-1.5944709843674871,False,0.4897330791147346,0.4897330791147346,-0.0011436469436623621,1.1192452233029695,final_test_2024_2026,frozen_step_1_v1,2026-07-22
2026-03-16,93.5,100.20999908447266,1.0156595793289247,-0.0017560284637490042,0.14687558024971079,False,0.5056213635851361,0.0,0.006134284961976629,1.1261320938625452,final_test_2024_2026,frozen_step_1_v1,2026-07-22
2026-03-17,96.20999908447266,103.41999816894531,1.0156681239191079,0.0007160468925757613,0.3264748642165826,False,0.45214176973060916,0.0,0.0,1.1261320938625452,final_test_2024_2026,frozen_step_1_v1,2026-07-22
2026-03-18,96.31999969482422,107.37999725341797,1.0160755658019356,0.035269965271548465,2.4587833820378933,False,0.46698554286583505,0.0,0.0,1.1261320938625452,final_test_2024_2026,frozen_step_1_v1,2026-07-22
2026-03-19,96.13999938964844,108.6500015258789,1.0166681833794922,0.046222582011529845,2.7859747884438923,False,0.3965643876192945,0.0,0.0,1.1261320938625452,final_test_2024_2026,frozen_step_1_v1,2026-07-22
2026-03-20,98.31999969482422,112.19000244140625,1.017279748865622,0.052683003879981705,2.7240008159184153,False,0.4030899218019793,0.0,0.0,1.1261320938625452,final_test_2024_2026,frozen_step_1_v1,2026-07-22
2026-03-23,88.12999725341797,99.94000244140625,1.0176846907822217,0.046550642024161704,2.0770429501907803,False,0.41430790491683595,0.0,-0.0,1.1261320938625452,final_test_2024_2026,frozen_step_1_v1,2026-07-22
2026-03-24,92.3499984741211,104.48999786376953,1.0181477074786378,0.041376657205347556,1.6562184173907892,False,0.4242638074490826,0.0,-0.0,1.1261320938625452,final_test_2024_2026,frozen_step_1_v1,2026-07-22
2026-03-25,90.31999969482422,102.22000122070312,1.018635081646453,0.039847987727914536,1.4684267868153913,False,0.4358364467908758,0.0,0.0,1.1261320938625452,final_test_2024_2026,frozen_step_1_v1,2026-07-22
2026-03-26,94.4800033569336,108.01000213623047,1.0191345076797131,0.046804458703539886,1.643065488425619,False,0.4500108938248097,0.0,0.0,1.1261320938625452,final_test_2024_2026,frozen_step_1_v1,2026-07-22
2026-03-27,99.63999938964844,112.56999969482422,1.0195038893352906,0.03226317452005034,0.9717025950879478,False,0.4615191924200793,0.0,-0.0,1.1261320938625452,final_test_2024_2026,frozen_step_1_v1,2026-07-22
2026-03-30,102.87999725341797,112.77999877929688,1.0195231331847348,0.0014141016297006814,-0.22079576645885907,False,0.4568090982417195,0.0,-0.0,1.1261320938625452,final_test_2024_2026,frozen_step_1_v1,2026-07-22
2026-03-31,101.37999725341797,118.3499984741211,1.0201924491925416,0.06150410207645596,2.0045620356317735,False,0.40258849166964406,0.0,0.0,1.1261320938625452,final_test_2024_2026,frozen_step_1_v1,2026-07-22
2026-04-01,100.12000274658203,101.16000366210938,1.0195453818924705,-0.07969928689153694,-3.080497731314275,False,0.28757993143149424,0.0,-0.0,1.1261320938625452,final_test_2024_2026,frozen_step_1_v1,2026-07-22
2026-04-02,111.54000091552734,109.02999877929688,1.0183897490551184,-0.1094565421007827,-3.499311463346999,False,0.1477145381768282,0.0,-0.0,1.1261320938625452,final_test_2024_2026,frozen_step_1_v1,2026-07-22
2026-04-06,112.41000366210938,109.7699966430664,1.016935261228507,-0.1037365904332761,-2.7060867515614246,False,0.15035545882229234,0.0,-0.0,1.1261320938625452,final_test_2024_2026,frozen_step_1_v1,2026-07-22
2026-04-07,112.94999694824219,109.2699966430664,1.015470028592707,-0.10624934068021386,-2.400812973311931,False,0.15537372041815087,0.0,-0.0,1.1261320938625452,final_test_2024_2026,frozen_step_1_v1,2026-07-22
2026-04-08,94.41000366210938,94.75,1.0149367053625982,-0.06433205847898371,-1.245273239139664,False,0.1606634766206653,0.0,0.0,1.1261320938625452,final_test_2024_2026,frozen_step_1_v1,2026-07-22
2026-04-09,97.87000274658203,95.91999816894531,1.0138412956390295,-0.08356912153618001,-1.562216448322167,False,0.15881302961344507,0.0,-0.0,1.1261320938625452,final_test_2024_2026,frozen_step_1_v1,2026-07-22
2026-04-10,96.56999969482422,95.19999694824219,1.0128835027424627,-0.0731692830748285,-1.240663743060108,False,0.16290645715329194,0.0,0.0,1.1261320938625452,final_test_2024_2026,frozen_step_1_v1,2026-07-22
2026-04-13,99.08000183105469,99.36000061035156,1.0122870418754177,-0.0536483539351682,-0.7847601000459181,False,0.1680219500216988,0.0,0.0,1.1261320938625452,final_test_2024_2026,frozen_step_1_v1,2026-07-22
2026-04-14,91.27999877929688,94.79000091552734,1.0121040080113586,-0.016904429422098133,-0.03891874111290183,False,0.17189400205115132,0.0,0.0,1.1261320938625452,final_test_2024_2026,frozen_step_1_v1,2026-07-22
2026-04-15,91.29000091552734,94.93000030517578,1.011912374884963,-0.014674433263668796,0.022644928276343672,False,0.17130556018902143,0.0,0.0,1.1261320938625452,final_test_2024_2026,frozen_step_1_v1,2026-07-22
2026-04-16,94.69000244140625,99.38999938964844,1.011853637556319,-0.005498187855820014,0.21686386952448644,False,0.17711468477088402,0.0,0.0,1.1261320938625452,final_test_2024_2026,frozen_step_1_v1,2026-07-22
2026-04-17,83.8499984741211,90.37999725341797,1.0120484590988803,0.021630523104477106,0.753290660744314,False,0.18268574778307095,0.0,0.0,1.1261320938625452,final_test_2024_2026,frozen_step_1_v1,2026-07-22
2026-04-20,89.61000061035156,95.4800033569336,1.0121416818716493,0.008867379621058546,0.47213382290482414,False,0.18481913467677574,0.0,-0.0,1.1261320938625452,final_test_2024_2026,frozen_step_1_v1,2026-07-22
2026-04-21,92.12999725341797,98.4800033569336,1.0122721263185415,0.011143633609661308,0.4773983882616891,False,0.1899882279999011,0.0,0.0,1.1261320938625452,final_test_2024_2026,frozen_step_1_v1,2026-07-22
2026-04-22,92.95999908447266,101.91000366210938,1.0126688431653568,0.03450348167195205,0.9004054054292252,False,0.19638557906297527,0.0,0.0,1.1261320938625452,final_test_2024_2026,frozen_step_1_v1,2026-07-22
2026-04-23,95.8499984741211,105.06999969482422,1.0130469494520782,0.0323119200974924,0.8113024632495648,False,0.19924223744426284,0.0,-0.0,1.1261320938625452,final_test_2024_2026,frozen_step_1_v1,2026-07-22
2026-04-24,94.4000015258789,105.33000183105469,1.0136675580787342,0.047403424963356144,1.05561478196142,False,0.2058758399447063,0.0,0.0,1.1261320938625452,final_test_2024_2026,frozen_step_1_v1,2026-07-22
2026-04-27,96.37000274658203,108.2300033569336,1.0142562830167776,0.05093816447276556,1.0595734378652044,False,0.21094006058194323,0.0,0.0,1.1261320938625452,final_test_2024_2026,frozen_step_1_v1,2026-07-22
2026-04-28,99.93000030517578,111.26000213623047,1.0147145902185464,0.03964699152139062,0.7885688564025274,False,0.2179257232318382,0.0,-0.0,1.1261320938625452,final_test_2024_2026,frozen_step_1_v1,2026-07-22
2026-04-29,106.87999725341797,118.02999877929688,1.0150144802191476,0.029088887410204656,0.563926185141281,False,0.22379187048061996,0.0,-0.0,1.1261320938625452,final_test_2024_2026,frozen_step_1_v1,2026-07-22
2026-04-30,105.06999969482422,114.01000213623047,1.0151425045547486,0.01117668339123501,0.22063581501074653,False,0.22996047395905939,0.0,-0.0,1.1261320938625452,final_test_2024_2026,frozen_step_1_v1,2026-07-22
2026-05-01,101.94000244140625,108.16999816894531,1.0150341118768689,-0.010203895011856368,-0.1517439449087899,False,0.2339067740162126,0.0,-0.0,1.1261320938625452,final_test_2024_2026,frozen_step_1_v1,2026-07-22
2026-05-04,106.41999816894531,114.44000244140625,1.0150590603322056,0.002370617062330993,0.11240511835043308,False,0.23637330961167596,0.0,0.0,1.1261320938625452,final_test_2024_2026,frozen_step_1_v1,2026-07-22
2026-05-05,102.2699966430664,109.87000274658203,1.0150803519228133,0.0018954487165379064,0.13715559603960928,False,0.24233431586783155,0.0,-0.0,1.1261320938625452,final_test_2024_2026,frozen_step_1_v1,2026-07-22
2026-05-06,95.08000183105469,101.2699966430664,1.01502847054956,-0.00537893282383628,0.029010803985388103,False,0.25054514468469047,0.0,-0.0,1.1261320938625452,final_test_2024_2026,frozen_step_1_v1,2026-07-22
2026-05-07,94.80999755859375,100.05999755859375,1.0148554786544715,-0.01372516138650326,-0.10213278759819112,True,0.25826366952004837,0.0,-0.0,1.1261320938625452,final_test_2024_2026,frozen_step_1_v1,2026-07-22
2026-05-08,95.41999816894531,101.29000091552734,1.0147613991936408,-0.007587193639055911,0.05230294329354613,True,0.265913112457244,0.0,0.0,1.1261320938625452,final_test_2024_2026,frozen_step_1_v1,2026-07-22
2026-05-11,98.06999969482422,104.20999908447266,1.014685507540356,-0.006616481411813702,0.10961203221524538,True,0.27421633078442614,0.0,0.0,1.1261320938625452,final_test_2024_2026,frozen_step_1_v1,2026-07-22
2026-05-12,102.18000030517578,107.7699966430664,1.0145281787683567,-0.013954718670568411,-0.012322381551512133,True,0.283501445346597,0.0,-0.0,1.1261320938625452,final_test_2024_2026,frozen_step_1_v1,2026-07-22
2026-05-13,101.0199966430664,105.62999725341797,1.0142754293587009,-0.02126174095989075,-0.15143791037492185,True,0.292002692335467,0.0,-0.0,1.1261320938625452,final_test_2024_2026,frozen_step_1_v1,2026-07-22
2026-05-14,101.16999816894531,105.72000122070312,1.0140105077008368,-0.020691894342905748,-0.08705930408461571,True,0.3007290273376408,0.0,-0.0,1.1261320938625452,final_test_2024_2026,frozen_step_1_v1,2026-07-22
2026-05-15,105.41999816894531,109.26000213623047,1.0137013601622895,-0.028042254360275187,-0.29610184040112203,True,0.3109558624998326,0.0,-0.0,1.1261320938625452,final_test_2024_2026,frozen_step_1_v1,2026-07-22
2026-05-18,108.66000366210938,112.0999984741211,1.013342722050677,-0.031386125098364914,-0.46714828124636726,True,0.3201343390342942,0.0,-0.0,1.1261320938625452,final_test_2024_2026,frozen_step_1_v1,2026-07-22
2026-05-19,107.7699966430664,111.27999877929688,1.0129895936913895,-0.028741048138162917,-0.5046845351931928,True,0.3307747428355867,0.0,0.0,1.1261320938625452,final_test_2024_2026,frozen_step_1_v1,2026-07-22
2026-05-20,98.26000213623047,105.0199966430664,1.0130545339589954,0.006644525213649111,0.40393810440795763,True,0.3417684781475872,0.0,0.0,1.1261320938625452,final_test_2024_2026,frozen_step_1_v1,2026-07-22
2026-05-21,96.3499984741211,102.58000183105469,1.0130867296636474,0.00287560485136229,0.23357170709435157,True,0.31267230549053504,0.0,-0.0,1.1261320938625452,final_test_2024_2026,frozen_step_1_v1,2026-07-22
2026-05-22,96.5999984741211,103.54000091552734,1.01319418012221,0.009074255927421504,0.38154225572833106,True,0.32280088094752774,0.0,0.0,1.1261320938625452,final_test_2024_2026,frozen_step_1_v1,2026-07-22
2026-05-26,93.88999938964844,99.58000183105469,1.0131833972610178,-0.001043141657327773,-0.08390948973689431,True,0.3325177518458343,0.0,-0.0,1.1261320938625452,final_test_2024_2026,frozen_step_1_v1,2026-07-22
2026-05-27,88.68000030517578,94.29000091552734,1.013204004637716,0.002120346135889406,-0.0298542423242688,True,0.3400828560721009,0.0,0.0,1.1261320938625452,final_test_2024_2026,frozen_step_1_v1,2026-07-22
2026-05-28,88.9000015258789,93.70999908447266,1.0131298737736711,-0.00622773053237502,-0.4329709222198909,True,0.35124511091187627,0.0,-0.0,1.1261320938625452,final_test_2024_2026,frozen_step_1_v1,2026-07-22
2026-05-29,87.36000061035156,92.05000305175781,1.013061987927387,-0.006093154258795863,-0.44321397109915256,True,0.36023947959937574,0.0,-0.0,1.1261320938625452,final_test_2024_2026,frozen_step_1_v1,2026-07-22
2026-06-01,92.16000366210938,94.9800033569336,1.0127691906445409,-0.027621627121251713,-1.414975284577066,True,0.37247726399707065,0.0,-0.0,1.1261320938625452,final_test_2024_2026,frozen_step_1_v1,2026-07-22
2026-06-02,93.76000213623047,96.0,1.012388966020106,-0.03264521025204914,-1.5368424424999785,True,0.36431820535834447,0.0,-0.0,1.1261320938625452,final_test_2024_2026,frozen_step_1_v1,2026-07-22
2026-06-03,96.0199966430664,97.80999755859375,1.0119830909895364,-0.036227167284942574,-1.5766070244110284,True,0.375813222504491,0.0,-0.0,1.1261320938625452,final_test_2024_2026,frozen_step_1_v1,2026-07-22
2026-06-04,93.04000091552734,95.02999877929688,1.0116461980572151,-0.031629459239202795,-1.2665652942897447,True,0.38823669022201046,0.0,0.0,1.1261320938625452,final_test_2024_2026,frozen_step_1_v1,2026-07-22
2026-06-05,90.54000091552734,93.08999633789062,1.0113882477605902,-0.023538097161481808,-0.8535276279835777,True,0.40008339635056994,0.0,0.0,1.1261320938625452,final_test_2024_2026,frozen_step_1_v1,2026-07-22
2026-06-08,91.30000305175781,94.25,1.0111768583696235,-0.018654019084141105,-0.5885178566991728,True,0.4094209335321671,0.0,0.0,1.1261320938625452,final_test_2024_2026,frozen_step_1_v1,2026-07-22
2026-06-09,88.19999694824219,91.44999694824219,1.0110388971464292,-0.01326450708539717,-0.2878196403476504,True,0.42171686131136304,0.0,0.0,1.1261320938625452,final_test_2024_2026,frozen_step_1_v1,2026-07-22
2026-06-10,90.02999877929688,93.0999984741211,1.0108696058615176,-0.015383546687369964,-0.33535575614976637,True,0.433882278991465,0.0,-0.0,1.1261320938625452,final_test_2024_2026,frozen_step_1_v1,2026-07-22
2026-06-11,87.70999908447266,90.37999725341797,1.0106839743907845,-0.01781341899075617,-0.4280845410737043,True,0.4483516450172391,0.0,-0.0,1.1261320938625452,final_test_2024_2026,frozen_step_1_v1,2026-07-22
2026-06-12,84.87999725341797,87.33000183105469,1.010498620950377,-0.018171273716818703,-0.4008225839823537,True,0.46320178563988545,0.0,-0.0,1.1261320938625452,final_test_2024_2026,frozen_step_1_v1,2026-07-22
2026-06-15,80.75,83.16999816894531,1.010345467408776,-0.01590192891518072,-0.17143182285225025,True,0.47901538831701246,0.0,0.0,1.1261320938625452,final_test_2024_2026,frozen_step_1_v1,2026-07-22
2026-06-16,76.05000305175781,78.95999908447266,1.0102790479700343,-0.006972251773936122,0.5382031645381559,True,0.4947083770641402,0.0,0.0,1.1261320938625452,final_test_2024_2026,frozen_step_1_v1,2026-07-22
2026-06-17,76.79000091552734,79.55000305175781,1.0101768473419666,-0.008867093946180127,0.424814094767899,True,0.5023201448430793,0.0,-0.0,1.1261320938625452,final_test_2024_2026,frozen_step_1_v1,2026-07-22
2026-06-18,76.5999984741211,79.8499984741211,1.0101481005212065,-0.002475720328435571,0.9883489413815013,True,0.5189399124031888,0.0,0.0,1.1261320938625452,final_test_2024_2026,frozen_step_1_v1,2026-07-22
2026-06-22,74.81999969482422,77.9000015258789,1.0101135755614208,-0.0033001928522375934,0.9065820056528653,True,0.5312894724581737,0.0,-0.0,1.1261320938625452,final_test_2024_2026,frozen_step_1_v1,2026-07-22
2026-06-23,73.20999908447266,77.08000183105469,1.0101990582005969,0.007723913092124057,1.750047414389962,True,0.5491911496722385,0.0,0.0,1.1261320938625452,final_test_2024_2026,frozen_step_1_v1,2026-07-22
2026-06-24,70.33999633789062,73.73999786376953,1.0102341825744974,0.0036753248574763475,1.3235938210297507,True,0.5499182843598424,0.0,-0.0,1.1261320938625452,final_test_2024_2026,frozen_step_1_v1,2026-07-22
2026-06-25,71.91999816894531,75.26000213623047,1.010250863363724,0.001566325249450884,1.1084776889507355,True,0.5654659613828672,0.0,-0.0,1.1261320938625452,final_test_2024_2026,frozen_step_1_v1,2026-07-22
2026-06-26,69.2300033569336,71.98999786376953,1.0102105960496874,-0.0041738827375690235,0.6279677305552941,True,0.5836704229334208,0.0,-0.0,1.1261320938625452,final_test_2024_2026,frozen_step_1_v1,2026-07-22
2026-06-29,70.75,73.1500015258789,1.0101046075991658,-0.009677453284185233,0.1830301226768673,True,0.5969863641774545,0.0,-0.0,1.1261320938625452,final_test_2024_2026,frozen_step_1_v1,2026-07-22
2026-06-30,69.5,72.91999816894531,1.0101614747284728,0.004938037517812965,1.2362177244720838,True,0.6111231808234323,0.0,0.0,1.1261320938625452,final_test_2024_2026,frozen_step_1_v1,2026-07-22
2026-07-01,68.58000183105469,71.56999969482422,1.0101585468125824,-0.0002753320631532219,0.7715564766769868,True,0.5896193480683505,0.0,-0.0,1.1261320938625452,final_test_2024_2026,frozen_step_1_v1,2026-07-22
2026-07-02,68.69000244140625,71.80000305175781,1.0101728117944344,0.0012538927530325594,0.8361310655218324,True,0.6038781389643648,0.0,0.0,1.1261320938625452,final_test_2024_2026,frozen_step_1_v1,2026-07-22
2026-07-06,68.55000305175781,71.98999786376953,1.0102371043009741,0.005685732298155166,1.1306284543958234,True,0.6239306513249595,0.0,0.0,1.1261320938625452,final_test_2024_2026,frozen_step_1_v1,2026-07-22
2026-07-07,70.44000244140625,74.16000366210938,1.0103132749866721,0.007583128873261735,1.2865106610034303,True,0.640826676942143,0.0,0.0,1.1261320938625452,final_test_2024_2026,frozen_step_1_v1,2026-07-22
2026-07-08,73.5199966430664,78.0199966430664,1.0104496146722681,0.014499909464253058,1.7955279560761959,True,0.661828978726422,0.0,0.0,1.1261320938625452,final_test_2024_2026,frozen_step_1_v1,2026-07-22
2026-07-09,72.08000183105469,76.30000305175781,1.0105741896069667,0.011662318310165176,1.5256617566834485,True,0.6725493131366973,0.0,-0.0,1.1261320938625452,final_test_2024_2026,frozen_step_1_v1,2026-07-22
2026-07-10,71.41000366210938,76.01000213623047,1.0107643687734404,0.016479931477002552,1.799832857064329,True,0.6923145835864343,0.0,0.0,1.1261320938625452,final_test_2024_2026,frozen_step_1_v1,2026-07-22
2026-07-13,78.13999938964844,83.30000305175781,1.0109009697700688,0.016434604555962018,1.6858105826470775,True,0.7091748505261325,0.0,0.0,1.1261320938625452,final_test_2024_2026,frozen_step_1_v1,2026-07-22
2026-07-14,79.33999633789062,84.7300033569336,1.0110976111064085,0.01718930901054261,1.6111229321212743,True,0.733029855821416,0.0,0.0,1.1261320938625452,final_test_2024_2026,frozen_step_1_v1,2026-07-22
2026-07-15,79.5999984741211,84.94999694824219,1.011287373095924,0.01564374761702325,1.3954106845107728,True,0.7576836495920692,0.0,-0.0,1.1261320938625452,final_test_2024_2026,frozen_step_1_v1,2026-07-22
2026-07-16,78.94999694824219,84.2300033569336,1.0114580460770508,0.014678409976146334,1.2457702233696146,True,0.7819508152937462,0.0,-0.0,1.1261320938625452,final_test_2024_2026,frozen_step_1_v1,2026-07-22
2026-07-17,82.48999786376953,88.0999984741211,1.011603919754336,0.014591117279972643,1.1814189042797472,True,0.8077135167737488,0.0,0.0,1.1261320938625452,final_test_2024_2026,frozen_step_1_v1,2026-07-22
2026-07-20,83.2300033569336,89.22000122070312,1.0118039958404677,0.017304702029989016,1.3480316489073858,True,0.8349350056456909,0.0,0.0,1.1261320938625452,final_test_2024_2026,frozen_step_1_v1,2026-07-22
2026-07-21,84.91000366210938,91.01000213623047,1.0119842894152162,0.016148175945838616,1.221329657071366,True,0.8595063524961957,0.0,-0.0,1.1261320938625452,final_test_2024_2026,frozen_step_1_v1,2026-07-22
2026-07-22,86.83000183105469,94.06999969482422,1.012252947952342,0.025390403547787876,1.912882191022929,True,0.8873660914997992,-0.8873660914997992,-0.0004436830457498996,1.1256325589709992,final_test_2024_2026,frozen_step_1_v1,2026-07-22
